ID,Nombre,Email,Empresa,Cargo,Pais,Lead_Score,Pareto_Tier,Potencial_Ingresos_USD,Correos_Enviados,Estado_Outreach,Documento
"lead_002","Roberto Morales","roberto.morales2@vertextrading.de","Morales Enterprise (Colombia)","General Counsel & Director Legal","Colombia",86,"TOP_20_PARETO (80% Ingresos)",590,0,"NUEVO_SIN_CORREO","SLA_Infraestructura_Servidores.pdf"
"lead_005","Sofia Garcia","sofia.garcia5@nordiclogistics.se","Garcia Enterprise (Guatemala)","CFO & VP of Finance","Guatemala",86,"TOP_20_PARETO (80% Ingresos)",590,0,"NUEVO_SIN_CORREO","Factura_Mantenimiento_Maquinaria.pdf"
"lead_017","Charlotte Lopez","charlotte.lopez17@helsinkisystems.fi","Lopez Enterprise (Chile)","General Counsel & Director Legal","Chile",86,"TOP_20_PARETO (80% Ingresos)",590,0,"NUEVO_SIN_CORREO","Factura_Mantenimiento_Maquinaria.pdf"
"lead_035","Sofia Garcia","sofia.garcia35@navarrotrade.cl","Garcia Enterprise (Espana)","CFO & VP of Finance","Espana",86,"TOP_20_PARETO (80% Ingresos)",590,0,"NUEVO_SIN_CORREO","Factura_Mantenimiento_Maquinaria.pdf"
"lead_047","Charlotte Lopez","charlotte.lopez47@silvaparami.ar","Lopez Enterprise (Guatemala)","General Counsel & Director Legal","Guatemala",86,"TOP_20_PARETO (80% Ingresos)",590,0,"NUEVO_SIN_CORREO","Factura_Mantenimiento_Maquinaria.pdf"
"lead_050","Oliver Mendoza","oliver.mendoza50@techconsulting.io","Mendoza Enterprise (Estados Unidos)","CFO & VP of Finance","Estados Unidos",86,"TOP_20_PARETO (80% Ingresos)",590,0,"NUEVO_SIN_CORREO","SLA_Infraestructura_Servidores.pdf"
"lead_062","Roberto Morales","roberto.morales62@vertextrading.de","Morales Enterprise (Costa Rica)","General Counsel & Director Legal","Costa Rica",86,"TOP_20_PARETO (80% Ingresos)",590,0,"NUEVO_SIN_CORREO","SLA_Infraestructura_Servidores.pdf"
"lead_065","Sofia Garcia","sofia.garcia65@nordiclogistics.se","Garcia Enterprise (Inglaterra)","CFO & VP of Finance","Inglaterra",86,"TOP_20_PARETO (80% Ingresos)",590,0,"NUEVO_SIN_CORREO","Factura_Mantenimiento_Maquinaria.pdf"
"lead_077","Charlotte Lopez","charlotte.lopez77@helsinkisystems.fi","Lopez Enterprise (Espana)","General Counsel & Director Legal","Espana",86,"TOP_20_PARETO (80% Ingresos)",590,0,"NUEVO_SIN_CORREO","Factura_Mantenimiento_Maquinaria.pdf"
"lead_095","Sofia Garcia","sofia.garcia95@navarrotrade.cl","Garcia Enterprise (Alemania)","CFO & VP of Finance","Alemania",86,"TOP_20_PARETO (80% Ingresos)",590,0,"NUEVO_SIN_CORREO","Factura_Mantenimiento_Maquinaria.pdf"
"lead_107","Charlotte Lopez","charlotte.lopez107@silvaparami.ar","Lopez Enterprise (Inglaterra)","General Counsel & Director Legal","Inglaterra",86,"TOP_20_PARETO (80% Ingresos)",590,0,"NUEVO_SIN_CORREO","Factura_Mantenimiento_Maquinaria.pdf"
"lead_110","Oliver Mendoza","oliver.mendoza110@techconsulting.io","Mendoza Enterprise (Francia)","CFO & VP of Finance","Francia",86,"TOP_20_PARETO (80% Ingresos)",590,0,"NUEVO_SIN_CORREO","SLA_Infraestructura_Servidores.pdf"
"lead_122","Roberto Morales","roberto.morales122@vertextrading.de","Morales Enterprise (Suiza)","General Counsel & Director Legal","Suiza",86,"TOP_20_PARETO (80% Ingresos)",590,0,"NUEVO_SIN_CORREO","SLA_Infraestructura_Servidores.pdf"
"lead_125","Sofia Garcia","sofia.garcia125@nordiclogistics.se","Garcia Enterprise (Luxemburgo)","CFO & VP of Finance","Luxemburgo",86,"TOP_20_PARETO (80% Ingresos)",590,0,"NUEVO_SIN_CORREO","Factura_Mantenimiento_Maquinaria.pdf"
"lead_137","Charlotte Lopez","charlotte.lopez137@helsinkisystems.fi","Lopez Enterprise (Alemania)","General Counsel & Director Legal","Alemania",86,"TOP_20_PARETO (80% Ingresos)",590,0,"NUEVO_SIN_CORREO","Factura_Mantenimiento_Maquinaria.pdf"
"lead_155","Sofia Garcia","sofia.garcia155@navarrotrade.cl","Garcia Enterprise (Mexico)","CFO & VP of Finance","Mexico",86,"TOP_20_PARETO (80% Ingresos)",590,0,"NUEVO_SIN_CORREO","Factura_Mantenimiento_Maquinaria.pdf"
"lead_167","Charlotte Lopez","charlotte.lopez167@silvaparami.ar","Lopez Enterprise (Luxemburgo)","General Counsel & Director Legal","Luxemburgo",86,"TOP_20_PARETO (80% Ingresos)",590,0,"NUEVO_SIN_CORREO","Factura_Mantenimiento_Maquinaria.pdf"
"lead_170","Oliver Mendoza","oliver.mendoza170@techconsulting.io","Mendoza Enterprise (Colombia)","CFO & VP of Finance","Colombia",86,"TOP_20_PARETO (80% Ingresos)",590,0,"NUEVO_SIN_CORREO","SLA_Infraestructura_Servidores.pdf"
"lead_182","Roberto Morales","roberto.morales182@vertextrading.de","Morales Enterprise (El Salvador)","General Counsel & Director Legal","El Salvador",86,"TOP_20_PARETO (80% Ingresos)",590,0,"NUEVO_SIN_CORREO","SLA_Infraestructura_Servidores.pdf"
"lead_185","Sofia Garcia","sofia.garcia185@nordiclogistics.se","Garcia Enterprise (Chile)","CFO & VP of Finance","Chile",86,"TOP_20_PARETO (80% Ingresos)",590,0,"NUEVO_SIN_CORREO","Factura_Mantenimiento_Maquinaria.pdf"
"lead_197","Charlotte Lopez","charlotte.lopez197@helsinkisystems.fi","Lopez Enterprise (Mexico)","General Counsel & Director Legal","Mexico",86,"TOP_20_PARETO (80% Ingresos)",590,0,"NUEVO_SIN_CORREO","Factura_Mantenimiento_Maquinaria.pdf"
"lead_215","Sofia Garcia","sofia.garcia215@navarrotrade.cl","Garcia Enterprise (Guatemala)","CFO & VP of Finance","Guatemala",86,"TOP_20_PARETO (80% Ingresos)",590,0,"NUEVO_SIN_CORREO","Factura_Mantenimiento_Maquinaria.pdf"
"lead_227","Charlotte Lopez","charlotte.lopez227@silvaparami.ar","Lopez Enterprise (Chile)","General Counsel & Director Legal","Chile",86,"TOP_20_PARETO (80% Ingresos)",590,0,"NUEVO_SIN_CORREO","Factura_Mantenimiento_Maquinaria.pdf"
"lead_230","Oliver Mendoza","oliver.mendoza230@techconsulting.io","Mendoza Enterprise (Costa Rica)","CFO & VP of Finance","Costa Rica",86,"TOP_20_PARETO (80% Ingresos)",590,0,"NUEVO_SIN_CORREO","SLA_Infraestructura_Servidores.pdf"
"lead_242","Roberto Morales","roberto.morales242@vertextrading.de","Morales Enterprise (Peru)","General Counsel & Director Legal","Peru",86,"TOP_20_PARETO (80% Ingresos)",590,0,"NUEVO_SIN_CORREO","SLA_Infraestructura_Servidores.pdf"
"lead_245","Sofia Garcia","sofia.garcia245@nordiclogistics.se","Garcia Enterprise (Espana)","CFO & VP of Finance","Espana",86,"TOP_20_PARETO (80% Ingresos)",590,0,"NUEVO_SIN_CORREO","Factura_Mantenimiento_Maquinaria.pdf"
"lead_257","Charlotte Lopez","charlotte.lopez257@helsinkisystems.fi","Lopez Enterprise (Guatemala)","General Counsel & Director Legal","Guatemala",86,"TOP_20_PARETO (80% Ingresos)",590,0,"NUEVO_SIN_CORREO","Factura_Mantenimiento_Maquinaria.pdf"
"lead_275","Sofia Garcia","sofia.garcia275@navarrotrade.cl","Garcia Enterprise (Inglaterra)","CFO & VP of Finance","Inglaterra",86,"TOP_20_PARETO (80% Ingresos)",590,0,"NUEVO_SIN_CORREO","Factura_Mantenimiento_Maquinaria.pdf"
"lead_287","Charlotte Lopez","charlotte.lopez287@silvaparami.ar","Lopez Enterprise (Espana)","General Counsel & Director Legal","Espana",86,"TOP_20_PARETO (80% Ingresos)",590,0,"NUEVO_SIN_CORREO","Factura_Mantenimiento_Maquinaria.pdf"
"lead_290","Oliver Mendoza","oliver.mendoza290@techconsulting.io","Mendoza Enterprise (Suiza)","CFO & VP of Finance","Suiza",86,"TOP_20_PARETO (80% Ingresos)",590,0,"NUEVO_SIN_CORREO","SLA_Infraestructura_Servidores.pdf"
"lead_302","Roberto Morales","roberto.morales302@vertextrading.de","Morales Enterprise (Estados Unidos)","General Counsel & Director Legal","Estados Unidos",86,"TOP_20_PARETO (80% Ingresos)",590,0,"NUEVO_SIN_CORREO","SLA_Infraestructura_Servidores.pdf"
"lead_305","Sofia Garcia","sofia.garcia305@nordiclogistics.se","Garcia Enterprise (Alemania)","CFO & VP of Finance","Alemania",86,"TOP_20_PARETO (80% Ingresos)",590,0,"NUEVO_SIN_CORREO","Factura_Mantenimiento_Maquinaria.pdf"
"lead_317","Charlotte Lopez","charlotte.lopez317@helsinkisystems.fi","Lopez Enterprise (Inglaterra)","General Counsel & Director Legal","Inglaterra",86,"TOP_20_PARETO (80% Ingresos)",590,0,"NUEVO_SIN_CORREO","Factura_Mantenimiento_Maquinaria.pdf"
"lead_335","Sofia Garcia","sofia.garcia335@navarrotrade.cl","Garcia Enterprise (Luxemburgo)","CFO & VP of Finance","Luxemburgo",86,"TOP_20_PARETO (80% Ingresos)",590,0,"NUEVO_SIN_CORREO","Factura_Mantenimiento_Maquinaria.pdf"
"lead_347","Charlotte Lopez","charlotte.lopez347@silvaparami.ar","Lopez Enterprise (Alemania)","General Counsel & Director Legal","Alemania",86,"TOP_20_PARETO (80% Ingresos)",590,0,"NUEVO_SIN_CORREO","Factura_Mantenimiento_Maquinaria.pdf"
"lead_350","Oliver Mendoza","oliver.mendoza350@techconsulting.io","Mendoza Enterprise (El Salvador)","CFO & VP of Finance","El Salvador",86,"TOP_20_PARETO (80% Ingresos)",590,0,"NUEVO_SIN_CORREO","SLA_Infraestructura_Servidores.pdf"
"lead_362","Roberto Morales","roberto.morales362@vertextrading.de","Morales Enterprise (Francia)","General Counsel & Director Legal","Francia",86,"TOP_20_PARETO (80% Ingresos)",590,0,"NUEVO_SIN_CORREO","SLA_Infraestructura_Servidores.pdf"
"lead_365","Sofia Garcia","sofia.garcia365@nordiclogistics.se","Garcia Enterprise (Mexico)","CFO & VP of Finance","Mexico",86,"TOP_20_PARETO (80% Ingresos)",590,0,"NUEVO_SIN_CORREO","Factura_Mantenimiento_Maquinaria.pdf"
"lead_377","Charlotte Lopez","charlotte.lopez377@helsinkisystems.fi","Lopez Enterprise (Luxemburgo)","General Counsel & Director Legal","Luxemburgo",86,"TOP_20_PARETO (80% Ingresos)",590,0,"NUEVO_SIN_CORREO","Factura_Mantenimiento_Maquinaria.pdf"
"lead_395","Sofia Garcia","sofia.garcia395@navarrotrade.cl","Garcia Enterprise (Chile)","CFO & VP of Finance","Chile",86,"TOP_20_PARETO (80% Ingresos)",590,0,"NUEVO_SIN_CORREO","Factura_Mantenimiento_Maquinaria.pdf"
"lead_407","Charlotte Lopez","charlotte.lopez407@silvaparami.ar","Lopez Enterprise (Mexico)","General Counsel & Director Legal","Mexico",86,"TOP_20_PARETO (80% Ingresos)",590,0,"NUEVO_SIN_CORREO","Factura_Mantenimiento_Maquinaria.pdf"
"lead_410","Oliver Mendoza","oliver.mendoza410@techconsulting.io","Mendoza Enterprise (Peru)","CFO & VP of Finance","Peru",86,"TOP_20_PARETO (80% Ingresos)",590,0,"NUEVO_SIN_CORREO","SLA_Infraestructura_Servidores.pdf"
"lead_422","Roberto Morales","roberto.morales422@vertextrading.de","Morales Enterprise (Colombia)","General Counsel & Director Legal","Colombia",86,"TOP_20_PARETO (80% Ingresos)",590,0,"NUEVO_SIN_CORREO","SLA_Infraestructura_Servidores.pdf"
"lead_425","Sofia Garcia","sofia.garcia425@nordiclogistics.se","Garcia Enterprise (Guatemala)","CFO & VP of Finance","Guatemala",86,"TOP_20_PARETO (80% Ingresos)",590,0,"NUEVO_SIN_CORREO","Factura_Mantenimiento_Maquinaria.pdf"
"lead_437","Charlotte Lopez","charlotte.lopez437@helsinkisystems.fi","Lopez Enterprise (Chile)","General Counsel & Director Legal","Chile",86,"TOP_20_PARETO (80% Ingresos)",590,0,"NUEVO_SIN_CORREO","Factura_Mantenimiento_Maquinaria.pdf"
"lead_455","Sofia Garcia","sofia.garcia455@navarrotrade.cl","Garcia Enterprise (Espana)","CFO & VP of Finance","Espana",86,"TOP_20_PARETO (80% Ingresos)",590,0,"NUEVO_SIN_CORREO","Factura_Mantenimiento_Maquinaria.pdf"
"lead_467","Charlotte Lopez","charlotte.lopez467@silvaparami.ar","Lopez Enterprise (Guatemala)","General Counsel & Director Legal","Guatemala",86,"TOP_20_PARETO (80% Ingresos)",590,0,"NUEVO_SIN_CORREO","Factura_Mantenimiento_Maquinaria.pdf"
"lead_470","Oliver Mendoza","oliver.mendoza470@techconsulting.io","Mendoza Enterprise (Estados Unidos)","CFO & VP of Finance","Estados Unidos",86,"TOP_20_PARETO (80% Ingresos)",590,0,"NUEVO_SIN_CORREO","SLA_Infraestructura_Servidores.pdf"
"lead_482","Roberto Morales","roberto.morales482@vertextrading.de","Morales Enterprise (Costa Rica)","General Counsel & Director Legal","Costa Rica",86,"TOP_20_PARETO (80% Ingresos)",590,0,"NUEVO_SIN_CORREO","SLA_Infraestructura_Servidores.pdf"
"lead_485","Sofia Garcia","sofia.garcia485@nordiclogistics.se","Garcia Enterprise (Inglaterra)","CFO & VP of Finance","Inglaterra",86,"TOP_20_PARETO (80% Ingresos)",590,0,"NUEVO_SIN_CORREO","Factura_Mantenimiento_Maquinaria.pdf"
"lead_497","Charlotte Lopez","charlotte.lopez497@helsinkisystems.fi","Lopez Enterprise (Espana)","General Counsel & Director Legal","Espana",86,"TOP_20_PARETO (80% Ingresos)",590,0,"NUEVO_SIN_CORREO","Factura_Mantenimiento_Maquinaria.pdf"
"lead_020","Oliver Mendoza","oliver.mendoza20@mendozalaw.com","Mendoza Enterprise (Costa Rica)","CFO & VP of Finance","Costa Rica",86,"TOP_20_PARETO (80% Ingresos)",590,3,"CONTACTADO (3 envios)","SLA_Infraestructura_Servidores.pdf"
"lead_032","Roberto Morales","roberto.morales32@castillocorp.mx","Morales Enterprise (Peru)","General Counsel & Director Legal","Peru",86,"TOP_20_PARETO (80% Ingresos)",590,3,"CONTACTADO (3 envios)","SLA_Infraestructura_Servidores.pdf"
"lead_080","Oliver Mendoza","oliver.mendoza80@mendozalaw.com","Mendoza Enterprise (Suiza)","CFO & VP of Finance","Suiza",86,"TOP_20_PARETO (80% Ingresos)",590,3,"CONTACTADO (3 envios)","SLA_Infraestructura_Servidores.pdf"
"lead_092","Roberto Morales","roberto.morales92@castillocorp.mx","Morales Enterprise (Estados Unidos)","General Counsel & Director Legal","Estados Unidos",86,"TOP_20_PARETO (80% Ingresos)",590,3,"CONTACTADO (3 envios)","SLA_Infraestructura_Servidores.pdf"
"lead_140","Oliver Mendoza","oliver.mendoza140@mendozalaw.com","Mendoza Enterprise (El Salvador)","CFO & VP of Finance","El Salvador",86,"TOP_20_PARETO (80% Ingresos)",590,3,"CONTACTADO (3 envios)","SLA_Infraestructura_Servidores.pdf"
"lead_152","Roberto Morales","roberto.morales152@castillocorp.mx","Morales Enterprise (Francia)","General Counsel & Director Legal","Francia",86,"TOP_20_PARETO (80% Ingresos)",590,3,"CONTACTADO (3 envios)","SLA_Infraestructura_Servidores.pdf"
"lead_200","Oliver Mendoza","oliver.mendoza200@mendozalaw.com","Mendoza Enterprise (Peru)","CFO & VP of Finance","Peru",86,"TOP_20_PARETO (80% Ingresos)",590,3,"CONTACTADO (3 envios)","SLA_Infraestructura_Servidores.pdf"
"lead_212","Roberto Morales","roberto.morales212@castillocorp.mx","Morales Enterprise (Colombia)","General Counsel & Director Legal","Colombia",86,"TOP_20_PARETO (80% Ingresos)",590,3,"CONTACTADO (3 envios)","SLA_Infraestructura_Servidores.pdf"
"lead_260","Oliver Mendoza","oliver.mendoza260@mendozalaw.com","Mendoza Enterprise (Estados Unidos)","CFO & VP of Finance","Estados Unidos",86,"TOP_20_PARETO (80% Ingresos)",590,3,"CONTACTADO (3 envios)","SLA_Infraestructura_Servidores.pdf"
"lead_272","Roberto Morales","roberto.morales272@castillocorp.mx","Morales Enterprise (Costa Rica)","General Counsel & Director Legal","Costa Rica",86,"TOP_20_PARETO (80% Ingresos)",590,3,"CONTACTADO (3 envios)","SLA_Infraestructura_Servidores.pdf"
"lead_320","Oliver Mendoza","oliver.mendoza320@mendozalaw.com","Mendoza Enterprise (Francia)","CFO & VP of Finance","Francia",86,"TOP_20_PARETO (80% Ingresos)",590,3,"CONTACTADO (3 envios)","SLA_Infraestructura_Servidores.pdf"
"lead_332","Roberto Morales","roberto.morales332@castillocorp.mx","Morales Enterprise (Suiza)","General Counsel & Director Legal","Suiza",86,"TOP_20_PARETO (80% Ingresos)",590,3,"CONTACTADO (3 envios)","SLA_Infraestructura_Servidores.pdf"
"lead_380","Oliver Mendoza","oliver.mendoza380@mendozalaw.com","Mendoza Enterprise (Colombia)","CFO & VP of Finance","Colombia",86,"TOP_20_PARETO (80% Ingresos)",590,3,"CONTACTADO (3 envios)","SLA_Infraestructura_Servidores.pdf"
"lead_392","Roberto Morales","roberto.morales392@castillocorp.mx","Morales Enterprise (El Salvador)","General Counsel & Director Legal","El Salvador",86,"TOP_20_PARETO (80% Ingresos)",590,3,"CONTACTADO (3 envios)","SLA_Infraestructura_Servidores.pdf"
"lead_440","Oliver Mendoza","oliver.mendoza440@mendozalaw.com","Mendoza Enterprise (Costa Rica)","CFO & VP of Finance","Costa Rica",86,"TOP_20_PARETO (80% Ingresos)",590,3,"CONTACTADO (3 envios)","SLA_Infraestructura_Servidores.pdf"
"lead_452","Roberto Morales","roberto.morales452@castillocorp.mx","Morales Enterprise (Peru)","General Counsel & Director Legal","Peru",86,"TOP_20_PARETO (80% Ingresos)",590,3,"CONTACTADO (3 envios)","SLA_Infraestructura_Servidores.pdf"
"lead_500","Oliver Mendoza","oliver.mendoza500@mendozalaw.com","Mendoza Enterprise (Suiza)","CFO & VP of Finance","Suiza",86,"TOP_20_PARETO (80% Ingresos)",590,3,"CONTACTADO (3 envios)","SLA_Infraestructura_Servidores.pdf"
"lead_011","Camila Silva","camila.silva11@cloudscale.fr","Silva Enterprise (Alemania)","Director de Compras & Procurement","Alemania",86,"ESTANDAR_80 (20% Ingresos)",69,0,"NUEVO_SIN_CORREO","Factura_Mantenimiento_Maquinaria.pdf"
"lead_014","Gabriel Williams","gabriel.williams14@beneluxventures.lu","Williams Enterprise (El Salvador)","Property Manager & Real Estate Lead","El Salvador",86,"ESTANDAR_80 (20% Ingresos)",69,0,"NUEVO_SIN_CORREO","SLA_Infraestructura_Servidores.pdf"
"lead_023","Sophia Rios","sophia.rios23@constructora.sv","Rios Enterprise (Inglaterra)","Financial Controller & Auditor","Inglaterra",86,"ESTANDAR_80 (20% Ingresos)",69,0,"NUEVO_SIN_CORREO","Factura_Mantenimiento_Maquinaria.pdf"
"lead_026","Henry Rodriguez","henry.rodriguez26@gomezlogistics.com","Rodriguez Enterprise (Francia)","Director de Compras & Procurement","Francia",86,"ESTANDAR_80 (20% Ingresos)",69,0,"NUEVO_SIN_CORREO","SLA_Infraestructura_Servidores.pdf"
"lead_029","Harper Moore","harper.moore29@vargasretail.co","Moore Enterprise (Mexico)","Property Manager & Real Estate Lead","Mexico",86,"ESTANDAR_80 (20% Ingresos)",69,0,"NUEVO_SIN_CORREO","Factura_Mantenimiento_Maquinaria.pdf"
"lead_038","Alejandro Anderson","alejandro.anderson38@riosbanking.pe","Anderson Enterprise (Suiza)","Financial Controller & Auditor","Suiza",86,"ESTANDAR_80 (20% Ingresos)",69,0,"NUEVO_SIN_CORREO","SLA_Infraestructura_Servidores.pdf"
"lead_041","Camila Silva","camila.silva41@peraltabuilders.gt","Silva Enterprise (Luxemburgo)","Director de Compras & Procurement","Luxemburgo",86,"ESTANDAR_80 (20% Ingresos)",69,0,"NUEVO_SIN_CORREO","Factura_Mantenimiento_Maquinaria.pdf"
"lead_053","Sophia Rios","sophia.rios53@innovatech.es","Rios Enterprise (Alemania)","Financial Controller & Auditor","Alemania",86,"ESTANDAR_80 (20% Ingresos)",69,0,"NUEVO_SIN_CORREO","Factura_Mantenimiento_Maquinaria.pdf"
"lead_059","Harper Moore","harper.moore59@apexglobal.co.uk","Moore Enterprise (Chile)","Property Manager & Real Estate Lead","Chile",86,"ESTANDAR_80 (20% Ingresos)",69,0,"NUEVO_SIN_CORREO","Factura_Mantenimiento_Maquinaria.pdf"
"lead_071","Camila Silva","camila.silva71@cloudscale.fr","Silva Enterprise (Mexico)","Director de Compras & Procurement","Mexico",86,"ESTANDAR_80 (20% Ingresos)",69,0,"NUEVO_SIN_CORREO","Factura_Mantenimiento_Maquinaria.pdf"
"lead_074","Gabriel Williams","gabriel.williams74@beneluxventures.lu","Williams Enterprise (Peru)","Property Manager & Real Estate Lead","Peru",86,"ESTANDAR_80 (20% Ingresos)",69,0,"NUEVO_SIN_CORREO","SLA_Infraestructura_Servidores.pdf"
"lead_083","Sophia Rios","sophia.rios83@constructora.sv","Rios Enterprise (Luxemburgo)","Financial Controller & Auditor","Luxemburgo",86,"ESTANDAR_80 (20% Ingresos)",69,0,"NUEVO_SIN_CORREO","Factura_Mantenimiento_Maquinaria.pdf"
"lead_086","Henry Rodriguez","henry.rodriguez86@gomezlogistics.com","Rodriguez Enterprise (Colombia)","Director de Compras & Procurement","Colombia",86,"ESTANDAR_80 (20% Ingresos)",69,0,"NUEVO_SIN_CORREO","SLA_Infraestructura_Servidores.pdf"
"lead_089","Harper Moore","harper.moore89@vargasretail.co","Moore Enterprise (Guatemala)","Property Manager & Real Estate Lead","Guatemala",86,"ESTANDAR_80 (20% Ingresos)",69,0,"NUEVO_SIN_CORREO","Factura_Mantenimiento_Maquinaria.pdf"
"lead_098","Alejandro Anderson","alejandro.anderson98@riosbanking.pe","Anderson Enterprise (El Salvador)","Financial Controller & Auditor","El Salvador",86,"ESTANDAR_80 (20% Ingresos)",69,0,"NUEVO_SIN_CORREO","SLA_Infraestructura_Servidores.pdf"
"lead_101","Camila Silva","camila.silva101@peraltabuilders.gt","Silva Enterprise (Chile)","Director de Compras & Procurement","Chile",86,"ESTANDAR_80 (20% Ingresos)",69,0,"NUEVO_SIN_CORREO","Factura_Mantenimiento_Maquinaria.pdf"
"lead_113","Sophia Rios","sophia.rios113@innovatech.es","Rios Enterprise (Mexico)","Financial Controller & Auditor","Mexico",86,"ESTANDAR_80 (20% Ingresos)",69,0,"NUEVO_SIN_CORREO","Factura_Mantenimiento_Maquinaria.pdf"
"lead_119","Harper Moore","harper.moore119@apexglobal.co.uk","Moore Enterprise (Espana)","Property Manager & Real Estate Lead","Espana",86,"ESTANDAR_80 (20% Ingresos)",69,0,"NUEVO_SIN_CORREO","Factura_Mantenimiento_Maquinaria.pdf"
"lead_131","Camila Silva","camila.silva131@cloudscale.fr","Silva Enterprise (Guatemala)","Director de Compras & Procurement","Guatemala",86,"ESTANDAR_80 (20% Ingresos)",69,0,"NUEVO_SIN_CORREO","Factura_Mantenimiento_Maquinaria.pdf"
"lead_134","Gabriel Williams","gabriel.williams134@beneluxventures.lu","Williams Enterprise (Estados Unidos)","Property Manager & Real Estate Lead","Estados Unidos",86,"ESTANDAR_80 (20% Ingresos)",69,0,"NUEVO_SIN_CORREO","SLA_Infraestructura_Servidores.pdf"
"lead_143","Sophia Rios","sophia.rios143@constructora.sv","Rios Enterprise (Chile)","Financial Controller & Auditor","Chile",86,"ESTANDAR_80 (20% Ingresos)",69,0,"NUEVO_SIN_CORREO","Factura_Mantenimiento_Maquinaria.pdf"
"lead_146","Henry Rodriguez","henry.rodriguez146@gomezlogistics.com","Rodriguez Enterprise (Costa Rica)","Director de Compras & Procurement","Costa Rica",86,"ESTANDAR_80 (20% Ingresos)",69,0,"NUEVO_SIN_CORREO","SLA_Infraestructura_Servidores.pdf"
"lead_149","Harper Moore","harper.moore149@vargasretail.co","Moore Enterprise (Inglaterra)","Property Manager & Real Estate Lead","Inglaterra",86,"ESTANDAR_80 (20% Ingresos)",69,0,"NUEVO_SIN_CORREO","Factura_Mantenimiento_Maquinaria.pdf"
"lead_158","Alejandro Anderson","alejandro.anderson158@riosbanking.pe","Anderson Enterprise (Peru)","Financial Controller & Auditor","Peru",86,"ESTANDAR_80 (20% Ingresos)",69,0,"NUEVO_SIN_CORREO","SLA_Infraestructura_Servidores.pdf"
"lead_161","Camila Silva","camila.silva161@peraltabuilders.gt","Silva Enterprise (Espana)","Director de Compras & Procurement","Espana",86,"ESTANDAR_80 (20% Ingresos)",69,0,"NUEVO_SIN_CORREO","Factura_Mantenimiento_Maquinaria.pdf"
"lead_173","Sophia Rios","sophia.rios173@innovatech.es","Rios Enterprise (Guatemala)","Financial Controller & Auditor","Guatemala",86,"ESTANDAR_80 (20% Ingresos)",69,0,"NUEVO_SIN_CORREO","Factura_Mantenimiento_Maquinaria.pdf"
"lead_179","Harper Moore","harper.moore179@apexglobal.co.uk","Moore Enterprise (Alemania)","Property Manager & Real Estate Lead","Alemania",86,"ESTANDAR_80 (20% Ingresos)",69,0,"NUEVO_SIN_CORREO","Factura_Mantenimiento_Maquinaria.pdf"
"lead_191","Camila Silva","camila.silva191@cloudscale.fr","Silva Enterprise (Inglaterra)","Director de Compras & Procurement","Inglaterra",86,"ESTANDAR_80 (20% Ingresos)",69,0,"NUEVO_SIN_CORREO","Factura_Mantenimiento_Maquinaria.pdf"
"lead_194","Gabriel Williams","gabriel.williams194@beneluxventures.lu","Williams Enterprise (Francia)","Property Manager & Real Estate Lead","Francia",86,"ESTANDAR_80 (20% Ingresos)",69,0,"NUEVO_SIN_CORREO","SLA_Infraestructura_Servidores.pdf"
"lead_203","Sophia Rios","sophia.rios203@constructora.sv","Rios Enterprise (Espana)","Financial Controller & Auditor","Espana",86,"ESTANDAR_80 (20% Ingresos)",69,0,"NUEVO_SIN_CORREO","Factura_Mantenimiento_Maquinaria.pdf"
"lead_206","Henry Rodriguez","henry.rodriguez206@gomezlogistics.com","Rodriguez Enterprise (Suiza)","Director de Compras & Procurement","Suiza",86,"ESTANDAR_80 (20% Ingresos)",69,0,"NUEVO_SIN_CORREO","SLA_Infraestructura_Servidores.pdf"
"lead_209","Harper Moore","harper.moore209@vargasretail.co","Moore Enterprise (Luxemburgo)","Property Manager & Real Estate Lead","Luxemburgo",86,"ESTANDAR_80 (20% Ingresos)",69,0,"NUEVO_SIN_CORREO","Factura_Mantenimiento_Maquinaria.pdf"
"lead_218","Alejandro Anderson","alejandro.anderson218@riosbanking.pe","Anderson Enterprise (Estados Unidos)","Financial Controller & Auditor","Estados Unidos",86,"ESTANDAR_80 (20% Ingresos)",69,0,"NUEVO_SIN_CORREO","SLA_Infraestructura_Servidores.pdf"
"lead_221","Camila Silva","camila.silva221@peraltabuilders.gt","Silva Enterprise (Alemania)","Director de Compras & Procurement","Alemania",86,"ESTANDAR_80 (20% Ingresos)",69,0,"NUEVO_SIN_CORREO","Factura_Mantenimiento_Maquinaria.pdf"
"lead_233","Sophia Rios","sophia.rios233@innovatech.es","Rios Enterprise (Inglaterra)","Financial Controller & Auditor","Inglaterra",86,"ESTANDAR_80 (20% Ingresos)",69,0,"NUEVO_SIN_CORREO","Factura_Mantenimiento_Maquinaria.pdf"
"lead_239","Harper Moore","harper.moore239@apexglobal.co.uk","Moore Enterprise (Mexico)","Property Manager & Real Estate Lead","Mexico",86,"ESTANDAR_80 (20% Ingresos)",69,0,"NUEVO_SIN_CORREO","Factura_Mantenimiento_Maquinaria.pdf"
"lead_251","Camila Silva","camila.silva251@cloudscale.fr","Silva Enterprise (Luxemburgo)","Director de Compras & Procurement","Luxemburgo",86,"ESTANDAR_80 (20% Ingresos)",69,0,"NUEVO_SIN_CORREO","Factura_Mantenimiento_Maquinaria.pdf"
"lead_254","Gabriel Williams","gabriel.williams254@beneluxventures.lu","Williams Enterprise (Colombia)","Property Manager & Real Estate Lead","Colombia",86,"ESTANDAR_80 (20% Ingresos)",69,0,"NUEVO_SIN_CORREO","SLA_Infraestructura_Servidores.pdf"
"lead_263","Sophia Rios","sophia.rios263@constructora.sv","Rios Enterprise (Alemania)","Financial Controller & Auditor","Alemania",86,"ESTANDAR_80 (20% Ingresos)",69,0,"NUEVO_SIN_CORREO","Factura_Mantenimiento_Maquinaria.pdf"
"lead_266","Henry Rodriguez","henry.rodriguez266@gomezlogistics.com","Rodriguez Enterprise (El Salvador)","Director de Compras & Procurement","El Salvador",86,"ESTANDAR_80 (20% Ingresos)",69,0,"NUEVO_SIN_CORREO","SLA_Infraestructura_Servidores.pdf"
"lead_269","Harper Moore","harper.moore269@vargasretail.co","Moore Enterprise (Chile)","Property Manager & Real Estate Lead","Chile",86,"ESTANDAR_80 (20% Ingresos)",69,0,"NUEVO_SIN_CORREO","Factura_Mantenimiento_Maquinaria.pdf"
"lead_278","Alejandro Anderson","alejandro.anderson278@riosbanking.pe","Anderson Enterprise (Francia)","Financial Controller & Auditor","Francia",86,"ESTANDAR_80 (20% Ingresos)",69,0,"NUEVO_SIN_CORREO","SLA_Infraestructura_Servidores.pdf"
"lead_281","Camila Silva","camila.silva281@peraltabuilders.gt","Silva Enterprise (Mexico)","Director de Compras & Procurement","Mexico",86,"ESTANDAR_80 (20% Ingresos)",69,0,"NUEVO_SIN_CORREO","Factura_Mantenimiento_Maquinaria.pdf"
"lead_293","Sophia Rios","sophia.rios293@innovatech.es","Rios Enterprise (Luxemburgo)","Financial Controller & Auditor","Luxemburgo",86,"ESTANDAR_80 (20% Ingresos)",69,0,"NUEVO_SIN_CORREO","Factura_Mantenimiento_Maquinaria.pdf"
"lead_299","Harper Moore","harper.moore299@apexglobal.co.uk","Moore Enterprise (Guatemala)","Property Manager & Real Estate Lead","Guatemala",86,"ESTANDAR_80 (20% Ingresos)",69,0,"NUEVO_SIN_CORREO","Factura_Mantenimiento_Maquinaria.pdf"
"lead_311","Camila Silva","camila.silva311@cloudscale.fr","Silva Enterprise (Chile)","Director de Compras & Procurement","Chile",86,"ESTANDAR_80 (20% Ingresos)",69,0,"NUEVO_SIN_CORREO","Factura_Mantenimiento_Maquinaria.pdf"
"lead_314","Gabriel Williams","gabriel.williams314@beneluxventures.lu","Williams Enterprise (Costa Rica)","Property Manager & Real Estate Lead","Costa Rica",86,"ESTANDAR_80 (20% Ingresos)",69,0,"NUEVO_SIN_CORREO","SLA_Infraestructura_Servidores.pdf"
"lead_323","Sophia Rios","sophia.rios323@constructora.sv","Rios Enterprise (Mexico)","Financial Controller & Auditor","Mexico",86,"ESTANDAR_80 (20% Ingresos)",69,0,"NUEVO_SIN_CORREO","Factura_Mantenimiento_Maquinaria.pdf"
"lead_326","Henry Rodriguez","henry.rodriguez326@gomezlogistics.com","Rodriguez Enterprise (Peru)","Director de Compras & Procurement","Peru",86,"ESTANDAR_80 (20% Ingresos)",69,0,"NUEVO_SIN_CORREO","SLA_Infraestructura_Servidores.pdf"
"lead_329","Harper Moore","harper.moore329@vargasretail.co","Moore Enterprise (Espana)","Property Manager & Real Estate Lead","Espana",86,"ESTANDAR_80 (20% Ingresos)",69,0,"NUEVO_SIN_CORREO","Factura_Mantenimiento_Maquinaria.pdf"
"lead_338","Alejandro Anderson","alejandro.anderson338@riosbanking.pe","Anderson Enterprise (Colombia)","Financial Controller & Auditor","Colombia",86,"ESTANDAR_80 (20% Ingresos)",69,0,"NUEVO_SIN_CORREO","SLA_Infraestructura_Servidores.pdf"
"lead_341","Camila Silva","camila.silva341@peraltabuilders.gt","Silva Enterprise (Guatemala)","Director de Compras & Procurement","Guatemala",86,"ESTANDAR_80 (20% Ingresos)",69,0,"NUEVO_SIN_CORREO","Factura_Mantenimiento_Maquinaria.pdf"
"lead_353","Sophia Rios","sophia.rios353@innovatech.es","Rios Enterprise (Chile)","Financial Controller & Auditor","Chile",86,"ESTANDAR_80 (20% Ingresos)",69,0,"NUEVO_SIN_CORREO","Factura_Mantenimiento_Maquinaria.pdf"
"lead_359","Harper Moore","harper.moore359@apexglobal.co.uk","Moore Enterprise (Inglaterra)","Property Manager & Real Estate Lead","Inglaterra",86,"ESTANDAR_80 (20% Ingresos)",69,0,"NUEVO_SIN_CORREO","Factura_Mantenimiento_Maquinaria.pdf"
"lead_371","Camila Silva","camila.silva371@cloudscale.fr","Silva Enterprise (Espana)","Director de Compras & Procurement","Espana",86,"ESTANDAR_80 (20% Ingresos)",69,0,"NUEVO_SIN_CORREO","Factura_Mantenimiento_Maquinaria.pdf"
"lead_374","Gabriel Williams","gabriel.williams374@beneluxventures.lu","Williams Enterprise (Suiza)","Property Manager & Real Estate Lead","Suiza",86,"ESTANDAR_80 (20% Ingresos)",69,0,"NUEVO_SIN_CORREO","SLA_Infraestructura_Servidores.pdf"
"lead_383","Sophia Rios","sophia.rios383@constructora.sv","Rios Enterprise (Guatemala)","Financial Controller & Auditor","Guatemala",86,"ESTANDAR_80 (20% Ingresos)",69,0,"NUEVO_SIN_CORREO","Factura_Mantenimiento_Maquinaria.pdf"
"lead_386","Henry Rodriguez","henry.rodriguez386@gomezlogistics.com","Rodriguez Enterprise (Estados Unidos)","Director de Compras & Procurement","Estados Unidos",86,"ESTANDAR_80 (20% Ingresos)",69,0,"NUEVO_SIN_CORREO","SLA_Infraestructura_Servidores.pdf"
"lead_389","Harper Moore","harper.moore389@vargasretail.co","Moore Enterprise (Alemania)","Property Manager & Real Estate Lead","Alemania",86,"ESTANDAR_80 (20% Ingresos)",69,0,"NUEVO_SIN_CORREO","Factura_Mantenimiento_Maquinaria.pdf"
"lead_398","Alejandro Anderson","alejandro.anderson398@riosbanking.pe","Anderson Enterprise (Costa Rica)","Financial Controller & Auditor","Costa Rica",86,"ESTANDAR_80 (20% Ingresos)",69,0,"NUEVO_SIN_CORREO","SLA_Infraestructura_Servidores.pdf"
"lead_401","Camila Silva","camila.silva401@peraltabuilders.gt","Silva Enterprise (Inglaterra)","Director de Compras & Procurement","Inglaterra",86,"ESTANDAR_80 (20% Ingresos)",69,0,"NUEVO_SIN_CORREO","Factura_Mantenimiento_Maquinaria.pdf"
"lead_413","Sophia Rios","sophia.rios413@innovatech.es","Rios Enterprise (Espana)","Financial Controller & Auditor","Espana",86,"ESTANDAR_80 (20% Ingresos)",69,0,"NUEVO_SIN_CORREO","Factura_Mantenimiento_Maquinaria.pdf"
"lead_419","Harper Moore","harper.moore419@apexglobal.co.uk","Moore Enterprise (Luxemburgo)","Property Manager & Real Estate Lead","Luxemburgo",86,"ESTANDAR_80 (20% Ingresos)",69,0,"NUEVO_SIN_CORREO","Factura_Mantenimiento_Maquinaria.pdf"
"lead_431","Camila Silva","camila.silva431@cloudscale.fr","Silva Enterprise (Alemania)","Director de Compras & Procurement","Alemania",86,"ESTANDAR_80 (20% Ingresos)",69,0,"NUEVO_SIN_CORREO","Factura_Mantenimiento_Maquinaria.pdf"
"lead_434","Gabriel Williams","gabriel.williams434@beneluxventures.lu","Williams Enterprise (El Salvador)","Property Manager & Real Estate Lead","El Salvador",86,"ESTANDAR_80 (20% Ingresos)",69,0,"NUEVO_SIN_CORREO","SLA_Infraestructura_Servidores.pdf"
"lead_443","Sophia Rios","sophia.rios443@constructora.sv","Rios Enterprise (Inglaterra)","Financial Controller & Auditor","Inglaterra",86,"ESTANDAR_80 (20% Ingresos)",69,0,"NUEVO_SIN_CORREO","Factura_Mantenimiento_Maquinaria.pdf"
"lead_446","Henry Rodriguez","henry.rodriguez446@gomezlogistics.com","Rodriguez Enterprise (Francia)","Director de Compras & Procurement","Francia",86,"ESTANDAR_80 (20% Ingresos)",69,0,"NUEVO_SIN_CORREO","SLA_Infraestructura_Servidores.pdf"
"lead_449","Harper Moore","harper.moore449@vargasretail.co","Moore Enterprise (Mexico)","Property Manager & Real Estate Lead","Mexico",86,"ESTANDAR_80 (20% Ingresos)",69,0,"NUEVO_SIN_CORREO","Factura_Mantenimiento_Maquinaria.pdf"
"lead_458","Alejandro Anderson","alejandro.anderson458@riosbanking.pe","Anderson Enterprise (Suiza)","Financial Controller & Auditor","Suiza",86,"ESTANDAR_80 (20% Ingresos)",69,0,"NUEVO_SIN_CORREO","SLA_Infraestructura_Servidores.pdf"
"lead_461","Camila Silva","camila.silva461@peraltabuilders.gt","Silva Enterprise (Luxemburgo)","Director de Compras & Procurement","Luxemburgo",86,"ESTANDAR_80 (20% Ingresos)",69,0,"NUEVO_SIN_CORREO","Factura_Mantenimiento_Maquinaria.pdf"
"lead_473","Sophia Rios","sophia.rios473@innovatech.es","Rios Enterprise (Alemania)","Financial Controller & Auditor","Alemania",86,"ESTANDAR_80 (20% Ingresos)",69,0,"NUEVO_SIN_CORREO","Factura_Mantenimiento_Maquinaria.pdf"
"lead_479","Harper Moore","harper.moore479@apexglobal.co.uk","Moore Enterprise (Chile)","Property Manager & Real Estate Lead","Chile",86,"ESTANDAR_80 (20% Ingresos)",69,0,"NUEVO_SIN_CORREO","Factura_Mantenimiento_Maquinaria.pdf"
"lead_491","Camila Silva","camila.silva491@cloudscale.fr","Silva Enterprise (Mexico)","Director de Compras & Procurement","Mexico",86,"ESTANDAR_80 (20% Ingresos)",69,0,"NUEVO_SIN_CORREO","Factura_Mantenimiento_Maquinaria.pdf"
"lead_494","Gabriel Williams","gabriel.williams494@beneluxventures.lu","Williams Enterprise (Peru)","Property Manager & Real Estate Lead","Peru",86,"ESTANDAR_80 (20% Ingresos)",69,0,"NUEVO_SIN_CORREO","SLA_Infraestructura_Servidores.pdf"
"lead_001","Elena Silva","elena.silva1@peraltabuilders.gt","Silva Enterprise (Mexico)","Director de Compras & Procurement","Mexico",73,"ESTANDAR_80 (20% Ingresos)",19,0,"NUEVO_SIN_CORREO","Factura_Servicios_IT_Cloud_Q3.pdf"
"lead_007","Lucia Lopez","lucia.lopez7@silvaparami.ar","Lopez Enterprise (Espana)","General Counsel & Director Legal","Espana",73,"ESTANDAR_80 (20% Ingresos)",19,0,"NUEVO_SIN_CORREO","Factura_Servicios_IT_Cloud_Q3.pdf"
"lead_010","Diego Mendoza","diego.mendoza10@techconsulting.io","Mendoza Enterprise (Suiza)","CFO & VP of Finance","Suiza",73,"ESTANDAR_80 (20% Ingresos)",19,0,"NUEVO_SIN_CORREO","Contrato_Obra_Civil_Industrial.pdf"
"lead_013","Isabella Rios","isabella.rios13@innovatech.es","Rios Enterprise (Luxemburgo)","Financial Controller & Auditor","Luxemburgo",73,"ESTANDAR_80 (20% Ingresos)",19,0,"NUEVO_SIN_CORREO","Factura_Servicios_IT_Cloud_Q3.pdf"
"lead_019","Amelia Moore","amelia.moore19@apexglobal.co.uk","Moore Enterprise (Guatemala)","Property Manager & Real Estate Lead","Guatemala",73,"ESTANDAR_80 (20% Ingresos)",19,0,"NUEVO_SIN_CORREO","Factura_Servicios_IT_Cloud_Q3.pdf"
"lead_022","Lucas Morales","lucas.morales22@vertextrading.de","Morales Enterprise (Estados Unidos)","General Counsel & Director Legal","Estados Unidos",73,"ESTANDAR_80 (20% Ingresos)",19,0,"NUEVO_SIN_CORREO","Contrato_Obra_Civil_Industrial.pdf"
"lead_025","Mia Garcia","mia.garcia25@nordiclogistics.se","Garcia Enterprise (Alemania)","CFO & VP of Finance","Alemania",73,"ESTANDAR_80 (20% Ingresos)",19,0,"NUEVO_SIN_CORREO","Factura_Servicios_IT_Cloud_Q3.pdf"
"lead_031","Elena Silva","elena.silva31@cloudscale.fr","Silva Enterprise (Chile)","Director de Compras & Procurement","Chile",73,"ESTANDAR_80 (20% Ingresos)",19,0,"NUEVO_SIN_CORREO","Factura_Servicios_IT_Cloud_Q3.pdf"
"lead_034","Javier Williams","javier.williams34@beneluxventures.lu","Williams Enterprise (Costa Rica)","Property Manager & Real Estate Lead","Costa Rica",73,"ESTANDAR_80 (20% Ingresos)",19,0,"NUEVO_SIN_CORREO","Contrato_Obra_Civil_Industrial.pdf"
"lead_037","Lucia Lopez","lucia.lopez37@helsinkisystems.fi","Lopez Enterprise (Inglaterra)","General Counsel & Director Legal","Inglaterra",73,"ESTANDAR_80 (20% Ingresos)",19,0,"NUEVO_SIN_CORREO","Factura_Servicios_IT_Cloud_Q3.pdf"
"lead_043","Isabella Rios","isabella.rios43@constructora.sv","Rios Enterprise (Mexico)","Financial Controller & Auditor","Mexico",73,"ESTANDAR_80 (20% Ingresos)",19,0,"NUEVO_SIN_CORREO","Factura_Servicios_IT_Cloud_Q3.pdf"
"lead_046","Alexander Rodriguez","alexander.rodriguez46@gomezlogistics.com","Rodriguez Enterprise (Peru)","Director de Compras & Procurement","Peru",73,"ESTANDAR_80 (20% Ingresos)",19,0,"NUEVO_SIN_CORREO","Contrato_Obra_Civil_Industrial.pdf"
"lead_049","Amelia Moore","amelia.moore49@vargasretail.co","Moore Enterprise (Espana)","Property Manager & Real Estate Lead","Espana",73,"ESTANDAR_80 (20% Ingresos)",19,0,"NUEVO_SIN_CORREO","Factura_Servicios_IT_Cloud_Q3.pdf"
"lead_055","Mia Garcia","mia.garcia55@navarrotrade.cl","Garcia Enterprise (Luxemburgo)","CFO & VP of Finance","Luxemburgo",73,"ESTANDAR_80 (20% Ingresos)",19,0,"NUEVO_SIN_CORREO","Factura_Servicios_IT_Cloud_Q3.pdf"
"lead_058","Sebastian Anderson","sebastian.anderson58@riosbanking.pe","Anderson Enterprise (Colombia)","Financial Controller & Auditor","Colombia",73,"ESTANDAR_80 (20% Ingresos)",19,0,"NUEVO_SIN_CORREO","Contrato_Obra_Civil_Industrial.pdf"
"lead_061","Elena Silva","elena.silva61@peraltabuilders.gt","Silva Enterprise (Guatemala)","Director de Compras & Procurement","Guatemala",73,"ESTANDAR_80 (20% Ingresos)",19,0,"NUEVO_SIN_CORREO","Factura_Servicios_IT_Cloud_Q3.pdf"
"lead_067","Lucia Lopez","lucia.lopez67@silvaparami.ar","Lopez Enterprise (Alemania)","General Counsel & Director Legal","Alemania",73,"ESTANDAR_80 (20% Ingresos)",19,0,"NUEVO_SIN_CORREO","Factura_Servicios_IT_Cloud_Q3.pdf"
"lead_070","Diego Mendoza","diego.mendoza70@techconsulting.io","Mendoza Enterprise (El Salvador)","CFO & VP of Finance","El Salvador",73,"ESTANDAR_80 (20% Ingresos)",19,0,"NUEVO_SIN_CORREO","Contrato_Obra_Civil_Industrial.pdf"
"lead_073","Isabella Rios","isabella.rios73@innovatech.es","Rios Enterprise (Chile)","Financial Controller & Auditor","Chile",73,"ESTANDAR_80 (20% Ingresos)",19,0,"NUEVO_SIN_CORREO","Factura_Servicios_IT_Cloud_Q3.pdf"
"lead_079","Amelia Moore","amelia.moore79@apexglobal.co.uk","Moore Enterprise (Inglaterra)","Property Manager & Real Estate Lead","Inglaterra",73,"ESTANDAR_80 (20% Ingresos)",19,0,"NUEVO_SIN_CORREO","Factura_Servicios_IT_Cloud_Q3.pdf"
"lead_082","Lucas Morales","lucas.morales82@vertextrading.de","Morales Enterprise (Francia)","General Counsel & Director Legal","Francia",73,"ESTANDAR_80 (20% Ingresos)",19,0,"NUEVO_SIN_CORREO","Contrato_Obra_Civil_Industrial.pdf"
"lead_085","Mia Garcia","mia.garcia85@nordiclogistics.se","Garcia Enterprise (Mexico)","CFO & VP of Finance","Mexico",73,"ESTANDAR_80 (20% Ingresos)",19,0,"NUEVO_SIN_CORREO","Factura_Servicios_IT_Cloud_Q3.pdf"
"lead_091","Elena Silva","elena.silva91@cloudscale.fr","Silva Enterprise (Espana)","Director de Compras & Procurement","Espana",73,"ESTANDAR_80 (20% Ingresos)",19,0,"NUEVO_SIN_CORREO","Factura_Servicios_IT_Cloud_Q3.pdf"
"lead_094","Javier Williams","javier.williams94@beneluxventures.lu","Williams Enterprise (Suiza)","Property Manager & Real Estate Lead","Suiza",73,"ESTANDAR_80 (20% Ingresos)",19,0,"NUEVO_SIN_CORREO","Contrato_Obra_Civil_Industrial.pdf"
"lead_097","Lucia Lopez","lucia.lopez97@helsinkisystems.fi","Lopez Enterprise (Luxemburgo)","General Counsel & Director Legal","Luxemburgo",73,"ESTANDAR_80 (20% Ingresos)",19,0,"NUEVO_SIN_CORREO","Factura_Servicios_IT_Cloud_Q3.pdf"
"lead_103","Isabella Rios","isabella.rios103@constructora.sv","Rios Enterprise (Guatemala)","Financial Controller & Auditor","Guatemala",73,"ESTANDAR_80 (20% Ingresos)",19,0,"NUEVO_SIN_CORREO","Factura_Servicios_IT_Cloud_Q3.pdf"
"lead_106","Alexander Rodriguez","alexander.rodriguez106@gomezlogistics.com","Rodriguez Enterprise (Estados Unidos)","Director de Compras & Procurement","Estados Unidos",73,"ESTANDAR_80 (20% Ingresos)",19,0,"NUEVO_SIN_CORREO","Contrato_Obra_Civil_Industrial.pdf"
"lead_109","Amelia Moore","amelia.moore109@vargasretail.co","Moore Enterprise (Alemania)","Property Manager & Real Estate Lead","Alemania",73,"ESTANDAR_80 (20% Ingresos)",19,0,"NUEVO_SIN_CORREO","Factura_Servicios_IT_Cloud_Q3.pdf"
"lead_115","Mia Garcia","mia.garcia115@navarrotrade.cl","Garcia Enterprise (Chile)","CFO & VP of Finance","Chile",73,"ESTANDAR_80 (20% Ingresos)",19,0,"NUEVO_SIN_CORREO","Factura_Servicios_IT_Cloud_Q3.pdf"
"lead_118","Sebastian Anderson","sebastian.anderson118@riosbanking.pe","Anderson Enterprise (Costa Rica)","Financial Controller & Auditor","Costa Rica",73,"ESTANDAR_80 (20% Ingresos)",19,0,"NUEVO_SIN_CORREO","Contrato_Obra_Civil_Industrial.pdf"
"lead_121","Elena Silva","elena.silva121@peraltabuilders.gt","Silva Enterprise (Inglaterra)","Director de Compras & Procurement","Inglaterra",73,"ESTANDAR_80 (20% Ingresos)",19,0,"NUEVO_SIN_CORREO","Factura_Servicios_IT_Cloud_Q3.pdf"
"lead_127","Lucia Lopez","lucia.lopez127@silvaparami.ar","Lopez Enterprise (Mexico)","General Counsel & Director Legal","Mexico",73,"ESTANDAR_80 (20% Ingresos)",19,0,"NUEVO_SIN_CORREO","Factura_Servicios_IT_Cloud_Q3.pdf"
"lead_130","Diego Mendoza","diego.mendoza130@techconsulting.io","Mendoza Enterprise (Peru)","CFO & VP of Finance","Peru",73,"ESTANDAR_80 (20% Ingresos)",19,0,"NUEVO_SIN_CORREO","Contrato_Obra_Civil_Industrial.pdf"
"lead_133","Isabella Rios","isabella.rios133@innovatech.es","Rios Enterprise (Espana)","Financial Controller & Auditor","Espana",73,"ESTANDAR_80 (20% Ingresos)",19,0,"NUEVO_SIN_CORREO","Factura_Servicios_IT_Cloud_Q3.pdf"
"lead_139","Amelia Moore","amelia.moore139@apexglobal.co.uk","Moore Enterprise (Luxemburgo)","Property Manager & Real Estate Lead","Luxemburgo",73,"ESTANDAR_80 (20% Ingresos)",19,0,"NUEVO_SIN_CORREO","Factura_Servicios_IT_Cloud_Q3.pdf"
"lead_142","Lucas Morales","lucas.morales142@vertextrading.de","Morales Enterprise (Colombia)","General Counsel & Director Legal","Colombia",73,"ESTANDAR_80 (20% Ingresos)",19,0,"NUEVO_SIN_CORREO","Contrato_Obra_Civil_Industrial.pdf"
"lead_145","Mia Garcia","mia.garcia145@nordiclogistics.se","Garcia Enterprise (Guatemala)","CFO & VP of Finance","Guatemala",73,"ESTANDAR_80 (20% Ingresos)",19,0,"NUEVO_SIN_CORREO","Factura_Servicios_IT_Cloud_Q3.pdf"
"lead_151","Elena Silva","elena.silva151@cloudscale.fr","Silva Enterprise (Alemania)","Director de Compras & Procurement","Alemania",73,"ESTANDAR_80 (20% Ingresos)",19,0,"NUEVO_SIN_CORREO","Factura_Servicios_IT_Cloud_Q3.pdf"
"lead_154","Javier Williams","javier.williams154@beneluxventures.lu","Williams Enterprise (El Salvador)","Property Manager & Real Estate Lead","El Salvador",73,"ESTANDAR_80 (20% Ingresos)",19,0,"NUEVO_SIN_CORREO","Contrato_Obra_Civil_Industrial.pdf"
"lead_157","Lucia Lopez","lucia.lopez157@helsinkisystems.fi","Lopez Enterprise (Chile)","General Counsel & Director Legal","Chile",73,"ESTANDAR_80 (20% Ingresos)",19,0,"NUEVO_SIN_CORREO","Factura_Servicios_IT_Cloud_Q3.pdf"
"lead_163","Isabella Rios","isabella.rios163@constructora.sv","Rios Enterprise (Inglaterra)","Financial Controller & Auditor","Inglaterra",73,"ESTANDAR_80 (20% Ingresos)",19,0,"NUEVO_SIN_CORREO","Factura_Servicios_IT_Cloud_Q3.pdf"
"lead_166","Alexander Rodriguez","alexander.rodriguez166@gomezlogistics.com","Rodriguez Enterprise (Francia)","Director de Compras & Procurement","Francia",73,"ESTANDAR_80 (20% Ingresos)",19,0,"NUEVO_SIN_CORREO","Contrato_Obra_Civil_Industrial.pdf"
"lead_169","Amelia Moore","amelia.moore169@vargasretail.co","Moore Enterprise (Mexico)","Property Manager & Real Estate Lead","Mexico",73,"ESTANDAR_80 (20% Ingresos)",19,0,"NUEVO_SIN_CORREO","Factura_Servicios_IT_Cloud_Q3.pdf"
"lead_175","Mia Garcia","mia.garcia175@navarrotrade.cl","Garcia Enterprise (Espana)","CFO & VP of Finance","Espana",73,"ESTANDAR_80 (20% Ingresos)",19,0,"NUEVO_SIN_CORREO","Factura_Servicios_IT_Cloud_Q3.pdf"
"lead_178","Sebastian Anderson","sebastian.anderson178@riosbanking.pe","Anderson Enterprise (Suiza)","Financial Controller & Auditor","Suiza",73,"ESTANDAR_80 (20% Ingresos)",19,0,"NUEVO_SIN_CORREO","Contrato_Obra_Civil_Industrial.pdf"
"lead_181","Elena Silva","elena.silva181@peraltabuilders.gt","Silva Enterprise (Luxemburgo)","Director de Compras & Procurement","Luxemburgo",73,"ESTANDAR_80 (20% Ingresos)",19,0,"NUEVO_SIN_CORREO","Factura_Servicios_IT_Cloud_Q3.pdf"
"lead_187","Lucia Lopez","lucia.lopez187@silvaparami.ar","Lopez Enterprise (Guatemala)","General Counsel & Director Legal","Guatemala",73,"ESTANDAR_80 (20% Ingresos)",19,0,"NUEVO_SIN_CORREO","Factura_Servicios_IT_Cloud_Q3.pdf"
"lead_190","Diego Mendoza","diego.mendoza190@techconsulting.io","Mendoza Enterprise (Estados Unidos)","CFO & VP of Finance","Estados Unidos",73,"ESTANDAR_80 (20% Ingresos)",19,0,"NUEVO_SIN_CORREO","Contrato_Obra_Civil_Industrial.pdf"
"lead_193","Isabella Rios","isabella.rios193@innovatech.es","Rios Enterprise (Alemania)","Financial Controller & Auditor","Alemania",73,"ESTANDAR_80 (20% Ingresos)",19,0,"NUEVO_SIN_CORREO","Factura_Servicios_IT_Cloud_Q3.pdf"
"lead_199","Amelia Moore","amelia.moore199@apexglobal.co.uk","Moore Enterprise (Chile)","Property Manager & Real Estate Lead","Chile",73,"ESTANDAR_80 (20% Ingresos)",19,0,"NUEVO_SIN_CORREO","Factura_Servicios_IT_Cloud_Q3.pdf"
"lead_202","Lucas Morales","lucas.morales202@vertextrading.de","Morales Enterprise (Costa Rica)","General Counsel & Director Legal","Costa Rica",73,"ESTANDAR_80 (20% Ingresos)",19,0,"NUEVO_SIN_CORREO","Contrato_Obra_Civil_Industrial.pdf"
"lead_205","Mia Garcia","mia.garcia205@nordiclogistics.se","Garcia Enterprise (Inglaterra)","CFO & VP of Finance","Inglaterra",73,"ESTANDAR_80 (20% Ingresos)",19,0,"NUEVO_SIN_CORREO","Factura_Servicios_IT_Cloud_Q3.pdf"
"lead_211","Elena Silva","elena.silva211@cloudscale.fr","Silva Enterprise (Mexico)","Director de Compras & Procurement","Mexico",73,"ESTANDAR_80 (20% Ingresos)",19,0,"NUEVO_SIN_CORREO","Factura_Servicios_IT_Cloud_Q3.pdf"
"lead_214","Javier Williams","javier.williams214@beneluxventures.lu","Williams Enterprise (Peru)","Property Manager & Real Estate Lead","Peru",73,"ESTANDAR_80 (20% Ingresos)",19,0,"NUEVO_SIN_CORREO","Contrato_Obra_Civil_Industrial.pdf"
"lead_217","Lucia Lopez","lucia.lopez217@helsinkisystems.fi","Lopez Enterprise (Espana)","General Counsel & Director Legal","Espana",73,"ESTANDAR_80 (20% Ingresos)",19,0,"NUEVO_SIN_CORREO","Factura_Servicios_IT_Cloud_Q3.pdf"
"lead_223","Isabella Rios","isabella.rios223@constructora.sv","Rios Enterprise (Luxemburgo)","Financial Controller & Auditor","Luxemburgo",73,"ESTANDAR_80 (20% Ingresos)",19,0,"NUEVO_SIN_CORREO","Factura_Servicios_IT_Cloud_Q3.pdf"
"lead_226","Alexander Rodriguez","alexander.rodriguez226@gomezlogistics.com","Rodriguez Enterprise (Colombia)","Director de Compras & Procurement","Colombia",73,"ESTANDAR_80 (20% Ingresos)",19,0,"NUEVO_SIN_CORREO","Contrato_Obra_Civil_Industrial.pdf"
"lead_229","Amelia Moore","amelia.moore229@vargasretail.co","Moore Enterprise (Guatemala)","Property Manager & Real Estate Lead","Guatemala",73,"ESTANDAR_80 (20% Ingresos)",19,0,"NUEVO_SIN_CORREO","Factura_Servicios_IT_Cloud_Q3.pdf"
"lead_235","Mia Garcia","mia.garcia235@navarrotrade.cl","Garcia Enterprise (Alemania)","CFO & VP of Finance","Alemania",73,"ESTANDAR_80 (20% Ingresos)",19,0,"NUEVO_SIN_CORREO","Factura_Servicios_IT_Cloud_Q3.pdf"
"lead_238","Sebastian Anderson","sebastian.anderson238@riosbanking.pe","Anderson Enterprise (El Salvador)","Financial Controller & Auditor","El Salvador",73,"ESTANDAR_80 (20% Ingresos)",19,0,"NUEVO_SIN_CORREO","Contrato_Obra_Civil_Industrial.pdf"
"lead_241","Elena Silva","elena.silva241@peraltabuilders.gt","Silva Enterprise (Chile)","Director de Compras & Procurement","Chile",73,"ESTANDAR_80 (20% Ingresos)",19,0,"NUEVO_SIN_CORREO","Factura_Servicios_IT_Cloud_Q3.pdf"
"lead_247","Lucia Lopez","lucia.lopez247@silvaparami.ar","Lopez Enterprise (Inglaterra)","General Counsel & Director Legal","Inglaterra",73,"ESTANDAR_80 (20% Ingresos)",19,0,"NUEVO_SIN_CORREO","Factura_Servicios_IT_Cloud_Q3.pdf"
"lead_250","Diego Mendoza","diego.mendoza250@techconsulting.io","Mendoza Enterprise (Francia)","CFO & VP of Finance","Francia",73,"ESTANDAR_80 (20% Ingresos)",19,0,"NUEVO_SIN_CORREO","Contrato_Obra_Civil_Industrial.pdf"
"lead_253","Isabella Rios","isabella.rios253@innovatech.es","Rios Enterprise (Mexico)","Financial Controller & Auditor","Mexico",73,"ESTANDAR_80 (20% Ingresos)",19,0,"NUEVO_SIN_CORREO","Factura_Servicios_IT_Cloud_Q3.pdf"
"lead_259","Amelia Moore","amelia.moore259@apexglobal.co.uk","Moore Enterprise (Espana)","Property Manager & Real Estate Lead","Espana",73,"ESTANDAR_80 (20% Ingresos)",19,0,"NUEVO_SIN_CORREO","Factura_Servicios_IT_Cloud_Q3.pdf"
"lead_262","Lucas Morales","lucas.morales262@vertextrading.de","Morales Enterprise (Suiza)","General Counsel & Director Legal","Suiza",73,"ESTANDAR_80 (20% Ingresos)",19,0,"NUEVO_SIN_CORREO","Contrato_Obra_Civil_Industrial.pdf"
"lead_265","Mia Garcia","mia.garcia265@nordiclogistics.se","Garcia Enterprise (Luxemburgo)","CFO & VP of Finance","Luxemburgo",73,"ESTANDAR_80 (20% Ingresos)",19,0,"NUEVO_SIN_CORREO","Factura_Servicios_IT_Cloud_Q3.pdf"
"lead_271","Elena Silva","elena.silva271@cloudscale.fr","Silva Enterprise (Guatemala)","Director de Compras & Procurement","Guatemala",73,"ESTANDAR_80 (20% Ingresos)",19,0,"NUEVO_SIN_CORREO","Factura_Servicios_IT_Cloud_Q3.pdf"
"lead_274","Javier Williams","javier.williams274@beneluxventures.lu","Williams Enterprise (Estados Unidos)","Property Manager & Real Estate Lead","Estados Unidos",73,"ESTANDAR_80 (20% Ingresos)",19,0,"NUEVO_SIN_CORREO","Contrato_Obra_Civil_Industrial.pdf"
"lead_277","Lucia Lopez","lucia.lopez277@helsinkisystems.fi","Lopez Enterprise (Alemania)","General Counsel & Director Legal","Alemania",73,"ESTANDAR_80 (20% Ingresos)",19,0,"NUEVO_SIN_CORREO","Factura_Servicios_IT_Cloud_Q3.pdf"
"lead_283","Isabella Rios","isabella.rios283@constructora.sv","Rios Enterprise (Chile)","Financial Controller & Auditor","Chile",73,"ESTANDAR_80 (20% Ingresos)",19,0,"NUEVO_SIN_CORREO","Factura_Servicios_IT_Cloud_Q3.pdf"
"lead_286","Alexander Rodriguez","alexander.rodriguez286@gomezlogistics.com","Rodriguez Enterprise (Costa Rica)","Director de Compras & Procurement","Costa Rica",73,"ESTANDAR_80 (20% Ingresos)",19,0,"NUEVO_SIN_CORREO","Contrato_Obra_Civil_Industrial.pdf"
"lead_289","Amelia Moore","amelia.moore289@vargasretail.co","Moore Enterprise (Inglaterra)","Property Manager & Real Estate Lead","Inglaterra",73,"ESTANDAR_80 (20% Ingresos)",19,0,"NUEVO_SIN_CORREO","Factura_Servicios_IT_Cloud_Q3.pdf"
"lead_295","Mia Garcia","mia.garcia295@navarrotrade.cl","Garcia Enterprise (Mexico)","CFO & VP of Finance","Mexico",73,"ESTANDAR_80 (20% Ingresos)",19,0,"NUEVO_SIN_CORREO","Factura_Servicios_IT_Cloud_Q3.pdf"
"lead_298","Sebastian Anderson","sebastian.anderson298@riosbanking.pe","Anderson Enterprise (Peru)","Financial Controller & Auditor","Peru",73,"ESTANDAR_80 (20% Ingresos)",19,0,"NUEVO_SIN_CORREO","Contrato_Obra_Civil_Industrial.pdf"
"lead_301","Elena Silva","elena.silva301@peraltabuilders.gt","Silva Enterprise (Espana)","Director de Compras & Procurement","Espana",73,"ESTANDAR_80 (20% Ingresos)",19,0,"NUEVO_SIN_CORREO","Factura_Servicios_IT_Cloud_Q3.pdf"
"lead_307","Lucia Lopez","lucia.lopez307@silvaparami.ar","Lopez Enterprise (Luxemburgo)","General Counsel & Director Legal","Luxemburgo",73,"ESTANDAR_80 (20% Ingresos)",19,0,"NUEVO_SIN_CORREO","Factura_Servicios_IT_Cloud_Q3.pdf"
"lead_310","Diego Mendoza","diego.mendoza310@techconsulting.io","Mendoza Enterprise (Colombia)","CFO & VP of Finance","Colombia",73,"ESTANDAR_80 (20% Ingresos)",19,0,"NUEVO_SIN_CORREO","Contrato_Obra_Civil_Industrial.pdf"
"lead_313","Isabella Rios","isabella.rios313@innovatech.es","Rios Enterprise (Guatemala)","Financial Controller & Auditor","Guatemala",73,"ESTANDAR_80 (20% Ingresos)",19,0,"NUEVO_SIN_CORREO","Factura_Servicios_IT_Cloud_Q3.pdf"
"lead_319","Amelia Moore","amelia.moore319@apexglobal.co.uk","Moore Enterprise (Alemania)","Property Manager & Real Estate Lead","Alemania",73,"ESTANDAR_80 (20% Ingresos)",19,0,"NUEVO_SIN_CORREO","Factura_Servicios_IT_Cloud_Q3.pdf"
"lead_322","Lucas Morales","lucas.morales322@vertextrading.de","Morales Enterprise (El Salvador)","General Counsel & Director Legal","El Salvador",73,"ESTANDAR_80 (20% Ingresos)",19,0,"NUEVO_SIN_CORREO","Contrato_Obra_Civil_Industrial.pdf"
"lead_325","Mia Garcia","mia.garcia325@nordiclogistics.se","Garcia Enterprise (Chile)","CFO & VP of Finance","Chile",73,"ESTANDAR_80 (20% Ingresos)",19,0,"NUEVO_SIN_CORREO","Factura_Servicios_IT_Cloud_Q3.pdf"
"lead_331","Elena Silva","elena.silva331@cloudscale.fr","Silva Enterprise (Inglaterra)","Director de Compras & Procurement","Inglaterra",73,"ESTANDAR_80 (20% Ingresos)",19,0,"NUEVO_SIN_CORREO","Factura_Servicios_IT_Cloud_Q3.pdf"
"lead_334","Javier Williams","javier.williams334@beneluxventures.lu","Williams Enterprise (Francia)","Property Manager & Real Estate Lead","Francia",73,"ESTANDAR_80 (20% Ingresos)",19,0,"NUEVO_SIN_CORREO","Contrato_Obra_Civil_Industrial.pdf"
"lead_337","Lucia Lopez","lucia.lopez337@helsinkisystems.fi","Lopez Enterprise (Mexico)","General Counsel & Director Legal","Mexico",73,"ESTANDAR_80 (20% Ingresos)",19,0,"NUEVO_SIN_CORREO","Factura_Servicios_IT_Cloud_Q3.pdf"
"lead_343","Isabella Rios","isabella.rios343@constructora.sv","Rios Enterprise (Espana)","Financial Controller & Auditor","Espana",73,"ESTANDAR_80 (20% Ingresos)",19,0,"NUEVO_SIN_CORREO","Factura_Servicios_IT_Cloud_Q3.pdf"
"lead_346","Alexander Rodriguez","alexander.rodriguez346@gomezlogistics.com","Rodriguez Enterprise (Suiza)","Director de Compras & Procurement","Suiza",73,"ESTANDAR_80 (20% Ingresos)",19,0,"NUEVO_SIN_CORREO","Contrato_Obra_Civil_Industrial.pdf"
"lead_349","Amelia Moore","amelia.moore349@vargasretail.co","Moore Enterprise (Luxemburgo)","Property Manager & Real Estate Lead","Luxemburgo",73,"ESTANDAR_80 (20% Ingresos)",19,0,"NUEVO_SIN_CORREO","Factura_Servicios_IT_Cloud_Q3.pdf"
"lead_355","Mia Garcia","mia.garcia355@navarrotrade.cl","Garcia Enterprise (Guatemala)","CFO & VP of Finance","Guatemala",73,"ESTANDAR_80 (20% Ingresos)",19,0,"NUEVO_SIN_CORREO","Factura_Servicios_IT_Cloud_Q3.pdf"
"lead_358","Sebastian Anderson","sebastian.anderson358@riosbanking.pe","Anderson Enterprise (Estados Unidos)","Financial Controller & Auditor","Estados Unidos",73,"ESTANDAR_80 (20% Ingresos)",19,0,"NUEVO_SIN_CORREO","Contrato_Obra_Civil_Industrial.pdf"
"lead_361","Elena Silva","elena.silva361@peraltabuilders.gt","Silva Enterprise (Alemania)","Director de Compras & Procurement","Alemania",73,"ESTANDAR_80 (20% Ingresos)",19,0,"NUEVO_SIN_CORREO","Factura_Servicios_IT_Cloud_Q3.pdf"
"lead_367","Lucia Lopez","lucia.lopez367@silvaparami.ar","Lopez Enterprise (Chile)","General Counsel & Director Legal","Chile",73,"ESTANDAR_80 (20% Ingresos)",19,0,"NUEVO_SIN_CORREO","Factura_Servicios_IT_Cloud_Q3.pdf"
"lead_370","Diego Mendoza","diego.mendoza370@techconsulting.io","Mendoza Enterprise (Costa Rica)","CFO & VP of Finance","Costa Rica",73,"ESTANDAR_80 (20% Ingresos)",19,0,"NUEVO_SIN_CORREO","Contrato_Obra_Civil_Industrial.pdf"
"lead_373","Isabella Rios","isabella.rios373@innovatech.es","Rios Enterprise (Inglaterra)","Financial Controller & Auditor","Inglaterra",73,"ESTANDAR_80 (20% Ingresos)",19,0,"NUEVO_SIN_CORREO","Factura_Servicios_IT_Cloud_Q3.pdf"
"lead_379","Amelia Moore","amelia.moore379@apexglobal.co.uk","Moore Enterprise (Mexico)","Property Manager & Real Estate Lead","Mexico",73,"ESTANDAR_80 (20% Ingresos)",19,0,"NUEVO_SIN_CORREO","Factura_Servicios_IT_Cloud_Q3.pdf"
"lead_382","Lucas Morales","lucas.morales382@vertextrading.de","Morales Enterprise (Peru)","General Counsel & Director Legal","Peru",73,"ESTANDAR_80 (20% Ingresos)",19,0,"NUEVO_SIN_CORREO","Contrato_Obra_Civil_Industrial.pdf"
"lead_385","Mia Garcia","mia.garcia385@nordiclogistics.se","Garcia Enterprise (Espana)","CFO & VP of Finance","Espana",73,"ESTANDAR_80 (20% Ingresos)",19,0,"NUEVO_SIN_CORREO","Factura_Servicios_IT_Cloud_Q3.pdf"
"lead_391","Elena Silva","elena.silva391@cloudscale.fr","Silva Enterprise (Luxemburgo)","Director de Compras & Procurement","Luxemburgo",73,"ESTANDAR_80 (20% Ingresos)",19,0,"NUEVO_SIN_CORREO","Factura_Servicios_IT_Cloud_Q3.pdf"
"lead_394","Javier Williams","javier.williams394@beneluxventures.lu","Williams Enterprise (Colombia)","Property Manager & Real Estate Lead","Colombia",73,"ESTANDAR_80 (20% Ingresos)",19,0,"NUEVO_SIN_CORREO","Contrato_Obra_Civil_Industrial.pdf"
"lead_397","Lucia Lopez","lucia.lopez397@helsinkisystems.fi","Lopez Enterprise (Guatemala)","General Counsel & Director Legal","Guatemala",73,"ESTANDAR_80 (20% Ingresos)",19,0,"NUEVO_SIN_CORREO","Factura_Servicios_IT_Cloud_Q3.pdf"
"lead_403","Isabella Rios","isabella.rios403@constructora.sv","Rios Enterprise (Alemania)","Financial Controller & Auditor","Alemania",73,"ESTANDAR_80 (20% Ingresos)",19,0,"NUEVO_SIN_CORREO","Factura_Servicios_IT_Cloud_Q3.pdf"
"lead_406","Alexander Rodriguez","alexander.rodriguez406@gomezlogistics.com","Rodriguez Enterprise (El Salvador)","Director de Compras & Procurement","El Salvador",73,"ESTANDAR_80 (20% Ingresos)",19,0,"NUEVO_SIN_CORREO","Contrato_Obra_Civil_Industrial.pdf"
"lead_409","Amelia Moore","amelia.moore409@vargasretail.co","Moore Enterprise (Chile)","Property Manager & Real Estate Lead","Chile",73,"ESTANDAR_80 (20% Ingresos)",19,0,"NUEVO_SIN_CORREO","Factura_Servicios_IT_Cloud_Q3.pdf"
"lead_415","Mia Garcia","mia.garcia415@navarrotrade.cl","Garcia Enterprise (Inglaterra)","CFO & VP of Finance","Inglaterra",73,"ESTANDAR_80 (20% Ingresos)",19,0,"NUEVO_SIN_CORREO","Factura_Servicios_IT_Cloud_Q3.pdf"
"lead_418","Sebastian Anderson","sebastian.anderson418@riosbanking.pe","Anderson Enterprise (Francia)","Financial Controller & Auditor","Francia",73,"ESTANDAR_80 (20% Ingresos)",19,0,"NUEVO_SIN_CORREO","Contrato_Obra_Civil_Industrial.pdf"
"lead_421","Elena Silva","elena.silva421@peraltabuilders.gt","Silva Enterprise (Mexico)","Director de Compras & Procurement","Mexico",73,"ESTANDAR_80 (20% Ingresos)",19,0,"NUEVO_SIN_CORREO","Factura_Servicios_IT_Cloud_Q3.pdf"
"lead_427","Lucia Lopez","lucia.lopez427@silvaparami.ar","Lopez Enterprise (Espana)","General Counsel & Director Legal","Espana",73,"ESTANDAR_80 (20% Ingresos)",19,0,"NUEVO_SIN_CORREO","Factura_Servicios_IT_Cloud_Q3.pdf"
"lead_430","Diego Mendoza","diego.mendoza430@techconsulting.io","Mendoza Enterprise (Suiza)","CFO & VP of Finance","Suiza",73,"ESTANDAR_80 (20% Ingresos)",19,0,"NUEVO_SIN_CORREO","Contrato_Obra_Civil_Industrial.pdf"
"lead_433","Isabella Rios","isabella.rios433@innovatech.es","Rios Enterprise (Luxemburgo)","Financial Controller & Auditor","Luxemburgo",73,"ESTANDAR_80 (20% Ingresos)",19,0,"NUEVO_SIN_CORREO","Factura_Servicios_IT_Cloud_Q3.pdf"
"lead_439","Amelia Moore","amelia.moore439@apexglobal.co.uk","Moore Enterprise (Guatemala)","Property Manager & Real Estate Lead","Guatemala",73,"ESTANDAR_80 (20% Ingresos)",19,0,"NUEVO_SIN_CORREO","Factura_Servicios_IT_Cloud_Q3.pdf"
"lead_442","Lucas Morales","lucas.morales442@vertextrading.de","Morales Enterprise (Estados Unidos)","General Counsel & Director Legal","Estados Unidos",73,"ESTANDAR_80 (20% Ingresos)",19,0,"NUEVO_SIN_CORREO","Contrato_Obra_Civil_Industrial.pdf"
"lead_445","Mia Garcia","mia.garcia445@nordiclogistics.se","Garcia Enterprise (Alemania)","CFO & VP of Finance","Alemania",73,"ESTANDAR_80 (20% Ingresos)",19,0,"NUEVO_SIN_CORREO","Factura_Servicios_IT_Cloud_Q3.pdf"
"lead_451","Elena Silva","elena.silva451@cloudscale.fr","Silva Enterprise (Chile)","Director de Compras & Procurement","Chile",73,"ESTANDAR_80 (20% Ingresos)",19,0,"NUEVO_SIN_CORREO","Factura_Servicios_IT_Cloud_Q3.pdf"
"lead_454","Javier Williams","javier.williams454@beneluxventures.lu","Williams Enterprise (Costa Rica)","Property Manager & Real Estate Lead","Costa Rica",73,"ESTANDAR_80 (20% Ingresos)",19,0,"NUEVO_SIN_CORREO","Contrato_Obra_Civil_Industrial.pdf"
"lead_457","Lucia Lopez","lucia.lopez457@helsinkisystems.fi","Lopez Enterprise (Inglaterra)","General Counsel & Director Legal","Inglaterra",73,"ESTANDAR_80 (20% Ingresos)",19,0,"NUEVO_SIN_CORREO","Factura_Servicios_IT_Cloud_Q3.pdf"
"lead_463","Isabella Rios","isabella.rios463@constructora.sv","Rios Enterprise (Mexico)","Financial Controller & Auditor","Mexico",73,"ESTANDAR_80 (20% Ingresos)",19,0,"NUEVO_SIN_CORREO","Factura_Servicios_IT_Cloud_Q3.pdf"
"lead_466","Alexander Rodriguez","alexander.rodriguez466@gomezlogistics.com","Rodriguez Enterprise (Peru)","Director de Compras & Procurement","Peru",73,"ESTANDAR_80 (20% Ingresos)",19,0,"NUEVO_SIN_CORREO","Contrato_Obra_Civil_Industrial.pdf"
"lead_469","Amelia Moore","amelia.moore469@vargasretail.co","Moore Enterprise (Espana)","Property Manager & Real Estate Lead","Espana",73,"ESTANDAR_80 (20% Ingresos)",19,0,"NUEVO_SIN_CORREO","Factura_Servicios_IT_Cloud_Q3.pdf"
"lead_475","Mia Garcia","mia.garcia475@navarrotrade.cl","Garcia Enterprise (Luxemburgo)","CFO & VP of Finance","Luxemburgo",73,"ESTANDAR_80 (20% Ingresos)",19,0,"NUEVO_SIN_CORREO","Factura_Servicios_IT_Cloud_Q3.pdf"
"lead_478","Sebastian Anderson","sebastian.anderson478@riosbanking.pe","Anderson Enterprise (Colombia)","Financial Controller & Auditor","Colombia",73,"ESTANDAR_80 (20% Ingresos)",19,0,"NUEVO_SIN_CORREO","Contrato_Obra_Civil_Industrial.pdf"
"lead_481","Elena Silva","elena.silva481@peraltabuilders.gt","Silva Enterprise (Guatemala)","Director de Compras & Procurement","Guatemala",73,"ESTANDAR_80 (20% Ingresos)",19,0,"NUEVO_SIN_CORREO","Factura_Servicios_IT_Cloud_Q3.pdf"
"lead_487","Lucia Lopez","lucia.lopez487@silvaparami.ar","Lopez Enterprise (Alemania)","General Counsel & Director Legal","Alemania",73,"ESTANDAR_80 (20% Ingresos)",19,0,"NUEVO_SIN_CORREO","Factura_Servicios_IT_Cloud_Q3.pdf"
"lead_490","Diego Mendoza","diego.mendoza490@techconsulting.io","Mendoza Enterprise (El Salvador)","CFO & VP of Finance","El Salvador",73,"ESTANDAR_80 (20% Ingresos)",19,0,"NUEVO_SIN_CORREO","Contrato_Obra_Civil_Industrial.pdf"
"lead_493","Isabella Rios","isabella.rios493@innovatech.es","Rios Enterprise (Chile)","Financial Controller & Auditor","Chile",73,"ESTANDAR_80 (20% Ingresos)",19,0,"NUEVO_SIN_CORREO","Factura_Servicios_IT_Cloud_Q3.pdf"
"lead_499","Amelia Moore","amelia.moore499@apexglobal.co.uk","Moore Enterprise (Inglaterra)","Property Manager & Real Estate Lead","Inglaterra",73,"ESTANDAR_80 (20% Ingresos)",19,0,"NUEVO_SIN_CORREO","Factura_Servicios_IT_Cloud_Q3.pdf"
"lead_003","Mariana Rios","mariana.rios3@constructora.sv","Rios Enterprise (Chile)","Financial Controller & Auditor","Chile",60,"ESTANDAR_80 (20% Ingresos)",19,0,"NUEVO_SIN_CORREO","Acuerdo_Proveedores_Logistica_2026.pdf"
"lead_006","Mateo Rodriguez","mateo.rodriguez6@gomezlogistics.com","Rodriguez Enterprise (Costa Rica)","Director de Compras & Procurement","Costa Rica",60,"ESTANDAR_80 (20% Ingresos)",19,0,"NUEVO_SIN_CORREO","Contrato_Arrendamiento_Comercial_2026.pdf"
"lead_009","Valentina Moore","valentina.moore9@vargasretail.co","Moore Enterprise (Inglaterra)","Property Manager & Real Estate Lead","Inglaterra",60,"ESTANDAR_80 (20% Ingresos)",19,0,"NUEVO_SIN_CORREO","Acuerdo_Proveedores_Logistica_2026.pdf"
"lead_015","Victoria Garcia","victoria.garcia15@navarrotrade.cl","Garcia Enterprise (Mexico)","CFO & VP of Finance","Mexico",60,"ESTANDAR_80 (20% Ingresos)",19,0,"NUEVO_SIN_CORREO","Acuerdo_Proveedores_Logistica_2026.pdf"
"lead_018","William Anderson","william.anderson18@riosbanking.pe","Anderson Enterprise (Peru)","Financial Controller & Auditor","Peru",60,"ESTANDAR_80 (20% Ingresos)",19,0,"NUEVO_SIN_CORREO","Contrato_Arrendamiento_Comercial_2026.pdf"
"lead_021","Emma Silva","emma.silva21@peraltabuilders.gt","Silva Enterprise (Espana)","Director de Compras & Procurement","Espana",60,"ESTANDAR_80 (20% Ingresos)",19,0,"NUEVO_SIN_CORREO","Acuerdo_Proveedores_Logistica_2026.pdf"
"lead_027","Evelyn Lopez","evelyn.lopez27@silvaparami.ar","Lopez Enterprise (Luxemburgo)","General Counsel & Director Legal","Luxemburgo",60,"ESTANDAR_80 (20% Ingresos)",19,0,"NUEVO_SIN_CORREO","Acuerdo_Proveedores_Logistica_2026.pdf"
"lead_030","Carlos Mendoza","carlos.mendoza30@techconsulting.io","Mendoza Enterprise (Colombia)","CFO & VP of Finance","Colombia",60,"ESTANDAR_80 (20% Ingresos)",19,0,"NUEVO_SIN_CORREO","Contrato_Arrendamiento_Comercial_2026.pdf"
"lead_033","Mariana Rios","mariana.rios33@innovatech.es","Rios Enterprise (Guatemala)","Financial Controller & Auditor","Guatemala",60,"ESTANDAR_80 (20% Ingresos)",19,0,"NUEVO_SIN_CORREO","Acuerdo_Proveedores_Logistica_2026.pdf"
"lead_039","Valentina Moore","valentina.moore39@apexglobal.co.uk","Moore Enterprise (Alemania)","Property Manager & Real Estate Lead","Alemania",60,"ESTANDAR_80 (20% Ingresos)",19,0,"NUEVO_SIN_CORREO","Acuerdo_Proveedores_Logistica_2026.pdf"
"lead_042","Fernando Morales","fernando.morales42@vertextrading.de","Morales Enterprise (El Salvador)","General Counsel & Director Legal","El Salvador",60,"ESTANDAR_80 (20% Ingresos)",19,0,"NUEVO_SIN_CORREO","Contrato_Arrendamiento_Comercial_2026.pdf"
"lead_045","Victoria Garcia","victoria.garcia45@nordiclogistics.se","Garcia Enterprise (Chile)","CFO & VP of Finance","Chile",60,"ESTANDAR_80 (20% Ingresos)",19,0,"NUEVO_SIN_CORREO","Acuerdo_Proveedores_Logistica_2026.pdf"
"lead_051","Emma Silva","emma.silva51@cloudscale.fr","Silva Enterprise (Inglaterra)","Director de Compras & Procurement","Inglaterra",60,"ESTANDAR_80 (20% Ingresos)",19,0,"NUEVO_SIN_CORREO","Acuerdo_Proveedores_Logistica_2026.pdf"
"lead_054","Benjamin Williams","benjamin.williams54@beneluxventures.lu","Williams Enterprise (Francia)","Property Manager & Real Estate Lead","Francia",60,"ESTANDAR_80 (20% Ingresos)",19,0,"NUEVO_SIN_CORREO","Contrato_Arrendamiento_Comercial_2026.pdf"
"lead_057","Evelyn Lopez","evelyn.lopez57@helsinkisystems.fi","Lopez Enterprise (Mexico)","General Counsel & Director Legal","Mexico",60,"ESTANDAR_80 (20% Ingresos)",19,0,"NUEVO_SIN_CORREO","Acuerdo_Proveedores_Logistica_2026.pdf"
"lead_063","Mariana Rios","mariana.rios63@constructora.sv","Rios Enterprise (Espana)","Financial Controller & Auditor","Espana",60,"ESTANDAR_80 (20% Ingresos)",19,0,"NUEVO_SIN_CORREO","Acuerdo_Proveedores_Logistica_2026.pdf"
"lead_066","Mateo Rodriguez","mateo.rodriguez66@gomezlogistics.com","Rodriguez Enterprise (Suiza)","Director de Compras & Procurement","Suiza",60,"ESTANDAR_80 (20% Ingresos)",19,0,"NUEVO_SIN_CORREO","Contrato_Arrendamiento_Comercial_2026.pdf"
"lead_069","Valentina Moore","valentina.moore69@vargasretail.co","Moore Enterprise (Luxemburgo)","Property Manager & Real Estate Lead","Luxemburgo",60,"ESTANDAR_80 (20% Ingresos)",19,0,"NUEVO_SIN_CORREO","Acuerdo_Proveedores_Logistica_2026.pdf"
"lead_075","Victoria Garcia","victoria.garcia75@navarrotrade.cl","Garcia Enterprise (Guatemala)","CFO & VP of Finance","Guatemala",60,"ESTANDAR_80 (20% Ingresos)",19,0,"NUEVO_SIN_CORREO","Acuerdo_Proveedores_Logistica_2026.pdf"
"lead_078","William Anderson","william.anderson78@riosbanking.pe","Anderson Enterprise (Estados Unidos)","Financial Controller & Auditor","Estados Unidos",60,"ESTANDAR_80 (20% Ingresos)",19,0,"NUEVO_SIN_CORREO","Contrato_Arrendamiento_Comercial_2026.pdf"
"lead_081","Emma Silva","emma.silva81@peraltabuilders.gt","Silva Enterprise (Alemania)","Director de Compras & Procurement","Alemania",60,"ESTANDAR_80 (20% Ingresos)",19,0,"NUEVO_SIN_CORREO","Acuerdo_Proveedores_Logistica_2026.pdf"
"lead_087","Evelyn Lopez","evelyn.lopez87@silvaparami.ar","Lopez Enterprise (Chile)","General Counsel & Director Legal","Chile",60,"ESTANDAR_80 (20% Ingresos)",19,0,"NUEVO_SIN_CORREO","Acuerdo_Proveedores_Logistica_2026.pdf"
"lead_090","Carlos Mendoza","carlos.mendoza90@techconsulting.io","Mendoza Enterprise (Costa Rica)","CFO & VP of Finance","Costa Rica",60,"ESTANDAR_80 (20% Ingresos)",19,0,"NUEVO_SIN_CORREO","Contrato_Arrendamiento_Comercial_2026.pdf"
"lead_093","Mariana Rios","mariana.rios93@innovatech.es","Rios Enterprise (Inglaterra)","Financial Controller & Auditor","Inglaterra",60,"ESTANDAR_80 (20% Ingresos)",19,0,"NUEVO_SIN_CORREO","Acuerdo_Proveedores_Logistica_2026.pdf"
"lead_099","Valentina Moore","valentina.moore99@apexglobal.co.uk","Moore Enterprise (Mexico)","Property Manager & Real Estate Lead","Mexico",60,"ESTANDAR_80 (20% Ingresos)",19,0,"NUEVO_SIN_CORREO","Acuerdo_Proveedores_Logistica_2026.pdf"
"lead_102","Fernando Morales","fernando.morales102@vertextrading.de","Morales Enterprise (Peru)","General Counsel & Director Legal","Peru",60,"ESTANDAR_80 (20% Ingresos)",19,0,"NUEVO_SIN_CORREO","Contrato_Arrendamiento_Comercial_2026.pdf"
"lead_105","Victoria Garcia","victoria.garcia105@nordiclogistics.se","Garcia Enterprise (Espana)","CFO & VP of Finance","Espana",60,"ESTANDAR_80 (20% Ingresos)",19,0,"NUEVO_SIN_CORREO","Acuerdo_Proveedores_Logistica_2026.pdf"
"lead_111","Emma Silva","emma.silva111@cloudscale.fr","Silva Enterprise (Luxemburgo)","Director de Compras & Procurement","Luxemburgo",60,"ESTANDAR_80 (20% Ingresos)",19,0,"NUEVO_SIN_CORREO","Acuerdo_Proveedores_Logistica_2026.pdf"
"lead_114","Benjamin Williams","benjamin.williams114@beneluxventures.lu","Williams Enterprise (Colombia)","Property Manager & Real Estate Lead","Colombia",60,"ESTANDAR_80 (20% Ingresos)",19,0,"NUEVO_SIN_CORREO","Contrato_Arrendamiento_Comercial_2026.pdf"
"lead_117","Evelyn Lopez","evelyn.lopez117@helsinkisystems.fi","Lopez Enterprise (Guatemala)","General Counsel & Director Legal","Guatemala",60,"ESTANDAR_80 (20% Ingresos)",19,0,"NUEVO_SIN_CORREO","Acuerdo_Proveedores_Logistica_2026.pdf"
"lead_123","Mariana Rios","mariana.rios123@constructora.sv","Rios Enterprise (Alemania)","Financial Controller & Auditor","Alemania",60,"ESTANDAR_80 (20% Ingresos)",19,0,"NUEVO_SIN_CORREO","Acuerdo_Proveedores_Logistica_2026.pdf"
"lead_126","Mateo Rodriguez","mateo.rodriguez126@gomezlogistics.com","Rodriguez Enterprise (El Salvador)","Director de Compras & Procurement","El Salvador",60,"ESTANDAR_80 (20% Ingresos)",19,0,"NUEVO_SIN_CORREO","Contrato_Arrendamiento_Comercial_2026.pdf"
"lead_129","Valentina Moore","valentina.moore129@vargasretail.co","Moore Enterprise (Chile)","Property Manager & Real Estate Lead","Chile",60,"ESTANDAR_80 (20% Ingresos)",19,0,"NUEVO_SIN_CORREO","Acuerdo_Proveedores_Logistica_2026.pdf"
"lead_135","Victoria Garcia","victoria.garcia135@navarrotrade.cl","Garcia Enterprise (Inglaterra)","CFO & VP of Finance","Inglaterra",60,"ESTANDAR_80 (20% Ingresos)",19,0,"NUEVO_SIN_CORREO","Acuerdo_Proveedores_Logistica_2026.pdf"
"lead_138","William Anderson","william.anderson138@riosbanking.pe","Anderson Enterprise (Francia)","Financial Controller & Auditor","Francia",60,"ESTANDAR_80 (20% Ingresos)",19,0,"NUEVO_SIN_CORREO","Contrato_Arrendamiento_Comercial_2026.pdf"
"lead_141","Emma Silva","emma.silva141@peraltabuilders.gt","Silva Enterprise (Mexico)","Director de Compras & Procurement","Mexico",60,"ESTANDAR_80 (20% Ingresos)",19,0,"NUEVO_SIN_CORREO","Acuerdo_Proveedores_Logistica_2026.pdf"
"lead_147","Evelyn Lopez","evelyn.lopez147@silvaparami.ar","Lopez Enterprise (Espana)","General Counsel & Director Legal","Espana",60,"ESTANDAR_80 (20% Ingresos)",19,0,"NUEVO_SIN_CORREO","Acuerdo_Proveedores_Logistica_2026.pdf"
"lead_150","Carlos Mendoza","carlos.mendoza150@techconsulting.io","Mendoza Enterprise (Suiza)","CFO & VP of Finance","Suiza",60,"ESTANDAR_80 (20% Ingresos)",19,0,"NUEVO_SIN_CORREO","Contrato_Arrendamiento_Comercial_2026.pdf"
"lead_153","Mariana Rios","mariana.rios153@innovatech.es","Rios Enterprise (Luxemburgo)","Financial Controller & Auditor","Luxemburgo",60,"ESTANDAR_80 (20% Ingresos)",19,0,"NUEVO_SIN_CORREO","Acuerdo_Proveedores_Logistica_2026.pdf"
"lead_159","Valentina Moore","valentina.moore159@apexglobal.co.uk","Moore Enterprise (Guatemala)","Property Manager & Real Estate Lead","Guatemala",60,"ESTANDAR_80 (20% Ingresos)",19,0,"NUEVO_SIN_CORREO","Acuerdo_Proveedores_Logistica_2026.pdf"
"lead_162","Fernando Morales","fernando.morales162@vertextrading.de","Morales Enterprise (Estados Unidos)","General Counsel & Director Legal","Estados Unidos",60,"ESTANDAR_80 (20% Ingresos)",19,0,"NUEVO_SIN_CORREO","Contrato_Arrendamiento_Comercial_2026.pdf"
"lead_165","Victoria Garcia","victoria.garcia165@nordiclogistics.se","Garcia Enterprise (Alemania)","CFO & VP of Finance","Alemania",60,"ESTANDAR_80 (20% Ingresos)",19,0,"NUEVO_SIN_CORREO","Acuerdo_Proveedores_Logistica_2026.pdf"
"lead_171","Emma Silva","emma.silva171@cloudscale.fr","Silva Enterprise (Chile)","Director de Compras & Procurement","Chile",60,"ESTANDAR_80 (20% Ingresos)",19,0,"NUEVO_SIN_CORREO","Acuerdo_Proveedores_Logistica_2026.pdf"
"lead_174","Benjamin Williams","benjamin.williams174@beneluxventures.lu","Williams Enterprise (Costa Rica)","Property Manager & Real Estate Lead","Costa Rica",60,"ESTANDAR_80 (20% Ingresos)",19,0,"NUEVO_SIN_CORREO","Contrato_Arrendamiento_Comercial_2026.pdf"
"lead_177","Evelyn Lopez","evelyn.lopez177@helsinkisystems.fi","Lopez Enterprise (Inglaterra)","General Counsel & Director Legal","Inglaterra",60,"ESTANDAR_80 (20% Ingresos)",19,0,"NUEVO_SIN_CORREO","Acuerdo_Proveedores_Logistica_2026.pdf"
"lead_183","Mariana Rios","mariana.rios183@constructora.sv","Rios Enterprise (Mexico)","Financial Controller & Auditor","Mexico",60,"ESTANDAR_80 (20% Ingresos)",19,0,"NUEVO_SIN_CORREO","Acuerdo_Proveedores_Logistica_2026.pdf"
"lead_186","Mateo Rodriguez","mateo.rodriguez186@gomezlogistics.com","Rodriguez Enterprise (Peru)","Director de Compras & Procurement","Peru",60,"ESTANDAR_80 (20% Ingresos)",19,0,"NUEVO_SIN_CORREO","Contrato_Arrendamiento_Comercial_2026.pdf"
"lead_189","Valentina Moore","valentina.moore189@vargasretail.co","Moore Enterprise (Espana)","Property Manager & Real Estate Lead","Espana",60,"ESTANDAR_80 (20% Ingresos)",19,0,"NUEVO_SIN_CORREO","Acuerdo_Proveedores_Logistica_2026.pdf"
"lead_195","Victoria Garcia","victoria.garcia195@navarrotrade.cl","Garcia Enterprise (Luxemburgo)","CFO & VP of Finance","Luxemburgo",60,"ESTANDAR_80 (20% Ingresos)",19,0,"NUEVO_SIN_CORREO","Acuerdo_Proveedores_Logistica_2026.pdf"
"lead_198","William Anderson","william.anderson198@riosbanking.pe","Anderson Enterprise (Colombia)","Financial Controller & Auditor","Colombia",60,"ESTANDAR_80 (20% Ingresos)",19,0,"NUEVO_SIN_CORREO","Contrato_Arrendamiento_Comercial_2026.pdf"
"lead_201","Emma Silva","emma.silva201@peraltabuilders.gt","Silva Enterprise (Guatemala)","Director de Compras & Procurement","Guatemala",60,"ESTANDAR_80 (20% Ingresos)",19,0,"NUEVO_SIN_CORREO","Acuerdo_Proveedores_Logistica_2026.pdf"
"lead_207","Evelyn Lopez","evelyn.lopez207@silvaparami.ar","Lopez Enterprise (Alemania)","General Counsel & Director Legal","Alemania",60,"ESTANDAR_80 (20% Ingresos)",19,0,"NUEVO_SIN_CORREO","Acuerdo_Proveedores_Logistica_2026.pdf"
"lead_210","Carlos Mendoza","carlos.mendoza210@techconsulting.io","Mendoza Enterprise (El Salvador)","CFO & VP of Finance","El Salvador",60,"ESTANDAR_80 (20% Ingresos)",19,0,"NUEVO_SIN_CORREO","Contrato_Arrendamiento_Comercial_2026.pdf"
"lead_213","Mariana Rios","mariana.rios213@innovatech.es","Rios Enterprise (Chile)","Financial Controller & Auditor","Chile",60,"ESTANDAR_80 (20% Ingresos)",19,0,"NUEVO_SIN_CORREO","Acuerdo_Proveedores_Logistica_2026.pdf"
"lead_219","Valentina Moore","valentina.moore219@apexglobal.co.uk","Moore Enterprise (Inglaterra)","Property Manager & Real Estate Lead","Inglaterra",60,"ESTANDAR_80 (20% Ingresos)",19,0,"NUEVO_SIN_CORREO","Acuerdo_Proveedores_Logistica_2026.pdf"
"lead_222","Fernando Morales","fernando.morales222@vertextrading.de","Morales Enterprise (Francia)","General Counsel & Director Legal","Francia",60,"ESTANDAR_80 (20% Ingresos)",19,0,"NUEVO_SIN_CORREO","Contrato_Arrendamiento_Comercial_2026.pdf"
"lead_225","Victoria Garcia","victoria.garcia225@nordiclogistics.se","Garcia Enterprise (Mexico)","CFO & VP of Finance","Mexico",60,"ESTANDAR_80 (20% Ingresos)",19,0,"NUEVO_SIN_CORREO","Acuerdo_Proveedores_Logistica_2026.pdf"
"lead_231","Emma Silva","emma.silva231@cloudscale.fr","Silva Enterprise (Espana)","Director de Compras & Procurement","Espana",60,"ESTANDAR_80 (20% Ingresos)",19,0,"NUEVO_SIN_CORREO","Acuerdo_Proveedores_Logistica_2026.pdf"
"lead_234","Benjamin Williams","benjamin.williams234@beneluxventures.lu","Williams Enterprise (Suiza)","Property Manager & Real Estate Lead","Suiza",60,"ESTANDAR_80 (20% Ingresos)",19,0,"NUEVO_SIN_CORREO","Contrato_Arrendamiento_Comercial_2026.pdf"
"lead_237","Evelyn Lopez","evelyn.lopez237@helsinkisystems.fi","Lopez Enterprise (Luxemburgo)","General Counsel & Director Legal","Luxemburgo",60,"ESTANDAR_80 (20% Ingresos)",19,0,"NUEVO_SIN_CORREO","Acuerdo_Proveedores_Logistica_2026.pdf"
"lead_243","Mariana Rios","mariana.rios243@constructora.sv","Rios Enterprise (Guatemala)","Financial Controller & Auditor","Guatemala",60,"ESTANDAR_80 (20% Ingresos)",19,0,"NUEVO_SIN_CORREO","Acuerdo_Proveedores_Logistica_2026.pdf"
"lead_246","Mateo Rodriguez","mateo.rodriguez246@gomezlogistics.com","Rodriguez Enterprise (Estados Unidos)","Director de Compras & Procurement","Estados Unidos",60,"ESTANDAR_80 (20% Ingresos)",19,0,"NUEVO_SIN_CORREO","Contrato_Arrendamiento_Comercial_2026.pdf"
"lead_249","Valentina Moore","valentina.moore249@vargasretail.co","Moore Enterprise (Alemania)","Property Manager & Real Estate Lead","Alemania",60,"ESTANDAR_80 (20% Ingresos)",19,0,"NUEVO_SIN_CORREO","Acuerdo_Proveedores_Logistica_2026.pdf"
"lead_255","Victoria Garcia","victoria.garcia255@navarrotrade.cl","Garcia Enterprise (Chile)","CFO & VP of Finance","Chile",60,"ESTANDAR_80 (20% Ingresos)",19,0,"NUEVO_SIN_CORREO","Acuerdo_Proveedores_Logistica_2026.pdf"
"lead_258","William Anderson","william.anderson258@riosbanking.pe","Anderson Enterprise (Costa Rica)","Financial Controller & Auditor","Costa Rica",60,"ESTANDAR_80 (20% Ingresos)",19,0,"NUEVO_SIN_CORREO","Contrato_Arrendamiento_Comercial_2026.pdf"
"lead_261","Emma Silva","emma.silva261@peraltabuilders.gt","Silva Enterprise (Inglaterra)","Director de Compras & Procurement","Inglaterra",60,"ESTANDAR_80 (20% Ingresos)",19,0,"NUEVO_SIN_CORREO","Acuerdo_Proveedores_Logistica_2026.pdf"
"lead_267","Evelyn Lopez","evelyn.lopez267@silvaparami.ar","Lopez Enterprise (Mexico)","General Counsel & Director Legal","Mexico",60,"ESTANDAR_80 (20% Ingresos)",19,0,"NUEVO_SIN_CORREO","Acuerdo_Proveedores_Logistica_2026.pdf"
"lead_270","Carlos Mendoza","carlos.mendoza270@techconsulting.io","Mendoza Enterprise (Peru)","CFO & VP of Finance","Peru",60,"ESTANDAR_80 (20% Ingresos)",19,0,"NUEVO_SIN_CORREO","Contrato_Arrendamiento_Comercial_2026.pdf"
"lead_273","Mariana Rios","mariana.rios273@innovatech.es","Rios Enterprise (Espana)","Financial Controller & Auditor","Espana",60,"ESTANDAR_80 (20% Ingresos)",19,0,"NUEVO_SIN_CORREO","Acuerdo_Proveedores_Logistica_2026.pdf"
"lead_279","Valentina Moore","valentina.moore279@apexglobal.co.uk","Moore Enterprise (Luxemburgo)","Property Manager & Real Estate Lead","Luxemburgo",60,"ESTANDAR_80 (20% Ingresos)",19,0,"NUEVO_SIN_CORREO","Acuerdo_Proveedores_Logistica_2026.pdf"
"lead_282","Fernando Morales","fernando.morales282@vertextrading.de","Morales Enterprise (Colombia)","General Counsel & Director Legal","Colombia",60,"ESTANDAR_80 (20% Ingresos)",19,0,"NUEVO_SIN_CORREO","Contrato_Arrendamiento_Comercial_2026.pdf"
"lead_285","Victoria Garcia","victoria.garcia285@nordiclogistics.se","Garcia Enterprise (Guatemala)","CFO & VP of Finance","Guatemala",60,"ESTANDAR_80 (20% Ingresos)",19,0,"NUEVO_SIN_CORREO","Acuerdo_Proveedores_Logistica_2026.pdf"
"lead_291","Emma Silva","emma.silva291@cloudscale.fr","Silva Enterprise (Alemania)","Director de Compras & Procurement","Alemania",60,"ESTANDAR_80 (20% Ingresos)",19,0,"NUEVO_SIN_CORREO","Acuerdo_Proveedores_Logistica_2026.pdf"
"lead_294","Benjamin Williams","benjamin.williams294@beneluxventures.lu","Williams Enterprise (El Salvador)","Property Manager & Real Estate Lead","El Salvador",60,"ESTANDAR_80 (20% Ingresos)",19,0,"NUEVO_SIN_CORREO","Contrato_Arrendamiento_Comercial_2026.pdf"
"lead_297","Evelyn Lopez","evelyn.lopez297@helsinkisystems.fi","Lopez Enterprise (Chile)","General Counsel & Director Legal","Chile",60,"ESTANDAR_80 (20% Ingresos)",19,0,"NUEVO_SIN_CORREO","Acuerdo_Proveedores_Logistica_2026.pdf"
"lead_303","Mariana Rios","mariana.rios303@constructora.sv","Rios Enterprise (Inglaterra)","Financial Controller & Auditor","Inglaterra",60,"ESTANDAR_80 (20% Ingresos)",19,0,"NUEVO_SIN_CORREO","Acuerdo_Proveedores_Logistica_2026.pdf"
"lead_306","Mateo Rodriguez","mateo.rodriguez306@gomezlogistics.com","Rodriguez Enterprise (Francia)","Director de Compras & Procurement","Francia",60,"ESTANDAR_80 (20% Ingresos)",19,0,"NUEVO_SIN_CORREO","Contrato_Arrendamiento_Comercial_2026.pdf"
"lead_309","Valentina Moore","valentina.moore309@vargasretail.co","Moore Enterprise (Mexico)","Property Manager & Real Estate Lead","Mexico",60,"ESTANDAR_80 (20% Ingresos)",19,0,"NUEVO_SIN_CORREO","Acuerdo_Proveedores_Logistica_2026.pdf"
"lead_315","Victoria Garcia","victoria.garcia315@navarrotrade.cl","Garcia Enterprise (Espana)","CFO & VP of Finance","Espana",60,"ESTANDAR_80 (20% Ingresos)",19,0,"NUEVO_SIN_CORREO","Acuerdo_Proveedores_Logistica_2026.pdf"
"lead_318","William Anderson","william.anderson318@riosbanking.pe","Anderson Enterprise (Suiza)","Financial Controller & Auditor","Suiza",60,"ESTANDAR_80 (20% Ingresos)",19,0,"NUEVO_SIN_CORREO","Contrato_Arrendamiento_Comercial_2026.pdf"
"lead_321","Emma Silva","emma.silva321@peraltabuilders.gt","Silva Enterprise (Luxemburgo)","Director de Compras & Procurement","Luxemburgo",60,"ESTANDAR_80 (20% Ingresos)",19,0,"NUEVO_SIN_CORREO","Acuerdo_Proveedores_Logistica_2026.pdf"
"lead_327","Evelyn Lopez","evelyn.lopez327@silvaparami.ar","Lopez Enterprise (Guatemala)","General Counsel & Director Legal","Guatemala",60,"ESTANDAR_80 (20% Ingresos)",19,0,"NUEVO_SIN_CORREO","Acuerdo_Proveedores_Logistica_2026.pdf"
"lead_330","Carlos Mendoza","carlos.mendoza330@techconsulting.io","Mendoza Enterprise (Estados Unidos)","CFO & VP of Finance","Estados Unidos",60,"ESTANDAR_80 (20% Ingresos)",19,0,"NUEVO_SIN_CORREO","Contrato_Arrendamiento_Comercial_2026.pdf"
"lead_333","Mariana Rios","mariana.rios333@innovatech.es","Rios Enterprise (Alemania)","Financial Controller & Auditor","Alemania",60,"ESTANDAR_80 (20% Ingresos)",19,0,"NUEVO_SIN_CORREO","Acuerdo_Proveedores_Logistica_2026.pdf"
"lead_339","Valentina Moore","valentina.moore339@apexglobal.co.uk","Moore Enterprise (Chile)","Property Manager & Real Estate Lead","Chile",60,"ESTANDAR_80 (20% Ingresos)",19,0,"NUEVO_SIN_CORREO","Acuerdo_Proveedores_Logistica_2026.pdf"
"lead_342","Fernando Morales","fernando.morales342@vertextrading.de","Morales Enterprise (Costa Rica)","General Counsel & Director Legal","Costa Rica",60,"ESTANDAR_80 (20% Ingresos)",19,0,"NUEVO_SIN_CORREO","Contrato_Arrendamiento_Comercial_2026.pdf"
"lead_345","Victoria Garcia","victoria.garcia345@nordiclogistics.se","Garcia Enterprise (Inglaterra)","CFO & VP of Finance","Inglaterra",60,"ESTANDAR_80 (20% Ingresos)",19,0,"NUEVO_SIN_CORREO","Acuerdo_Proveedores_Logistica_2026.pdf"
"lead_351","Emma Silva","emma.silva351@cloudscale.fr","Silva Enterprise (Mexico)","Director de Compras & Procurement","Mexico",60,"ESTANDAR_80 (20% Ingresos)",19,0,"NUEVO_SIN_CORREO","Acuerdo_Proveedores_Logistica_2026.pdf"
"lead_354","Benjamin Williams","benjamin.williams354@beneluxventures.lu","Williams Enterprise (Peru)","Property Manager & Real Estate Lead","Peru",60,"ESTANDAR_80 (20% Ingresos)",19,0,"NUEVO_SIN_CORREO","Contrato_Arrendamiento_Comercial_2026.pdf"
"lead_357","Evelyn Lopez","evelyn.lopez357@helsinkisystems.fi","Lopez Enterprise (Espana)","General Counsel & Director Legal","Espana",60,"ESTANDAR_80 (20% Ingresos)",19,0,"NUEVO_SIN_CORREO","Acuerdo_Proveedores_Logistica_2026.pdf"
"lead_363","Mariana Rios","mariana.rios363@constructora.sv","Rios Enterprise (Luxemburgo)","Financial Controller & Auditor","Luxemburgo",60,"ESTANDAR_80 (20% Ingresos)",19,0,"NUEVO_SIN_CORREO","Acuerdo_Proveedores_Logistica_2026.pdf"
"lead_366","Mateo Rodriguez","mateo.rodriguez366@gomezlogistics.com","Rodriguez Enterprise (Colombia)","Director de Compras & Procurement","Colombia",60,"ESTANDAR_80 (20% Ingresos)",19,0,"NUEVO_SIN_CORREO","Contrato_Arrendamiento_Comercial_2026.pdf"
"lead_369","Valentina Moore","valentina.moore369@vargasretail.co","Moore Enterprise (Guatemala)","Property Manager & Real Estate Lead","Guatemala",60,"ESTANDAR_80 (20% Ingresos)",19,0,"NUEVO_SIN_CORREO","Acuerdo_Proveedores_Logistica_2026.pdf"
"lead_375","Victoria Garcia","victoria.garcia375@navarrotrade.cl","Garcia Enterprise (Alemania)","CFO & VP of Finance","Alemania",60,"ESTANDAR_80 (20% Ingresos)",19,0,"NUEVO_SIN_CORREO","Acuerdo_Proveedores_Logistica_2026.pdf"
"lead_378","William Anderson","william.anderson378@riosbanking.pe","Anderson Enterprise (El Salvador)","Financial Controller & Auditor","El Salvador",60,"ESTANDAR_80 (20% Ingresos)",19,0,"NUEVO_SIN_CORREO","Contrato_Arrendamiento_Comercial_2026.pdf"
"lead_381","Emma Silva","emma.silva381@peraltabuilders.gt","Silva Enterprise (Chile)","Director de Compras & Procurement","Chile",60,"ESTANDAR_80 (20% Ingresos)",19,0,"NUEVO_SIN_CORREO","Acuerdo_Proveedores_Logistica_2026.pdf"
"lead_387","Evelyn Lopez","evelyn.lopez387@silvaparami.ar","Lopez Enterprise (Inglaterra)","General Counsel & Director Legal","Inglaterra",60,"ESTANDAR_80 (20% Ingresos)",19,0,"NUEVO_SIN_CORREO","Acuerdo_Proveedores_Logistica_2026.pdf"
"lead_390","Carlos Mendoza","carlos.mendoza390@techconsulting.io","Mendoza Enterprise (Francia)","CFO & VP of Finance","Francia",60,"ESTANDAR_80 (20% Ingresos)",19,0,"NUEVO_SIN_CORREO","Contrato_Arrendamiento_Comercial_2026.pdf"
"lead_393","Mariana Rios","mariana.rios393@innovatech.es","Rios Enterprise (Mexico)","Financial Controller & Auditor","Mexico",60,"ESTANDAR_80 (20% Ingresos)",19,0,"NUEVO_SIN_CORREO","Acuerdo_Proveedores_Logistica_2026.pdf"
"lead_399","Valentina Moore","valentina.moore399@apexglobal.co.uk","Moore Enterprise (Espana)","Property Manager & Real Estate Lead","Espana",60,"ESTANDAR_80 (20% Ingresos)",19,0,"NUEVO_SIN_CORREO","Acuerdo_Proveedores_Logistica_2026.pdf"
"lead_402","Fernando Morales","fernando.morales402@vertextrading.de","Morales Enterprise (Suiza)","General Counsel & Director Legal","Suiza",60,"ESTANDAR_80 (20% Ingresos)",19,0,"NUEVO_SIN_CORREO","Contrato_Arrendamiento_Comercial_2026.pdf"
"lead_405","Victoria Garcia","victoria.garcia405@nordiclogistics.se","Garcia Enterprise (Luxemburgo)","CFO & VP of Finance","Luxemburgo",60,"ESTANDAR_80 (20% Ingresos)",19,0,"NUEVO_SIN_CORREO","Acuerdo_Proveedores_Logistica_2026.pdf"
"lead_411","Emma Silva","emma.silva411@cloudscale.fr","Silva Enterprise (Guatemala)","Director de Compras & Procurement","Guatemala",60,"ESTANDAR_80 (20% Ingresos)",19,0,"NUEVO_SIN_CORREO","Acuerdo_Proveedores_Logistica_2026.pdf"
"lead_414","Benjamin Williams","benjamin.williams414@beneluxventures.lu","Williams Enterprise (Estados Unidos)","Property Manager & Real Estate Lead","Estados Unidos",60,"ESTANDAR_80 (20% Ingresos)",19,0,"NUEVO_SIN_CORREO","Contrato_Arrendamiento_Comercial_2026.pdf"
"lead_417","Evelyn Lopez","evelyn.lopez417@helsinkisystems.fi","Lopez Enterprise (Alemania)","General Counsel & Director Legal","Alemania",60,"ESTANDAR_80 (20% Ingresos)",19,0,"NUEVO_SIN_CORREO","Acuerdo_Proveedores_Logistica_2026.pdf"
"lead_423","Mariana Rios","mariana.rios423@constructora.sv","Rios Enterprise (Chile)","Financial Controller & Auditor","Chile",60,"ESTANDAR_80 (20% Ingresos)",19,0,"NUEVO_SIN_CORREO","Acuerdo_Proveedores_Logistica_2026.pdf"
"lead_426","Mateo Rodriguez","mateo.rodriguez426@gomezlogistics.com","Rodriguez Enterprise (Costa Rica)","Director de Compras & Procurement","Costa Rica",60,"ESTANDAR_80 (20% Ingresos)",19,0,"NUEVO_SIN_CORREO","Contrato_Arrendamiento_Comercial_2026.pdf"
"lead_429","Valentina Moore","valentina.moore429@vargasretail.co","Moore Enterprise (Inglaterra)","Property Manager & Real Estate Lead","Inglaterra",60,"ESTANDAR_80 (20% Ingresos)",19,0,"NUEVO_SIN_CORREO","Acuerdo_Proveedores_Logistica_2026.pdf"
"lead_435","Victoria Garcia","victoria.garcia435@navarrotrade.cl","Garcia Enterprise (Mexico)","CFO & VP of Finance","Mexico",60,"ESTANDAR_80 (20% Ingresos)",19,0,"NUEVO_SIN_CORREO","Acuerdo_Proveedores_Logistica_2026.pdf"
"lead_438","William Anderson","william.anderson438@riosbanking.pe","Anderson Enterprise (Peru)","Financial Controller & Auditor","Peru",60,"ESTANDAR_80 (20% Ingresos)",19,0,"NUEVO_SIN_CORREO","Contrato_Arrendamiento_Comercial_2026.pdf"
"lead_441","Emma Silva","emma.silva441@peraltabuilders.gt","Silva Enterprise (Espana)","Director de Compras & Procurement","Espana",60,"ESTANDAR_80 (20% Ingresos)",19,0,"NUEVO_SIN_CORREO","Acuerdo_Proveedores_Logistica_2026.pdf"
"lead_447","Evelyn Lopez","evelyn.lopez447@silvaparami.ar","Lopez Enterprise (Luxemburgo)","General Counsel & Director Legal","Luxemburgo",60,"ESTANDAR_80 (20% Ingresos)",19,0,"NUEVO_SIN_CORREO","Acuerdo_Proveedores_Logistica_2026.pdf"
"lead_450","Carlos Mendoza","carlos.mendoza450@techconsulting.io","Mendoza Enterprise (Colombia)","CFO & VP of Finance","Colombia",60,"ESTANDAR_80 (20% Ingresos)",19,0,"NUEVO_SIN_CORREO","Contrato_Arrendamiento_Comercial_2026.pdf"
"lead_453","Mariana Rios","mariana.rios453@innovatech.es","Rios Enterprise (Guatemala)","Financial Controller & Auditor","Guatemala",60,"ESTANDAR_80 (20% Ingresos)",19,0,"NUEVO_SIN_CORREO","Acuerdo_Proveedores_Logistica_2026.pdf"
"lead_459","Valentina Moore","valentina.moore459@apexglobal.co.uk","Moore Enterprise (Alemania)","Property Manager & Real Estate Lead","Alemania",60,"ESTANDAR_80 (20% Ingresos)",19,0,"NUEVO_SIN_CORREO","Acuerdo_Proveedores_Logistica_2026.pdf"
"lead_462","Fernando Morales","fernando.morales462@vertextrading.de","Morales Enterprise (El Salvador)","General Counsel & Director Legal","El Salvador",60,"ESTANDAR_80 (20% Ingresos)",19,0,"NUEVO_SIN_CORREO","Contrato_Arrendamiento_Comercial_2026.pdf"
"lead_465","Victoria Garcia","victoria.garcia465@nordiclogistics.se","Garcia Enterprise (Chile)","CFO & VP of Finance","Chile",60,"ESTANDAR_80 (20% Ingresos)",19,0,"NUEVO_SIN_CORREO","Acuerdo_Proveedores_Logistica_2026.pdf"
"lead_471","Emma Silva","emma.silva471@cloudscale.fr","Silva Enterprise (Inglaterra)","Director de Compras & Procurement","Inglaterra",60,"ESTANDAR_80 (20% Ingresos)",19,0,"NUEVO_SIN_CORREO","Acuerdo_Proveedores_Logistica_2026.pdf"
"lead_474","Benjamin Williams","benjamin.williams474@beneluxventures.lu","Williams Enterprise (Francia)","Property Manager & Real Estate Lead","Francia",60,"ESTANDAR_80 (20% Ingresos)",19,0,"NUEVO_SIN_CORREO","Contrato_Arrendamiento_Comercial_2026.pdf"
"lead_477","Evelyn Lopez","evelyn.lopez477@helsinkisystems.fi","Lopez Enterprise (Mexico)","General Counsel & Director Legal","Mexico",60,"ESTANDAR_80 (20% Ingresos)",19,0,"NUEVO_SIN_CORREO","Acuerdo_Proveedores_Logistica_2026.pdf"
"lead_483","Mariana Rios","mariana.rios483@constructora.sv","Rios Enterprise (Espana)","Financial Controller & Auditor","Espana",60,"ESTANDAR_80 (20% Ingresos)",19,0,"NUEVO_SIN_CORREO","Acuerdo_Proveedores_Logistica_2026.pdf"
"lead_486","Mateo Rodriguez","mateo.rodriguez486@gomezlogistics.com","Rodriguez Enterprise (Suiza)","Director de Compras & Procurement","Suiza",60,"ESTANDAR_80 (20% Ingresos)",19,0,"NUEVO_SIN_CORREO","Contrato_Arrendamiento_Comercial_2026.pdf"
"lead_489","Valentina Moore","valentina.moore489@vargasretail.co","Moore Enterprise (Luxemburgo)","Property Manager & Real Estate Lead","Luxemburgo",60,"ESTANDAR_80 (20% Ingresos)",19,0,"NUEVO_SIN_CORREO","Acuerdo_Proveedores_Logistica_2026.pdf"
"lead_495","Victoria Garcia","victoria.garcia495@navarrotrade.cl","Garcia Enterprise (Guatemala)","CFO & VP of Finance","Guatemala",60,"ESTANDAR_80 (20% Ingresos)",19,0,"NUEVO_SIN_CORREO","Acuerdo_Proveedores_Logistica_2026.pdf"
"lead_498","William Anderson","william.anderson498@riosbanking.pe","Anderson Enterprise (Estados Unidos)","Financial Controller & Auditor","Estados Unidos",60,"ESTANDAR_80 (20% Ingresos)",19,0,"NUEVO_SIN_CORREO","Contrato_Arrendamiento_Comercial_2026.pdf"
"lead_008","Alejandro Anderson","alejandro.anderson8@finanzeprova.it","Anderson Enterprise (Estados Unidos)","Financial Controller & Auditor","Estados Unidos",86,"ESTANDAR_80 (20% Ingresos)",69,3,"CONTACTADO (3 envios)","SLA_Infraestructura_Servidores.pdf"
"lead_044","Gabriel Williams","gabriel.williams44@moralesinvestments.cr","Williams Enterprise (Colombia)","Property Manager & Real Estate Lead","Colombia",86,"ESTANDAR_80 (20% Ingresos)",69,3,"CONTACTADO (3 envios)","SLA_Infraestructura_Servidores.pdf"
"lead_056","Henry Rodriguez","henry.rodriguez56@lombardcapital.ch","Rodriguez Enterprise (El Salvador)","Director de Compras & Procurement","El Salvador",86,"ESTANDAR_80 (20% Ingresos)",69,3,"CONTACTADO (3 envios)","SLA_Infraestructura_Servidores.pdf"
"lead_068","Alejandro Anderson","alejandro.anderson68@finanzeprova.it","Anderson Enterprise (Francia)","Financial Controller & Auditor","Francia",86,"ESTANDAR_80 (20% Ingresos)",69,3,"CONTACTADO (3 envios)","SLA_Infraestructura_Servidores.pdf"
"lead_104","Gabriel Williams","gabriel.williams104@moralesinvestments.cr","Williams Enterprise (Costa Rica)","Property Manager & Real Estate Lead","Costa Rica",86,"ESTANDAR_80 (20% Ingresos)",69,3,"CONTACTADO (3 envios)","SLA_Infraestructura_Servidores.pdf"
"lead_116","Henry Rodriguez","henry.rodriguez116@lombardcapital.ch","Rodriguez Enterprise (Peru)","Director de Compras & Procurement","Peru",86,"ESTANDAR_80 (20% Ingresos)",69,3,"CONTACTADO (3 envios)","SLA_Infraestructura_Servidores.pdf"
"lead_128","Alejandro Anderson","alejandro.anderson128@finanzeprova.it","Anderson Enterprise (Colombia)","Financial Controller & Auditor","Colombia",86,"ESTANDAR_80 (20% Ingresos)",69,3,"CONTACTADO (3 envios)","SLA_Infraestructura_Servidores.pdf"
"lead_164","Gabriel Williams","gabriel.williams164@moralesinvestments.cr","Williams Enterprise (Suiza)","Property Manager & Real Estate Lead","Suiza",86,"ESTANDAR_80 (20% Ingresos)",69,3,"CONTACTADO (3 envios)","SLA_Infraestructura_Servidores.pdf"
"lead_176","Henry Rodriguez","henry.rodriguez176@lombardcapital.ch","Rodriguez Enterprise (Estados Unidos)","Director de Compras & Procurement","Estados Unidos",86,"ESTANDAR_80 (20% Ingresos)",69,3,"CONTACTADO (3 envios)","SLA_Infraestructura_Servidores.pdf"
"lead_188","Alejandro Anderson","alejandro.anderson188@finanzeprova.it","Anderson Enterprise (Costa Rica)","Financial Controller & Auditor","Costa Rica",86,"ESTANDAR_80 (20% Ingresos)",69,3,"CONTACTADO (3 envios)","SLA_Infraestructura_Servidores.pdf"
"lead_224","Gabriel Williams","gabriel.williams224@moralesinvestments.cr","Williams Enterprise (El Salvador)","Property Manager & Real Estate Lead","El Salvador",86,"ESTANDAR_80 (20% Ingresos)",69,3,"CONTACTADO (3 envios)","SLA_Infraestructura_Servidores.pdf"
"lead_236","Henry Rodriguez","henry.rodriguez236@lombardcapital.ch","Rodriguez Enterprise (Francia)","Director de Compras & Procurement","Francia",86,"ESTANDAR_80 (20% Ingresos)",69,3,"CONTACTADO (3 envios)","SLA_Infraestructura_Servidores.pdf"
"lead_248","Alejandro Anderson","alejandro.anderson248@finanzeprova.it","Anderson Enterprise (Suiza)","Financial Controller & Auditor","Suiza",86,"ESTANDAR_80 (20% Ingresos)",69,3,"CONTACTADO (3 envios)","SLA_Infraestructura_Servidores.pdf"
"lead_284","Gabriel Williams","gabriel.williams284@moralesinvestments.cr","Williams Enterprise (Peru)","Property Manager & Real Estate Lead","Peru",86,"ESTANDAR_80 (20% Ingresos)",69,3,"CONTACTADO (3 envios)","SLA_Infraestructura_Servidores.pdf"
"lead_296","Henry Rodriguez","henry.rodriguez296@lombardcapital.ch","Rodriguez Enterprise (Colombia)","Director de Compras & Procurement","Colombia",86,"ESTANDAR_80 (20% Ingresos)",69,3,"CONTACTADO (3 envios)","SLA_Infraestructura_Servidores.pdf"
"lead_308","Alejandro Anderson","alejandro.anderson308@finanzeprova.it","Anderson Enterprise (El Salvador)","Financial Controller & Auditor","El Salvador",86,"ESTANDAR_80 (20% Ingresos)",69,3,"CONTACTADO (3 envios)","SLA_Infraestructura_Servidores.pdf"
"lead_344","Gabriel Williams","gabriel.williams344@moralesinvestments.cr","Williams Enterprise (Estados Unidos)","Property Manager & Real Estate Lead","Estados Unidos",86,"ESTANDAR_80 (20% Ingresos)",69,3,"CONTACTADO (3 envios)","SLA_Infraestructura_Servidores.pdf"
"lead_356","Henry Rodriguez","henry.rodriguez356@lombardcapital.ch","Rodriguez Enterprise (Costa Rica)","Director de Compras & Procurement","Costa Rica",86,"ESTANDAR_80 (20% Ingresos)",69,3,"CONTACTADO (3 envios)","SLA_Infraestructura_Servidores.pdf"
"lead_368","Alejandro Anderson","alejandro.anderson368@finanzeprova.it","Anderson Enterprise (Peru)","Financial Controller & Auditor","Peru",86,"ESTANDAR_80 (20% Ingresos)",69,3,"CONTACTADO (3 envios)","SLA_Infraestructura_Servidores.pdf"
"lead_404","Gabriel Williams","gabriel.williams404@moralesinvestments.cr","Williams Enterprise (Francia)","Property Manager & Real Estate Lead","Francia",86,"ESTANDAR_80 (20% Ingresos)",69,3,"CONTACTADO (3 envios)","SLA_Infraestructura_Servidores.pdf"
"lead_416","Henry Rodriguez","henry.rodriguez416@lombardcapital.ch","Rodriguez Enterprise (Suiza)","Director de Compras & Procurement","Suiza",86,"ESTANDAR_80 (20% Ingresos)",69,3,"CONTACTADO (3 envios)","SLA_Infraestructura_Servidores.pdf"
"lead_428","Alejandro Anderson","alejandro.anderson428@finanzeprova.it","Anderson Enterprise (Estados Unidos)","Financial Controller & Auditor","Estados Unidos",86,"ESTANDAR_80 (20% Ingresos)",69,3,"CONTACTADO (3 envios)","SLA_Infraestructura_Servidores.pdf"
"lead_464","Gabriel Williams","gabriel.williams464@moralesinvestments.cr","Williams Enterprise (Colombia)","Property Manager & Real Estate Lead","Colombia",86,"ESTANDAR_80 (20% Ingresos)",69,3,"CONTACTADO (3 envios)","SLA_Infraestructura_Servidores.pdf"
"lead_476","Henry Rodriguez","henry.rodriguez476@lombardcapital.ch","Rodriguez Enterprise (El Salvador)","Director de Compras & Procurement","El Salvador",86,"ESTANDAR_80 (20% Ingresos)",69,3,"CONTACTADO (3 envios)","SLA_Infraestructura_Servidores.pdf"
"lead_488","Alejandro Anderson","alejandro.anderson488@finanzeprova.it","Anderson Enterprise (Francia)","Financial Controller & Auditor","Francia",86,"ESTANDAR_80 (20% Ingresos)",69,3,"CONTACTADO (3 envios)","SLA_Infraestructura_Servidores.pdf"
"lead_004","Javier Williams","javier.williams4@moralesinvestments.cr","Williams Enterprise (Peru)","Property Manager & Real Estate Lead","Peru",73,"ESTANDAR_80 (20% Ingresos)",19,2,"CONTACTADO (2 envios)","Contrato_Obra_Civil_Industrial.pdf"
"lead_016","Alexander Rodriguez","alexander.rodriguez16@lombardcapital.ch","Rodriguez Enterprise (Colombia)","Director de Compras & Procurement","Colombia",73,"ESTANDAR_80 (20% Ingresos)",19,2,"CONTACTADO (2 envios)","Contrato_Obra_Civil_Industrial.pdf"
"lead_028","Sebastian Anderson","sebastian.anderson28@finanzeprova.it","Anderson Enterprise (El Salvador)","Financial Controller & Auditor","El Salvador",73,"ESTANDAR_80 (20% Ingresos)",19,2,"CONTACTADO (2 envios)","Contrato_Obra_Civil_Industrial.pdf"
"lead_040","Diego Mendoza","diego.mendoza40@mendozalaw.com","Mendoza Enterprise (Francia)","CFO & VP of Finance","Francia",73,"ESTANDAR_80 (20% Ingresos)",19,2,"CONTACTADO (2 envios)","Contrato_Obra_Civil_Industrial.pdf"
"lead_052","Lucas Morales","lucas.morales52@castillocorp.mx","Morales Enterprise (Suiza)","General Counsel & Director Legal","Suiza",73,"ESTANDAR_80 (20% Ingresos)",19,2,"CONTACTADO (2 envios)","Contrato_Obra_Civil_Industrial.pdf"
"lead_064","Javier Williams","javier.williams64@moralesinvestments.cr","Williams Enterprise (Estados Unidos)","Property Manager & Real Estate Lead","Estados Unidos",73,"ESTANDAR_80 (20% Ingresos)",19,2,"CONTACTADO (2 envios)","Contrato_Obra_Civil_Industrial.pdf"
"lead_076","Alexander Rodriguez","alexander.rodriguez76@lombardcapital.ch","Rodriguez Enterprise (Costa Rica)","Director de Compras & Procurement","Costa Rica",73,"ESTANDAR_80 (20% Ingresos)",19,2,"CONTACTADO (2 envios)","Contrato_Obra_Civil_Industrial.pdf"
"lead_088","Sebastian Anderson","sebastian.anderson88@finanzeprova.it","Anderson Enterprise (Peru)","Financial Controller & Auditor","Peru",73,"ESTANDAR_80 (20% Ingresos)",19,2,"CONTACTADO (2 envios)","Contrato_Obra_Civil_Industrial.pdf"
"lead_100","Diego Mendoza","diego.mendoza100@mendozalaw.com","Mendoza Enterprise (Colombia)","CFO & VP of Finance","Colombia",73,"ESTANDAR_80 (20% Ingresos)",19,2,"CONTACTADO (2 envios)","Contrato_Obra_Civil_Industrial.pdf"
"lead_112","Lucas Morales","lucas.morales112@castillocorp.mx","Morales Enterprise (El Salvador)","General Counsel & Director Legal","El Salvador",73,"ESTANDAR_80 (20% Ingresos)",19,2,"CONTACTADO (2 envios)","Contrato_Obra_Civil_Industrial.pdf"
"lead_124","Javier Williams","javier.williams124@moralesinvestments.cr","Williams Enterprise (Francia)","Property Manager & Real Estate Lead","Francia",73,"ESTANDAR_80 (20% Ingresos)",19,2,"CONTACTADO (2 envios)","Contrato_Obra_Civil_Industrial.pdf"
"lead_136","Alexander Rodriguez","alexander.rodriguez136@lombardcapital.ch","Rodriguez Enterprise (Suiza)","Director de Compras & Procurement","Suiza",73,"ESTANDAR_80 (20% Ingresos)",19,2,"CONTACTADO (2 envios)","Contrato_Obra_Civil_Industrial.pdf"
"lead_148","Sebastian Anderson","sebastian.anderson148@finanzeprova.it","Anderson Enterprise (Estados Unidos)","Financial Controller & Auditor","Estados Unidos",73,"ESTANDAR_80 (20% Ingresos)",19,2,"CONTACTADO (2 envios)","Contrato_Obra_Civil_Industrial.pdf"
"lead_160","Diego Mendoza","diego.mendoza160@mendozalaw.com","Mendoza Enterprise (Costa Rica)","CFO & VP of Finance","Costa Rica",73,"ESTANDAR_80 (20% Ingresos)",19,2,"CONTACTADO (2 envios)","Contrato_Obra_Civil_Industrial.pdf"
"lead_172","Lucas Morales","lucas.morales172@castillocorp.mx","Morales Enterprise (Peru)","General Counsel & Director Legal","Peru",73,"ESTANDAR_80 (20% Ingresos)",19,2,"CONTACTADO (2 envios)","Contrato_Obra_Civil_Industrial.pdf"
"lead_184","Javier Williams","javier.williams184@moralesinvestments.cr","Williams Enterprise (Colombia)","Property Manager & Real Estate Lead","Colombia",73,"ESTANDAR_80 (20% Ingresos)",19,2,"CONTACTADO (2 envios)","Contrato_Obra_Civil_Industrial.pdf"
"lead_196","Alexander Rodriguez","alexander.rodriguez196@lombardcapital.ch","Rodriguez Enterprise (El Salvador)","Director de Compras & Procurement","El Salvador",73,"ESTANDAR_80 (20% Ingresos)",19,2,"CONTACTADO (2 envios)","Contrato_Obra_Civil_Industrial.pdf"
"lead_208","Sebastian Anderson","sebastian.anderson208@finanzeprova.it","Anderson Enterprise (Francia)","Financial Controller & Auditor","Francia",73,"ESTANDAR_80 (20% Ingresos)",19,2,"CONTACTADO (2 envios)","Contrato_Obra_Civil_Industrial.pdf"
"lead_220","Diego Mendoza","diego.mendoza220@mendozalaw.com","Mendoza Enterprise (Suiza)","CFO & VP of Finance","Suiza",73,"ESTANDAR_80 (20% Ingresos)",19,2,"CONTACTADO (2 envios)","Contrato_Obra_Civil_Industrial.pdf"
"lead_232","Lucas Morales","lucas.morales232@castillocorp.mx","Morales Enterprise (Estados Unidos)","General Counsel & Director Legal","Estados Unidos",73,"ESTANDAR_80 (20% Ingresos)",19,2,"CONTACTADO (2 envios)","Contrato_Obra_Civil_Industrial.pdf"
"lead_244","Javier Williams","javier.williams244@moralesinvestments.cr","Williams Enterprise (Costa Rica)","Property Manager & Real Estate Lead","Costa Rica",73,"ESTANDAR_80 (20% Ingresos)",19,2,"CONTACTADO (2 envios)","Contrato_Obra_Civil_Industrial.pdf"
"lead_256","Alexander Rodriguez","alexander.rodriguez256@lombardcapital.ch","Rodriguez Enterprise (Peru)","Director de Compras & Procurement","Peru",73,"ESTANDAR_80 (20% Ingresos)",19,2,"CONTACTADO (2 envios)","Contrato_Obra_Civil_Industrial.pdf"
"lead_268","Sebastian Anderson","sebastian.anderson268@finanzeprova.it","Anderson Enterprise (Colombia)","Financial Controller & Auditor","Colombia",73,"ESTANDAR_80 (20% Ingresos)",19,2,"CONTACTADO (2 envios)","Contrato_Obra_Civil_Industrial.pdf"
"lead_280","Diego Mendoza","diego.mendoza280@mendozalaw.com","Mendoza Enterprise (El Salvador)","CFO & VP of Finance","El Salvador",73,"ESTANDAR_80 (20% Ingresos)",19,2,"CONTACTADO (2 envios)","Contrato_Obra_Civil_Industrial.pdf"
"lead_292","Lucas Morales","lucas.morales292@castillocorp.mx","Morales Enterprise (Francia)","General Counsel & Director Legal","Francia",73,"ESTANDAR_80 (20% Ingresos)",19,2,"CONTACTADO (2 envios)","Contrato_Obra_Civil_Industrial.pdf"
"lead_304","Javier Williams","javier.williams304@moralesinvestments.cr","Williams Enterprise (Suiza)","Property Manager & Real Estate Lead","Suiza",73,"ESTANDAR_80 (20% Ingresos)",19,2,"CONTACTADO (2 envios)","Contrato_Obra_Civil_Industrial.pdf"
"lead_316","Alexander Rodriguez","alexander.rodriguez316@lombardcapital.ch","Rodriguez Enterprise (Estados Unidos)","Director de Compras & Procurement","Estados Unidos",73,"ESTANDAR_80 (20% Ingresos)",19,2,"CONTACTADO (2 envios)","Contrato_Obra_Civil_Industrial.pdf"
"lead_328","Sebastian Anderson","sebastian.anderson328@finanzeprova.it","Anderson Enterprise (Costa Rica)","Financial Controller & Auditor","Costa Rica",73,"ESTANDAR_80 (20% Ingresos)",19,2,"CONTACTADO (2 envios)","Contrato_Obra_Civil_Industrial.pdf"
"lead_340","Diego Mendoza","diego.mendoza340@mendozalaw.com","Mendoza Enterprise (Peru)","CFO & VP of Finance","Peru",73,"ESTANDAR_80 (20% Ingresos)",19,2,"CONTACTADO (2 envios)","Contrato_Obra_Civil_Industrial.pdf"
"lead_352","Lucas Morales","lucas.morales352@castillocorp.mx","Morales Enterprise (Colombia)","General Counsel & Director Legal","Colombia",73,"ESTANDAR_80 (20% Ingresos)",19,2,"CONTACTADO (2 envios)","Contrato_Obra_Civil_Industrial.pdf"
"lead_364","Javier Williams","javier.williams364@moralesinvestments.cr","Williams Enterprise (El Salvador)","Property Manager & Real Estate Lead","El Salvador",73,"ESTANDAR_80 (20% Ingresos)",19,2,"CONTACTADO (2 envios)","Contrato_Obra_Civil_Industrial.pdf"
"lead_376","Alexander Rodriguez","alexander.rodriguez376@lombardcapital.ch","Rodriguez Enterprise (Francia)","Director de Compras & Procurement","Francia",73,"ESTANDAR_80 (20% Ingresos)",19,2,"CONTACTADO (2 envios)","Contrato_Obra_Civil_Industrial.pdf"
"lead_388","Sebastian Anderson","sebastian.anderson388@finanzeprova.it","Anderson Enterprise (Suiza)","Financial Controller & Auditor","Suiza",73,"ESTANDAR_80 (20% Ingresos)",19,2,"CONTACTADO (2 envios)","Contrato_Obra_Civil_Industrial.pdf"
"lead_400","Diego Mendoza","diego.mendoza400@mendozalaw.com","Mendoza Enterprise (Estados Unidos)","CFO & VP of Finance","Estados Unidos",73,"ESTANDAR_80 (20% Ingresos)",19,2,"CONTACTADO (2 envios)","Contrato_Obra_Civil_Industrial.pdf"
"lead_412","Lucas Morales","lucas.morales412@castillocorp.mx","Morales Enterprise (Costa Rica)","General Counsel & Director Legal","Costa Rica",73,"ESTANDAR_80 (20% Ingresos)",19,2,"CONTACTADO (2 envios)","Contrato_Obra_Civil_Industrial.pdf"
"lead_424","Javier Williams","javier.williams424@moralesinvestments.cr","Williams Enterprise (Peru)","Property Manager & Real Estate Lead","Peru",73,"ESTANDAR_80 (20% Ingresos)",19,2,"CONTACTADO (2 envios)","Contrato_Obra_Civil_Industrial.pdf"
"lead_436","Alexander Rodriguez","alexander.rodriguez436@lombardcapital.ch","Rodriguez Enterprise (Colombia)","Director de Compras & Procurement","Colombia",73,"ESTANDAR_80 (20% Ingresos)",19,2,"CONTACTADO (2 envios)","Contrato_Obra_Civil_Industrial.pdf"
"lead_448","Sebastian Anderson","sebastian.anderson448@finanzeprova.it","Anderson Enterprise (El Salvador)","Financial Controller & Auditor","El Salvador",73,"ESTANDAR_80 (20% Ingresos)",19,2,"CONTACTADO (2 envios)","Contrato_Obra_Civil_Industrial.pdf"
"lead_460","Diego Mendoza","diego.mendoza460@mendozalaw.com","Mendoza Enterprise (Francia)","CFO & VP of Finance","Francia",73,"ESTANDAR_80 (20% Ingresos)",19,2,"CONTACTADO (2 envios)","Contrato_Obra_Civil_Industrial.pdf"
"lead_472","Lucas Morales","lucas.morales472@castillocorp.mx","Morales Enterprise (Suiza)","General Counsel & Director Legal","Suiza",73,"ESTANDAR_80 (20% Ingresos)",19,2,"CONTACTADO (2 envios)","Contrato_Obra_Civil_Industrial.pdf"
"lead_484","Javier Williams","javier.williams484@moralesinvestments.cr","Williams Enterprise (Estados Unidos)","Property Manager & Real Estate Lead","Estados Unidos",73,"ESTANDAR_80 (20% Ingresos)",19,2,"CONTACTADO (2 envios)","Contrato_Obra_Civil_Industrial.pdf"
"lead_496","Alexander Rodriguez","alexander.rodriguez496@lombardcapital.ch","Rodriguez Enterprise (Costa Rica)","Director de Compras & Procurement","Costa Rica",73,"ESTANDAR_80 (20% Ingresos)",19,2,"CONTACTADO (2 envios)","Contrato_Obra_Civil_Industrial.pdf"
"lead_012","Fernando Morales","fernando.morales12@castillocorp.mx","Morales Enterprise (Francia)","General Counsel & Director Legal","Francia",60,"ESTANDAR_80 (20% Ingresos)",19,1,"CONTACTADO (1 envios)","Contrato_Arrendamiento_Comercial_2026.pdf"
"lead_024","Benjamin Williams","benjamin.williams24@moralesinvestments.cr","Williams Enterprise (Suiza)","Property Manager & Real Estate Lead","Suiza",60,"ESTANDAR_80 (20% Ingresos)",19,1,"CONTACTADO (1 envios)","Contrato_Arrendamiento_Comercial_2026.pdf"
"lead_036","Mateo Rodriguez","mateo.rodriguez36@lombardcapital.ch","Rodriguez Enterprise (Estados Unidos)","Director de Compras & Procurement","Estados Unidos",60,"ESTANDAR_80 (20% Ingresos)",19,1,"CONTACTADO (1 envios)","Contrato_Arrendamiento_Comercial_2026.pdf"
"lead_048","William Anderson","william.anderson48@finanzeprova.it","Anderson Enterprise (Costa Rica)","Financial Controller & Auditor","Costa Rica",60,"ESTANDAR_80 (20% Ingresos)",19,1,"CONTACTADO (1 envios)","Contrato_Arrendamiento_Comercial_2026.pdf"
"lead_060","Carlos Mendoza","carlos.mendoza60@mendozalaw.com","Mendoza Enterprise (Peru)","CFO & VP of Finance","Peru",60,"ESTANDAR_80 (20% Ingresos)",19,1,"CONTACTADO (1 envios)","Contrato_Arrendamiento_Comercial_2026.pdf"
"lead_072","Fernando Morales","fernando.morales72@castillocorp.mx","Morales Enterprise (Colombia)","General Counsel & Director Legal","Colombia",60,"ESTANDAR_80 (20% Ingresos)",19,1,"CONTACTADO (1 envios)","Contrato_Arrendamiento_Comercial_2026.pdf"
"lead_084","Benjamin Williams","benjamin.williams84@moralesinvestments.cr","Williams Enterprise (El Salvador)","Property Manager & Real Estate Lead","El Salvador",60,"ESTANDAR_80 (20% Ingresos)",19,1,"CONTACTADO (1 envios)","Contrato_Arrendamiento_Comercial_2026.pdf"
"lead_096","Mateo Rodriguez","mateo.rodriguez96@lombardcapital.ch","Rodriguez Enterprise (Francia)","Director de Compras & Procurement","Francia",60,"ESTANDAR_80 (20% Ingresos)",19,1,"CONTACTADO (1 envios)","Contrato_Arrendamiento_Comercial_2026.pdf"
"lead_108","William Anderson","william.anderson108@finanzeprova.it","Anderson Enterprise (Suiza)","Financial Controller & Auditor","Suiza",60,"ESTANDAR_80 (20% Ingresos)",19,1,"CONTACTADO (1 envios)","Contrato_Arrendamiento_Comercial_2026.pdf"
"lead_120","Carlos Mendoza","carlos.mendoza120@mendozalaw.com","Mendoza Enterprise (Estados Unidos)","CFO & VP of Finance","Estados Unidos",60,"ESTANDAR_80 (20% Ingresos)",19,1,"CONTACTADO (1 envios)","Contrato_Arrendamiento_Comercial_2026.pdf"
"lead_132","Fernando Morales","fernando.morales132@castillocorp.mx","Morales Enterprise (Costa Rica)","General Counsel & Director Legal","Costa Rica",60,"ESTANDAR_80 (20% Ingresos)",19,1,"CONTACTADO (1 envios)","Contrato_Arrendamiento_Comercial_2026.pdf"
"lead_144","Benjamin Williams","benjamin.williams144@moralesinvestments.cr","Williams Enterprise (Peru)","Property Manager & Real Estate Lead","Peru",60,"ESTANDAR_80 (20% Ingresos)",19,1,"CONTACTADO (1 envios)","Contrato_Arrendamiento_Comercial_2026.pdf"
"lead_156","Mateo Rodriguez","mateo.rodriguez156@lombardcapital.ch","Rodriguez Enterprise (Colombia)","Director de Compras & Procurement","Colombia",60,"ESTANDAR_80 (20% Ingresos)",19,1,"CONTACTADO (1 envios)","Contrato_Arrendamiento_Comercial_2026.pdf"
"lead_168","William Anderson","william.anderson168@finanzeprova.it","Anderson Enterprise (El Salvador)","Financial Controller & Auditor","El Salvador",60,"ESTANDAR_80 (20% Ingresos)",19,1,"CONTACTADO (1 envios)","Contrato_Arrendamiento_Comercial_2026.pdf"
"lead_180","Carlos Mendoza","carlos.mendoza180@mendozalaw.com","Mendoza Enterprise (Francia)","CFO & VP of Finance","Francia",60,"ESTANDAR_80 (20% Ingresos)",19,1,"CONTACTADO (1 envios)","Contrato_Arrendamiento_Comercial_2026.pdf"
"lead_192","Fernando Morales","fernando.morales192@castillocorp.mx","Morales Enterprise (Suiza)","General Counsel & Director Legal","Suiza",60,"ESTANDAR_80 (20% Ingresos)",19,1,"CONTACTADO (1 envios)","Contrato_Arrendamiento_Comercial_2026.pdf"
"lead_204","Benjamin Williams","benjamin.williams204@moralesinvestments.cr","Williams Enterprise (Estados Unidos)","Property Manager & Real Estate Lead","Estados Unidos",60,"ESTANDAR_80 (20% Ingresos)",19,1,"CONTACTADO (1 envios)","Contrato_Arrendamiento_Comercial_2026.pdf"
"lead_216","Mateo Rodriguez","mateo.rodriguez216@lombardcapital.ch","Rodriguez Enterprise (Costa Rica)","Director de Compras & Procurement","Costa Rica",60,"ESTANDAR_80 (20% Ingresos)",19,1,"CONTACTADO (1 envios)","Contrato_Arrendamiento_Comercial_2026.pdf"
"lead_228","William Anderson","william.anderson228@finanzeprova.it","Anderson Enterprise (Peru)","Financial Controller & Auditor","Peru",60,"ESTANDAR_80 (20% Ingresos)",19,1,"CONTACTADO (1 envios)","Contrato_Arrendamiento_Comercial_2026.pdf"
"lead_240","Carlos Mendoza","carlos.mendoza240@mendozalaw.com","Mendoza Enterprise (Colombia)","CFO & VP of Finance","Colombia",60,"ESTANDAR_80 (20% Ingresos)",19,1,"CONTACTADO (1 envios)","Contrato_Arrendamiento_Comercial_2026.pdf"
"lead_252","Fernando Morales","fernando.morales252@castillocorp.mx","Morales Enterprise (El Salvador)","General Counsel & Director Legal","El Salvador",60,"ESTANDAR_80 (20% Ingresos)",19,1,"CONTACTADO (1 envios)","Contrato_Arrendamiento_Comercial_2026.pdf"
"lead_264","Benjamin Williams","benjamin.williams264@moralesinvestments.cr","Williams Enterprise (Francia)","Property Manager & Real Estate Lead","Francia",60,"ESTANDAR_80 (20% Ingresos)",19,1,"CONTACTADO (1 envios)","Contrato_Arrendamiento_Comercial_2026.pdf"
"lead_276","Mateo Rodriguez","mateo.rodriguez276@lombardcapital.ch","Rodriguez Enterprise (Suiza)","Director de Compras & Procurement","Suiza",60,"ESTANDAR_80 (20% Ingresos)",19,1,"CONTACTADO (1 envios)","Contrato_Arrendamiento_Comercial_2026.pdf"
"lead_288","William Anderson","william.anderson288@finanzeprova.it","Anderson Enterprise (Estados Unidos)","Financial Controller & Auditor","Estados Unidos",60,"ESTANDAR_80 (20% Ingresos)",19,1,"CONTACTADO (1 envios)","Contrato_Arrendamiento_Comercial_2026.pdf"
"lead_300","Carlos Mendoza","carlos.mendoza300@mendozalaw.com","Mendoza Enterprise (Costa Rica)","CFO & VP of Finance","Costa Rica",60,"ESTANDAR_80 (20% Ingresos)",19,1,"CONTACTADO (1 envios)","Contrato_Arrendamiento_Comercial_2026.pdf"
"lead_312","Fernando Morales","fernando.morales312@castillocorp.mx","Morales Enterprise (Peru)","General Counsel & Director Legal","Peru",60,"ESTANDAR_80 (20% Ingresos)",19,1,"CONTACTADO (1 envios)","Contrato_Arrendamiento_Comercial_2026.pdf"
"lead_324","Benjamin Williams","benjamin.williams324@moralesinvestments.cr","Williams Enterprise (Colombia)","Property Manager & Real Estate Lead","Colombia",60,"ESTANDAR_80 (20% Ingresos)",19,1,"CONTACTADO (1 envios)","Contrato_Arrendamiento_Comercial_2026.pdf"
"lead_336","Mateo Rodriguez","mateo.rodriguez336@lombardcapital.ch","Rodriguez Enterprise (El Salvador)","Director de Compras & Procurement","El Salvador",60,"ESTANDAR_80 (20% Ingresos)",19,1,"CONTACTADO (1 envios)","Contrato_Arrendamiento_Comercial_2026.pdf"
"lead_348","William Anderson","william.anderson348@finanzeprova.it","Anderson Enterprise (Francia)","Financial Controller & Auditor","Francia",60,"ESTANDAR_80 (20% Ingresos)",19,1,"CONTACTADO (1 envios)","Contrato_Arrendamiento_Comercial_2026.pdf"
"lead_360","Carlos Mendoza","carlos.mendoza360@mendozalaw.com","Mendoza Enterprise (Suiza)","CFO & VP of Finance","Suiza",60,"ESTANDAR_80 (20% Ingresos)",19,1,"CONTACTADO (1 envios)","Contrato_Arrendamiento_Comercial_2026.pdf"
"lead_372","Fernando Morales","fernando.morales372@castillocorp.mx","Morales Enterprise (Estados Unidos)","General Counsel & Director Legal","Estados Unidos",60,"ESTANDAR_80 (20% Ingresos)",19,1,"CONTACTADO (1 envios)","Contrato_Arrendamiento_Comercial_2026.pdf"
"lead_384","Benjamin Williams","benjamin.williams384@moralesinvestments.cr","Williams Enterprise (Costa Rica)","Property Manager & Real Estate Lead","Costa Rica",60,"ESTANDAR_80 (20% Ingresos)",19,1,"CONTACTADO (1 envios)","Contrato_Arrendamiento_Comercial_2026.pdf"
"lead_396","Mateo Rodriguez","mateo.rodriguez396@lombardcapital.ch","Rodriguez Enterprise (Peru)","Director de Compras & Procurement","Peru",60,"ESTANDAR_80 (20% Ingresos)",19,1,"CONTACTADO (1 envios)","Contrato_Arrendamiento_Comercial_2026.pdf"
"lead_408","William Anderson","william.anderson408@finanzeprova.it","Anderson Enterprise (Colombia)","Financial Controller & Auditor","Colombia",60,"ESTANDAR_80 (20% Ingresos)",19,1,"CONTACTADO (1 envios)","Contrato_Arrendamiento_Comercial_2026.pdf"
"lead_420","Carlos Mendoza","carlos.mendoza420@mendozalaw.com","Mendoza Enterprise (El Salvador)","CFO & VP of Finance","El Salvador",60,"ESTANDAR_80 (20% Ingresos)",19,1,"CONTACTADO (1 envios)","Contrato_Arrendamiento_Comercial_2026.pdf"
"lead_432","Fernando Morales","fernando.morales432@castillocorp.mx","Morales Enterprise (Francia)","General Counsel & Director Legal","Francia",60,"ESTANDAR_80 (20% Ingresos)",19,1,"CONTACTADO (1 envios)","Contrato_Arrendamiento_Comercial_2026.pdf"
"lead_444","Benjamin Williams","benjamin.williams444@moralesinvestments.cr","Williams Enterprise (Suiza)","Property Manager & Real Estate Lead","Suiza",60,"ESTANDAR_80 (20% Ingresos)",19,1,"CONTACTADO (1 envios)","Contrato_Arrendamiento_Comercial_2026.pdf"
"lead_456","Mateo Rodriguez","mateo.rodriguez456@lombardcapital.ch","Rodriguez Enterprise (Estados Unidos)","Director de Compras & Procurement","Estados Unidos",60,"ESTANDAR_80 (20% Ingresos)",19,1,"CONTACTADO (1 envios)","Contrato_Arrendamiento_Comercial_2026.pdf"
"lead_468","William Anderson","william.anderson468@finanzeprova.it","Anderson Enterprise (Costa Rica)","Financial Controller & Auditor","Costa Rica",60,"ESTANDAR_80 (20% Ingresos)",19,1,"CONTACTADO (1 envios)","Contrato_Arrendamiento_Comercial_2026.pdf"
"lead_480","Carlos Mendoza","carlos.mendoza480@mendozalaw.com","Mendoza Enterprise (Peru)","CFO & VP of Finance","Peru",60,"ESTANDAR_80 (20% Ingresos)",19,1,"CONTACTADO (1 envios)","Contrato_Arrendamiento_Comercial_2026.pdf"
"lead_492","Fernando Morales","fernando.morales492@castillocorp.mx","Morales Enterprise (Colombia)","General Counsel & Director Legal","Colombia",60,"ESTANDAR_80 (20% Ingresos)",19,1,"CONTACTADO (1 envios)","Contrato_Arrendamiento_Comercial_2026.pdf"
