ID,Nombre,Apellido,Empresa,Cargo,LinkedIn_URL,Email,Nota_Conexion_LinkedIn,Mensaje_1_Directo,Mensaje_2_Seguimiento
1,"Mariana","Navarro","Fuentes Industries","Director Financiero (CFO)","https://www.linkedin.com/in/mariana-navarro-cfo-1","mariana.navarro1@lombardcapital.ch","Hola Mariana, un gusto conectar. Veo tu liderazgo como Director Financiero (CFO) en Fuentes Industries. En Audiflowai desarrollamos un motor de IA determinista para auditar contratos y detectar pasivos ocultos en 40s antes de firma o cierre contable. Saludos!","Estimado/a Mariana,

Un gusto saludarte. Te contacto porque en empresas del sector de Fuentes Industries, el mayor dolor que vemos en auditorías no son los números del balance, sino las contingencias ocultas en contratos con proveedores (penalizaciones no registradas, cláusulas de rescisión asimétricas y sobrecostos).

En Audiflowai (https://audiflowai.com) creamos una infraestructura que cruza contratos contra balances en 40 segundos con rigor forense (cero alucinaciones y 100% en memoria volátil sin guardar datos en disco).

¿Te gustaría que te enviemos un análisis de prueba sin costo sobre 1 contrato modelo para que lo evalúes con tu equipo?

Saludos cordiales,
Equipo Audiflowai
soporte@audiflowai.com","Hola Mariana, espero que estés teniendo una excelente semana.

Te comparto un dato rápido: el 68% de las contingencias en procesos de Due Diligence provienen de cláusulas pasadas por alto. 

Habilitamos un acceso de cortesía para escanear 1 contrato completo sin tarjeta ni registro previo aquí: https://audiflowai.com

Quedo atento a tus comentarios si deseas probarlo."
2,"Lucas","Walker","Apex Global Holdings","Chief Financial Officer (CFO)","https://www.linkedin.com/in/lucas-walker-cfo-2","lucas.walker2@herreratrade.pa","Hola Lucas, un gusto conectar. Veo tu liderazgo como Chief Financial Officer (CFO) en Apex Global Holdings. En Audiflowai desarrollamos un motor de IA determinista para auditar contratos y detectar pasivos ocultos en 40s antes de firma o cierre contable. Saludos!","Estimado/a Lucas,

Un gusto saludarte. Te contacto porque en empresas del sector de Apex Global Holdings, el mayor dolor que vemos en auditorías no son los números del balance, sino las contingencias ocultas en contratos con proveedores (penalizaciones no registradas, cláusulas de rescisión asimétricas y sobrecostos).

En Audiflowai (https://audiflowai.com) creamos una infraestructura que cruza contratos contra balances en 40 segundos con rigor forense (cero alucinaciones y 100% en memoria volátil sin guardar datos en disco).

¿Te gustaría que te enviemos un análisis de prueba sin costo sobre 1 contrato modelo para que lo evalúes con tu equipo?

Saludos cordiales,
Equipo Audiflowai
soporte@audiflowai.com","Hola Lucas, espero que estés teniendo una excelente semana.

Te comparto un dato rápido: el 68% de las contingencias en procesos de Due Diligence provienen de cláusulas pasadas por alto. 

Habilitamos un acceso de cortesía para escanear 1 contrato completo sin tarjeta ni registro previo aquí: https://audiflowai.com

Quedo atento a tus comentarios si deseas probarlo."
3,"Valentina","Noriega","Alvarado Holdings","Director Financiero (CFO)","https://www.linkedin.com/in/valentina-noriega-cfo-3","valentina.noriega3@delgadogroup.cl","Hola Valentina, un gusto conectar. Veo tu liderazgo como Director Financiero (CFO) en Alvarado Holdings. En Audiflowai desarrollamos un motor de IA determinista para auditar contratos y detectar pasivos ocultos en 40s antes de firma o cierre contable. Saludos!","Estimado/a Valentina,

Un gusto saludarte. Te contacto porque en empresas del sector de Alvarado Holdings, el mayor dolor que vemos en auditorías no son los números del balance, sino las contingencias ocultas en contratos con proveedores (penalizaciones no registradas, cláusulas de rescisión asimétricas y sobrecostos).

En Audiflowai (https://audiflowai.com) creamos una infraestructura que cruza contratos contra balances en 40 segundos con rigor forense (cero alucinaciones y 100% en memoria volátil sin guardar datos en disco).

¿Te gustaría que te enviemos un análisis de prueba sin costo sobre 1 contrato modelo para que lo evalúes con tu equipo?

Saludos cordiales,
Equipo Audiflowai
soporte@audiflowai.com","Hola Valentina, espero que estés teniendo una excelente semana.

Te comparto un dato rápido: el 68% de las contingencias en procesos de Due Diligence provienen de cláusulas pasadas por alto. 

Habilitamos un acceso de cortesía para escanear 1 contrato completo sin tarjeta ni registro previo aquí: https://audiflowai.com

Quedo atento a tus comentarios si deseas probarlo."
4,"Sebastian","Berg","Fuentes Industries","Chief Financial Officer (CFO)","https://www.linkedin.com/in/sebastian-berg-cfo-4","sebastian.berg4@finanzeprova.it","Hola Sebastian, un gusto conectar. Veo tu liderazgo como Chief Financial Officer (CFO) en Fuentes Industries. En Audiflowai desarrollamos un motor de IA determinista para auditar contratos y detectar pasivos ocultos en 40s antes de firma o cierre contable. Saludos!","Estimado/a Sebastian,

Un gusto saludarte. Te contacto porque en empresas del sector de Fuentes Industries, el mayor dolor que vemos en auditorías no son los números del balance, sino las contingencias ocultas en contratos con proveedores (penalizaciones no registradas, cláusulas de rescisión asimétricas y sobrecostos).

En Audiflowai (https://audiflowai.com) creamos una infraestructura que cruza contratos contra balances en 40 segundos con rigor forense (cero alucinaciones y 100% en memoria volátil sin guardar datos en disco).

¿Te gustaría que te enviemos un análisis de prueba sin costo sobre 1 contrato modelo para que lo evalúes con tu equipo?

Saludos cordiales,
Equipo Audiflowai
soporte@audiflowai.com","Hola Sebastian, espero que estés teniendo una excelente semana.

Te comparto un dato rápido: el 68% de las contingencias en procesos de Due Diligence provienen de cláusulas pasadas por alto. 

Habilitamos un acceso de cortesía para escanear 1 contrato completo sin tarjeta ni registro previo aquí: https://audiflowai.com

Quedo atento a tus comentarios si deseas probarlo."
5,"Victoria","Morales","Apex Global Holdings","Director Financiero (CFO)","https://www.linkedin.com/in/victoria-morales-cfo-5","victoria.morales5@apexglobal.co.uk","Hola Victoria, un gusto conectar. Veo tu liderazgo como Director Financiero (CFO) en Apex Global Holdings. En Audiflowai desarrollamos un motor de IA determinista para auditar contratos y detectar pasivos ocultos en 40s antes de firma o cierre contable. Saludos!","Estimado/a Victoria,

Un gusto saludarte. Te contacto porque en empresas del sector de Apex Global Holdings, el mayor dolor que vemos en auditorías no son los números del balance, sino las contingencias ocultas en contratos con proveedores (penalizaciones no registradas, cláusulas de rescisión asimétricas y sobrecostos).

En Audiflowai (https://audiflowai.com) creamos una infraestructura que cruza contratos contra balances en 40 segundos con rigor forense (cero alucinaciones y 100% en memoria volátil sin guardar datos en disco).

¿Te gustaría que te enviemos un análisis de prueba sin costo sobre 1 contrato modelo para que lo evalúes con tu equipo?

Saludos cordiales,
Equipo Audiflowai
soporte@audiflowai.com","Hola Victoria, espero que estés teniendo una excelente semana.

Te comparto un dato rápido: el 68% de las contingencias en procesos de Due Diligence provienen de cláusulas pasadas por alto. 

Habilitamos un acceso de cortesía para escanear 1 contrato completo sin tarjeta ni registro previo aquí: https://audiflowai.com

Quedo atento a tus comentarios si deseas probarlo."
6,"Noah","Martin","Alvarado Holdings","Chief Financial Officer (CFO)","https://www.linkedin.com/in/noah-martin-cfo-6","noah.martin6@guzmanpartners.cr","Hola Noah, un gusto conectar. Veo tu liderazgo como Chief Financial Officer (CFO) en Alvarado Holdings. En Audiflowai desarrollamos un motor de IA determinista para auditar contratos y detectar pasivos ocultos en 40s antes de firma o cierre contable. Saludos!","Estimado/a Noah,

Un gusto saludarte. Te contacto porque en empresas del sector de Alvarado Holdings, el mayor dolor que vemos en auditorías no son los números del balance, sino las contingencias ocultas en contratos con proveedores (penalizaciones no registradas, cláusulas de rescisión asimétricas y sobrecostos).

En Audiflowai (https://audiflowai.com) creamos una infraestructura que cruza contratos contra balances en 40 segundos con rigor forense (cero alucinaciones y 100% en memoria volátil sin guardar datos en disco).

¿Te gustaría que te enviemos un análisis de prueba sin costo sobre 1 contrato modelo para que lo evalúes con tu equipo?

Saludos cordiales,
Equipo Audiflowai
soporte@audiflowai.com","Hola Noah, espero que estés teniendo una excelente semana.

Te comparto un dato rápido: el 68% de las contingencias en procesos de Due Diligence provienen de cláusulas pasadas por alto. 

Habilitamos un acceso de cortesía para escanear 1 contrato completo sin tarjeta ni registro previo aquí: https://audiflowai.com

Quedo atento a tus comentarios si deseas probarlo."
7,"Natalia","Lara","Fuentes Industries","Director Financiero (CFO)","https://www.linkedin.com/in/natalia-lara-cfo-7","natalia.lara7@cisneroslogistics.co","Hola Natalia, un gusto conectar. Veo tu liderazgo como Director Financiero (CFO) en Fuentes Industries. En Audiflowai desarrollamos un motor de IA determinista para auditar contratos y detectar pasivos ocultos en 40s antes de firma o cierre contable. Saludos!","Estimado/a Natalia,

Un gusto saludarte. Te contacto porque en empresas del sector de Fuentes Industries, el mayor dolor que vemos en auditorías no son los números del balance, sino las contingencias ocultas en contratos con proveedores (penalizaciones no registradas, cláusulas de rescisión asimétricas y sobrecostos).

En Audiflowai (https://audiflowai.com) creamos una infraestructura que cruza contratos contra balances en 40 segundos con rigor forense (cero alucinaciones y 100% en memoria volátil sin guardar datos en disco).

¿Te gustaría que te enviemos un análisis de prueba sin costo sobre 1 contrato modelo para que lo evalúes con tu equipo?

Saludos cordiales,
Equipo Audiflowai
soporte@audiflowai.com","Hola Natalia, espero que estés teniendo una excelente semana.

Te comparto un dato rápido: el 68% de las contingencias en procesos de Due Diligence provienen de cláusulas pasadas por alto. 

Habilitamos un acceso de cortesía para escanear 1 contrato completo sin tarjeta ni registro previo aquí: https://audiflowai.com

Quedo atento a tus comentarios si deseas probarlo."
8,"Astrid","Jensen","Apex Global Holdings","Chief Financial Officer (CFO)","https://www.linkedin.com/in/astrid-jensen-cfo-8","astrid.jensen8@nordiclogistics.se","Hola Astrid, un gusto conectar. Veo tu liderazgo como Chief Financial Officer (CFO) en Apex Global Holdings. En Audiflowai desarrollamos un motor de IA determinista para auditar contratos y detectar pasivos ocultos en 40s antes de firma o cierre contable. Saludos!","Estimado/a Astrid,

Un gusto saludarte. Te contacto porque en empresas del sector de Apex Global Holdings, el mayor dolor que vemos en auditorías no son los números del balance, sino las contingencias ocultas en contratos con proveedores (penalizaciones no registradas, cláusulas de rescisión asimétricas y sobrecostos).

En Audiflowai (https://audiflowai.com) creamos una infraestructura que cruza contratos contra balances en 40 segundos con rigor forense (cero alucinaciones y 100% en memoria volátil sin guardar datos en disco).

¿Te gustaría que te enviemos un análisis de prueba sin costo sobre 1 contrato modelo para que lo evalúes con tu equipo?

Saludos cordiales,
Equipo Audiflowai
soporte@audiflowai.com","Hola Astrid, espero que estés teniendo una excelente semana.

Te comparto un dato rápido: el 68% de las contingencias en procesos de Due Diligence provienen de cláusulas pasadas por alto. 

Habilitamos un acceso de cortesía para escanear 1 contrato completo sin tarjeta ni registro previo aquí: https://audiflowai.com

Quedo atento a tus comentarios si deseas probarlo."
9,"Santiago","Peralta","Alvarado Holdings","Director Financiero (CFO)","https://www.linkedin.com/in/santiago-peralta-cfo-9","santiago.peralta9@vargasretail.co","Hola Santiago, un gusto conectar. Veo tu liderazgo como Director Financiero (CFO) en Alvarado Holdings. En Audiflowai desarrollamos un motor de IA determinista para auditar contratos y detectar pasivos ocultos en 40s antes de firma o cierre contable. Saludos!","Estimado/a Santiago,

Un gusto saludarte. Te contacto porque en empresas del sector de Alvarado Holdings, el mayor dolor que vemos en auditorías no son los números del balance, sino las contingencias ocultas en contratos con proveedores (penalizaciones no registradas, cláusulas de rescisión asimétricas y sobrecostos).

En Audiflowai (https://audiflowai.com) creamos una infraestructura que cruza contratos contra balances en 40 segundos con rigor forense (cero alucinaciones y 100% en memoria volátil sin guardar datos en disco).

¿Te gustaría que te enviemos un análisis de prueba sin costo sobre 1 contrato modelo para que lo evalúes con tu equipo?

Saludos cordiales,
Equipo Audiflowai
soporte@audiflowai.com","Hola Santiago, espero que estés teniendo una excelente semana.

Te comparto un dato rápido: el 68% de las contingencias en procesos de Due Diligence provienen de cláusulas pasadas por alto. 

Habilitamos un acceso de cortesía para escanear 1 contrato completo sin tarjeta ni registro previo aquí: https://audiflowai.com

Quedo atento a tus comentarios si deseas probarlo."
10,"Alexander","Moore","Fuentes Industries","Chief Financial Officer (CFO)","https://www.linkedin.com/in/alexander-moore-cfo-10","alexander.moore10@fuentesindustries.gt","Hola Alexander, un gusto conectar. Veo tu liderazgo como Chief Financial Officer (CFO) en Fuentes Industries. En Audiflowai desarrollamos un motor de IA determinista para auditar contratos y detectar pasivos ocultos en 40s antes de firma o cierre contable. Saludos!","Estimado/a Alexander,

Un gusto saludarte. Te contacto porque en empresas del sector de Fuentes Industries, el mayor dolor que vemos en auditorías no son los números del balance, sino las contingencias ocultas en contratos con proveedores (penalizaciones no registradas, cláusulas de rescisión asimétricas y sobrecostos).

En Audiflowai (https://audiflowai.com) creamos una infraestructura que cruza contratos contra balances en 40 segundos con rigor forense (cero alucinaciones y 100% en memoria volátil sin guardar datos en disco).

¿Te gustaría que te enviemos un análisis de prueba sin costo sobre 1 contrato modelo para que lo evalúes con tu equipo?

Saludos cordiales,
Equipo Audiflowai
soporte@audiflowai.com","Hola Alexander, espero que estés teniendo una excelente semana.

Te comparto un dato rápido: el 68% de las contingencias en procesos de Due Diligence provienen de cláusulas pasadas por alto. 

Habilitamos un acceso de cortesía para escanear 1 contrato completo sin tarjeta ni registro previo aquí: https://audiflowai.com

Quedo atento a tus comentarios si deseas probarlo."
11,"Mariana","Ibanez","Apex Global Holdings","Director Financiero (CFO)","https://www.linkedin.com/in/mariana-ibanez-cfo-11","mariana.ibanez11@bermudezcapital.mx","Hola Mariana, un gusto conectar. Veo tu liderazgo como Director Financiero (CFO) en Apex Global Holdings. En Audiflowai desarrollamos un motor de IA determinista para auditar contratos y detectar pasivos ocultos en 40s antes de firma o cierre contable. Saludos!","Estimado/a Mariana,

Un gusto saludarte. Te contacto porque en empresas del sector de Apex Global Holdings, el mayor dolor que vemos en auditorías no son los números del balance, sino las contingencias ocultas en contratos con proveedores (penalizaciones no registradas, cláusulas de rescisión asimétricas y sobrecostos).

En Audiflowai (https://audiflowai.com) creamos una infraestructura que cruza contratos contra balances en 40 segundos con rigor forense (cero alucinaciones y 100% en memoria volátil sin guardar datos en disco).

¿Te gustaría que te enviemos un análisis de prueba sin costo sobre 1 contrato modelo para que lo evalúes con tu equipo?

Saludos cordiales,
Equipo Audiflowai
soporte@audiflowai.com","Hola Mariana, espero que estés teniendo una excelente semana.

Te comparto un dato rápido: el 68% de las contingencias en procesos de Due Diligence provienen de cláusulas pasadas por alto. 

Habilitamos un acceso de cortesía para escanear 1 contrato completo sin tarjeta ni registro previo aquí: https://audiflowai.com

Quedo atento a tus comentarios si deseas probarlo."
12,"Lucas","Hoffmann","Alvarado Holdings","Chief Financial Officer (CFO)","https://www.linkedin.com/in/lucas-hoffmann-cfo-12","lucas.hoffmann12@vertextrading.de","Hola Lucas, un gusto conectar. Veo tu liderazgo como Chief Financial Officer (CFO) en Alvarado Holdings. En Audiflowai desarrollamos un motor de IA determinista para auditar contratos y detectar pasivos ocultos en 40s antes de firma o cierre contable. Saludos!","Estimado/a Lucas,

Un gusto saludarte. Te contacto porque en empresas del sector de Alvarado Holdings, el mayor dolor que vemos en auditorías no son los números del balance, sino las contingencias ocultas en contratos con proveedores (penalizaciones no registradas, cláusulas de rescisión asimétricas y sobrecostos).

En Audiflowai (https://audiflowai.com) creamos una infraestructura que cruza contratos contra balances en 40 segundos con rigor forense (cero alucinaciones y 100% en memoria volátil sin guardar datos en disco).

¿Te gustaría que te enviemos un análisis de prueba sin costo sobre 1 contrato modelo para que lo evalúes con tu equipo?

Saludos cordiales,
Equipo Audiflowai
soporte@audiflowai.com","Hola Lucas, espero que estés teniendo una excelente semana.

Te comparto un dato rápido: el 68% de las contingencias en procesos de Due Diligence provienen de cláusulas pasadas por alto. 

Habilitamos un acceso de cortesía para escanear 1 contrato completo sin tarjeta ni registro previo aquí: https://audiflowai.com

Quedo atento a tus comentarios si deseas probarlo."
13,"Valentina","Gomez","Fuentes Industries","Director Financiero (CFO)","https://www.linkedin.com/in/valentina-gomez-cfo-13","valentina.gomez13@mendozacorp.sv","Hola Valentina, un gusto conectar. Veo tu liderazgo como Director Financiero (CFO) en Fuentes Industries. En Audiflowai desarrollamos un motor de IA determinista para auditar contratos y detectar pasivos ocultos en 40s antes de firma o cierre contable. Saludos!","Estimado/a Valentina,

Un gusto saludarte. Te contacto porque en empresas del sector de Fuentes Industries, el mayor dolor que vemos en auditorías no son los números del balance, sino las contingencias ocultas en contratos con proveedores (penalizaciones no registradas, cláusulas de rescisión asimétricas y sobrecostos).

En Audiflowai (https://audiflowai.com) creamos una infraestructura que cruza contratos contra balances en 40 segundos con rigor forense (cero alucinaciones y 100% en memoria volátil sin guardar datos en disco).

¿Te gustaría que te enviemos un análisis de prueba sin costo sobre 1 contrato modelo para que lo evalúes con tu equipo?

Saludos cordiales,
Equipo Audiflowai
soporte@audiflowai.com","Hola Valentina, espero que estés teniendo una excelente semana.

Te comparto un dato rápido: el 68% de las contingencias en procesos de Due Diligence provienen de cláusulas pasadas por alto. 

Habilitamos un acceso de cortesía para escanear 1 contrato completo sin tarjeta ni registro previo aquí: https://audiflowai.com

Quedo atento a tus comentarios si deseas probarlo."
14,"Sebastian","Anderson","Apex Global Holdings","Chief Financial Officer (CFO)","https://www.linkedin.com/in/sebastian-anderson-cfo-14","sebastian.anderson14@escobarenterprise.pe","Hola Sebastian, un gusto conectar. Veo tu liderazgo como Chief Financial Officer (CFO) en Apex Global Holdings. En Audiflowai desarrollamos un motor de IA determinista para auditar contratos y detectar pasivos ocultos en 40s antes de firma o cierre contable. Saludos!","Estimado/a Sebastian,

Un gusto saludarte. Te contacto porque en empresas del sector de Apex Global Holdings, el mayor dolor que vemos en auditorías no son los números del balance, sino las contingencias ocultas en contratos con proveedores (penalizaciones no registradas, cláusulas de rescisión asimétricas y sobrecostos).

En Audiflowai (https://audiflowai.com) creamos una infraestructura que cruza contratos contra balances en 40 segundos con rigor forense (cero alucinaciones y 100% en memoria volátil sin guardar datos en disco).

¿Te gustaría que te enviemos un análisis de prueba sin costo sobre 1 contrato modelo para que lo evalúes con tu equipo?

Saludos cordiales,
Equipo Audiflowai
soporte@audiflowai.com","Hola Sebastian, espero que estés teniendo una excelente semana.

Te comparto un dato rápido: el 68% de las contingencias en procesos de Due Diligence provienen de cláusulas pasadas por alto. 

Habilitamos un acceso de cortesía para escanear 1 contrato completo sin tarjeta ni registro previo aquí: https://audiflowai.com

Quedo atento a tus comentarios si deseas probarlo."
15,"Victoria","Guzman","Alvarado Holdings","Director Financiero (CFO)","https://www.linkedin.com/in/victoria-guzman-cfo-15","victoria.guzman15@alvaradoholdings.sv","Hola Victoria, un gusto conectar. Veo tu liderazgo como Director Financiero (CFO) en Alvarado Holdings. En Audiflowai desarrollamos un motor de IA determinista para auditar contratos y detectar pasivos ocultos en 40s antes de firma o cierre contable. Saludos!","Estimado/a Victoria,

Un gusto saludarte. Te contacto porque en empresas del sector de Alvarado Holdings, el mayor dolor que vemos en auditorías no son los números del balance, sino las contingencias ocultas en contratos con proveedores (penalizaciones no registradas, cláusulas de rescisión asimétricas y sobrecostos).

En Audiflowai (https://audiflowai.com) creamos una infraestructura que cruza contratos contra balances en 40 segundos con rigor forense (cero alucinaciones y 100% en memoria volátil sin guardar datos en disco).

¿Te gustaría que te enviemos un análisis de prueba sin costo sobre 1 contrato modelo para que lo evalúes con tu equipo?

Saludos cordiales,
Equipo Audiflowai
soporte@audiflowai.com","Hola Victoria, espero que estés teniendo una excelente semana.

Te comparto un dato rápido: el 68% de las contingencias en procesos de Due Diligence provienen de cláusulas pasadas por alto. 

Habilitamos un acceso de cortesía para escanear 1 contrato completo sin tarjeta ni registro previo aquí: https://audiflowai.com

Quedo atento a tus comentarios si deseas probarlo."
16,"Noah","Wagner","Fuentes Industries","Chief Financial Officer (CFO)","https://www.linkedin.com/in/noah-wagner-cfo-16","noah.wagner16@lombardcapital.ch","Hola Noah, un gusto conectar. Veo tu liderazgo como Chief Financial Officer (CFO) en Fuentes Industries. En Audiflowai desarrollamos un motor de IA determinista para auditar contratos y detectar pasivos ocultos en 40s antes de firma o cierre contable. Saludos!","Estimado/a Noah,

Un gusto saludarte. Te contacto porque en empresas del sector de Fuentes Industries, el mayor dolor que vemos en auditorías no son los números del balance, sino las contingencias ocultas en contratos con proveedores (penalizaciones no registradas, cláusulas de rescisión asimétricas y sobrecostos).

En Audiflowai (https://audiflowai.com) creamos una infraestructura que cruza contratos contra balances en 40 segundos con rigor forense (cero alucinaciones y 100% en memoria volátil sin guardar datos en disco).

¿Te gustaría que te enviemos un análisis de prueba sin costo sobre 1 contrato modelo para que lo evalúes con tu equipo?

Saludos cordiales,
Equipo Audiflowai
soporte@audiflowai.com","Hola Noah, espero que estés teniendo una excelente semana.

Te comparto un dato rápido: el 68% de las contingencias en procesos de Due Diligence provienen de cláusulas pasadas por alto. 

Habilitamos un acceso de cortesía para escanear 1 contrato completo sin tarjeta ni registro previo aquí: https://audiflowai.com

Quedo atento a tus comentarios si deseas probarlo."
17,"Natalia","Velasco","Apex Global Holdings","Director Financiero (CFO)","https://www.linkedin.com/in/natalia-velasco-cfo-17","natalia.velasco17@herreratrade.pa","Hola Natalia, un gusto conectar. Veo tu liderazgo como Director Financiero (CFO) en Apex Global Holdings. En Audiflowai desarrollamos un motor de IA determinista para auditar contratos y detectar pasivos ocultos en 40s antes de firma o cierre contable. Saludos!","Estimado/a Natalia,

Un gusto saludarte. Te contacto porque en empresas del sector de Apex Global Holdings, el mayor dolor que vemos en auditorías no son los números del balance, sino las contingencias ocultas en contratos con proveedores (penalizaciones no registradas, cláusulas de rescisión asimétricas y sobrecostos).

En Audiflowai (https://audiflowai.com) creamos una infraestructura que cruza contratos contra balances en 40 segundos con rigor forense (cero alucinaciones y 100% en memoria volátil sin guardar datos en disco).

¿Te gustaría que te enviemos un análisis de prueba sin costo sobre 1 contrato modelo para que lo evalúes con tu equipo?

Saludos cordiales,
Equipo Audiflowai
soporte@audiflowai.com","Hola Natalia, espero que estés teniendo una excelente semana.

Te comparto un dato rápido: el 68% de las contingencias en procesos de Due Diligence provienen de cláusulas pasadas por alto. 

Habilitamos un acceso de cortesía para escanear 1 contrato completo sin tarjeta ni registro previo aquí: https://audiflowai.com

Quedo atento a tus comentarios si deseas probarlo."
18,"Astrid","Davis","Alvarado Holdings","Chief Financial Officer (CFO)","https://www.linkedin.com/in/astrid-davis-cfo-18","astrid.davis18@delgadogroup.cl","Hola Astrid, un gusto conectar. Veo tu liderazgo como Chief Financial Officer (CFO) en Alvarado Holdings. En Audiflowai desarrollamos un motor de IA determinista para auditar contratos y detectar pasivos ocultos en 40s antes de firma o cierre contable. Saludos!","Estimado/a Astrid,

Un gusto saludarte. Te contacto porque en empresas del sector de Alvarado Holdings, el mayor dolor que vemos en auditorías no son los números del balance, sino las contingencias ocultas en contratos con proveedores (penalizaciones no registradas, cláusulas de rescisión asimétricas y sobrecostos).

En Audiflowai (https://audiflowai.com) creamos una infraestructura que cruza contratos contra balances en 40 segundos con rigor forense (cero alucinaciones y 100% en memoria volátil sin guardar datos en disco).

¿Te gustaría que te enviemos un análisis de prueba sin costo sobre 1 contrato modelo para que lo evalúes con tu equipo?

Saludos cordiales,
Equipo Audiflowai
soporte@audiflowai.com","Hola Astrid, espero que estés teniendo una excelente semana.

Te comparto un dato rápido: el 68% de las contingencias en procesos de Due Diligence provienen de cláusulas pasadas por alto. 

Habilitamos un acceso de cortesía para escanear 1 contrato completo sin tarjeta ni registro previo aquí: https://audiflowai.com

Quedo atento a tus comentarios si deseas probarlo."
19,"Santiago","Escobar","Fuentes Industries","Director Financiero (CFO)","https://www.linkedin.com/in/santiago-escobar-cfo-19","santiago.escobar19@finanzeprova.it","Hola Santiago, un gusto conectar. Veo tu liderazgo como Director Financiero (CFO) en Fuentes Industries. En Audiflowai desarrollamos un motor de IA determinista para auditar contratos y detectar pasivos ocultos en 40s antes de firma o cierre contable. Saludos!","Estimado/a Santiago,

Un gusto saludarte. Te contacto porque en empresas del sector de Fuentes Industries, el mayor dolor que vemos en auditorías no son los números del balance, sino las contingencias ocultas en contratos con proveedores (penalizaciones no registradas, cláusulas de rescisión asimétricas y sobrecostos).

En Audiflowai (https://audiflowai.com) creamos una infraestructura que cruza contratos contra balances en 40 segundos con rigor forense (cero alucinaciones y 100% en memoria volátil sin guardar datos en disco).

¿Te gustaría que te enviemos un análisis de prueba sin costo sobre 1 contrato modelo para que lo evalúes con tu equipo?

Saludos cordiales,
Equipo Audiflowai
soporte@audiflowai.com","Hola Santiago, espero que estés teniendo una excelente semana.

Te comparto un dato rápido: el 68% de las contingencias en procesos de Due Diligence provienen de cláusulas pasadas por alto. 

Habilitamos un acceso de cortesía para escanear 1 contrato completo sin tarjeta ni registro previo aquí: https://audiflowai.com

Quedo atento a tus comentarios si deseas probarlo."
20,"Alexander","Weber","Apex Global Holdings","Chief Financial Officer (CFO)","https://www.linkedin.com/in/alexander-weber-cfo-20","alexander.weber20@apexglobal.co.uk","Hola Alexander, un gusto conectar. Veo tu liderazgo como Chief Financial Officer (CFO) en Apex Global Holdings. En Audiflowai desarrollamos un motor de IA determinista para auditar contratos y detectar pasivos ocultos en 40s antes de firma o cierre contable. Saludos!","Estimado/a Alexander,

Un gusto saludarte. Te contacto porque en empresas del sector de Apex Global Holdings, el mayor dolor que vemos en auditorías no son los números del balance, sino las contingencias ocultas en contratos con proveedores (penalizaciones no registradas, cláusulas de rescisión asimétricas y sobrecostos).

En Audiflowai (https://audiflowai.com) creamos una infraestructura que cruza contratos contra balances en 40 segundos con rigor forense (cero alucinaciones y 100% en memoria volátil sin guardar datos en disco).

¿Te gustaría que te enviemos un análisis de prueba sin costo sobre 1 contrato modelo para que lo evalúes con tu equipo?

Saludos cordiales,
Equipo Audiflowai
soporte@audiflowai.com","Hola Alexander, espero que estés teniendo una excelente semana.

Te comparto un dato rápido: el 68% de las contingencias en procesos de Due Diligence provienen de cláusulas pasadas por alto. 

Habilitamos un acceso de cortesía para escanear 1 contrato completo sin tarjeta ni registro previo aquí: https://audiflowai.com

Quedo atento a tus comentarios si deseas probarlo."
21,"Mariana","Trejo","Alvarado Holdings","Director Financiero (CFO)","https://www.linkedin.com/in/mariana-trejo-cfo-21","mariana.trejo21@guzmanpartners.cr","Hola Mariana, un gusto conectar. Veo tu liderazgo como Director Financiero (CFO) en Alvarado Holdings. En Audiflowai desarrollamos un motor de IA determinista para auditar contratos y detectar pasivos ocultos en 40s antes de firma o cierre contable. Saludos!","Estimado/a Mariana,

Un gusto saludarte. Te contacto porque en empresas del sector de Alvarado Holdings, el mayor dolor que vemos en auditorías no son los números del balance, sino las contingencias ocultas en contratos con proveedores (penalizaciones no registradas, cláusulas de rescisión asimétricas y sobrecostos).

En Audiflowai (https://audiflowai.com) creamos una infraestructura que cruza contratos contra balances en 40 segundos con rigor forense (cero alucinaciones y 100% en memoria volátil sin guardar datos en disco).

¿Te gustaría que te enviemos un análisis de prueba sin costo sobre 1 contrato modelo para que lo evalúes con tu equipo?

Saludos cordiales,
Equipo Audiflowai
soporte@audiflowai.com","Hola Mariana, espero que estés teniendo una excelente semana.

Te comparto un dato rápido: el 68% de las contingencias en procesos de Due Diligence provienen de cláusulas pasadas por alto. 

Habilitamos un acceso de cortesía para escanear 1 contrato completo sin tarjeta ni registro previo aquí: https://audiflowai.com

Quedo atento a tus comentarios si deseas probarlo."
22,"Lucas","Jones","Fuentes Industries","Chief Financial Officer (CFO)","https://www.linkedin.com/in/lucas-jones-cfo-22","lucas.jones22@cisneroslogistics.co","Hola Lucas, un gusto conectar. Veo tu liderazgo como Chief Financial Officer (CFO) en Fuentes Industries. En Audiflowai desarrollamos un motor de IA determinista para auditar contratos y detectar pasivos ocultos en 40s antes de firma o cierre contable. Saludos!","Estimado/a Lucas,

Un gusto saludarte. Te contacto porque en empresas del sector de Fuentes Industries, el mayor dolor que vemos en auditorías no son los números del balance, sino las contingencias ocultas en contratos con proveedores (penalizaciones no registradas, cláusulas de rescisión asimétricas y sobrecostos).

En Audiflowai (https://audiflowai.com) creamos una infraestructura que cruza contratos contra balances en 40 segundos con rigor forense (cero alucinaciones y 100% en memoria volátil sin guardar datos en disco).

¿Te gustaría que te enviemos un análisis de prueba sin costo sobre 1 contrato modelo para que lo evalúes con tu equipo?

Saludos cordiales,
Equipo Audiflowai
soporte@audiflowai.com","Hola Lucas, espero que estés teniendo una excelente semana.

Te comparto un dato rápido: el 68% de las contingencias en procesos de Due Diligence provienen de cláusulas pasadas por alto. 

Habilitamos un acceso de cortesía para escanear 1 contrato completo sin tarjeta ni registro previo aquí: https://audiflowai.com

Quedo atento a tus comentarios si deseas probarlo."
23,"Valentina","Cisneros","Apex Global Holdings","Director Financiero (CFO)","https://www.linkedin.com/in/valentina-cisneros-cfo-23","valentina.cisneros23@nordiclogistics.se","Hola Valentina, un gusto conectar. Veo tu liderazgo como Director Financiero (CFO) en Apex Global Holdings. En Audiflowai desarrollamos un motor de IA determinista para auditar contratos y detectar pasivos ocultos en 40s antes de firma o cierre contable. Saludos!","Estimado/a Valentina,

Un gusto saludarte. Te contacto porque en empresas del sector de Apex Global Holdings, el mayor dolor que vemos en auditorías no son los números del balance, sino las contingencias ocultas en contratos con proveedores (penalizaciones no registradas, cláusulas de rescisión asimétricas y sobrecostos).

En Audiflowai (https://audiflowai.com) creamos una infraestructura que cruza contratos contra balances en 40 segundos con rigor forense (cero alucinaciones y 100% en memoria volátil sin guardar datos en disco).

¿Te gustaría que te enviemos un análisis de prueba sin costo sobre 1 contrato modelo para que lo evalúes con tu equipo?

Saludos cordiales,
Equipo Audiflowai
soporte@audiflowai.com","Hola Valentina, espero que estés teniendo una excelente semana.

Te comparto un dato rápido: el 68% de las contingencias en procesos de Due Diligence provienen de cláusulas pasadas por alto. 

Habilitamos un acceso de cortesía para escanear 1 contrato completo sin tarjeta ni registro previo aquí: https://audiflowai.com

Quedo atento a tus comentarios si deseas probarlo."
24,"Sebastian","Schneider","Alvarado Holdings","Chief Financial Officer (CFO)","https://www.linkedin.com/in/sebastian-schneider-cfo-24","sebastian.schneider24@vargasretail.co","Hola Sebastian, un gusto conectar. Veo tu liderazgo como Chief Financial Officer (CFO) en Alvarado Holdings. En Audiflowai desarrollamos un motor de IA determinista para auditar contratos y detectar pasivos ocultos en 40s antes de firma o cierre contable. Saludos!","Estimado/a Sebastian,

Un gusto saludarte. Te contacto porque en empresas del sector de Alvarado Holdings, el mayor dolor que vemos en auditorías no son los números del balance, sino las contingencias ocultas en contratos con proveedores (penalizaciones no registradas, cláusulas de rescisión asimétricas y sobrecostos).

En Audiflowai (https://audiflowai.com) creamos una infraestructura que cruza contratos contra balances en 40 segundos con rigor forense (cero alucinaciones y 100% en memoria volátil sin guardar datos en disco).

¿Te gustaría que te enviemos un análisis de prueba sin costo sobre 1 contrato modelo para que lo evalúes con tu equipo?

Saludos cordiales,
Equipo Audiflowai
soporte@audiflowai.com","Hola Sebastian, espero que estés teniendo una excelente semana.

Te comparto un dato rápido: el 68% de las contingencias en procesos de Due Diligence provienen de cláusulas pasadas por alto. 

Habilitamos un acceso de cortesía para escanear 1 contrato completo sin tarjeta ni registro previo aquí: https://audiflowai.com

Quedo atento a tus comentarios si deseas probarlo."
25,"Victoria","Ramirez","Fuentes Industries","Director Financiero (CFO)","https://www.linkedin.com/in/victoria-ramirez-cfo-25","victoria.ramirez25@fuentesindustries.gt","Hola Victoria, un gusto conectar. Veo tu liderazgo como Director Financiero (CFO) en Fuentes Industries. En Audiflowai desarrollamos un motor de IA determinista para auditar contratos y detectar pasivos ocultos en 40s antes de firma o cierre contable. Saludos!","Estimado/a Victoria,

Un gusto saludarte. Te contacto porque en empresas del sector de Fuentes Industries, el mayor dolor que vemos en auditorías no son los números del balance, sino las contingencias ocultas en contratos con proveedores (penalizaciones no registradas, cláusulas de rescisión asimétricas y sobrecostos).

En Audiflowai (https://audiflowai.com) creamos una infraestructura que cruza contratos contra balances en 40 segundos con rigor forense (cero alucinaciones y 100% en memoria volátil sin guardar datos en disco).

¿Te gustaría que te enviemos un análisis de prueba sin costo sobre 1 contrato modelo para que lo evalúes con tu equipo?

Saludos cordiales,
Equipo Audiflowai
soporte@audiflowai.com","Hola Victoria, espero que estés teniendo una excelente semana.

Te comparto un dato rápido: el 68% de las contingencias en procesos de Due Diligence provienen de cláusulas pasadas por alto. 

Habilitamos un acceso de cortesía para escanear 1 contrato completo sin tarjeta ni registro previo aquí: https://audiflowai.com

Quedo atento a tus comentarios si deseas probarlo."
26,"Noah","Williams","Apex Global Holdings","Chief Financial Officer (CFO)","https://www.linkedin.com/in/noah-williams-cfo-26","noah.williams26@bermudezcapital.mx","Hola Noah, un gusto conectar. Veo tu liderazgo como Chief Financial Officer (CFO) en Apex Global Holdings. En Audiflowai desarrollamos un motor de IA determinista para auditar contratos y detectar pasivos ocultos en 40s antes de firma o cierre contable. Saludos!","Estimado/a Noah,

Un gusto saludarte. Te contacto porque en empresas del sector de Apex Global Holdings, el mayor dolor que vemos en auditorías no son los números del balance, sino las contingencias ocultas en contratos con proveedores (penalizaciones no registradas, cláusulas de rescisión asimétricas y sobrecostos).

En Audiflowai (https://audiflowai.com) creamos una infraestructura que cruza contratos contra balances en 40 segundos con rigor forense (cero alucinaciones y 100% en memoria volátil sin guardar datos en disco).

¿Te gustaría que te enviemos un análisis de prueba sin costo sobre 1 contrato modelo para que lo evalúes con tu equipo?

Saludos cordiales,
Equipo Audiflowai
soporte@audiflowai.com","Hola Noah, espero que estés teniendo una excelente semana.

Te comparto un dato rápido: el 68% de las contingencias en procesos de Due Diligence provienen de cláusulas pasadas por alto. 

Habilitamos un acceso de cortesía para escanear 1 contrato completo sin tarjeta ni registro previo aquí: https://audiflowai.com

Quedo atento a tus comentarios si deseas probarlo."
27,"Natalia","Alvarado","Alvarado Holdings","Director Financiero (CFO)","https://www.linkedin.com/in/natalia-alvarado-cfo-27","natalia.alvarado27@vertextrading.de","Hola Natalia, un gusto conectar. Veo tu liderazgo como Director Financiero (CFO) en Alvarado Holdings. En Audiflowai desarrollamos un motor de IA determinista para auditar contratos y detectar pasivos ocultos en 40s antes de firma o cierre contable. Saludos!","Estimado/a Natalia,

Un gusto saludarte. Te contacto porque en empresas del sector de Alvarado Holdings, el mayor dolor que vemos en auditorías no son los números del balance, sino las contingencias ocultas en contratos con proveedores (penalizaciones no registradas, cláusulas de rescisión asimétricas y sobrecostos).

En Audiflowai (https://audiflowai.com) creamos una infraestructura que cruza contratos contra balances en 40 segundos con rigor forense (cero alucinaciones y 100% en memoria volátil sin guardar datos en disco).

¿Te gustaría que te enviemos un análisis de prueba sin costo sobre 1 contrato modelo para que lo evalúes con tu equipo?

Saludos cordiales,
Equipo Audiflowai
soporte@audiflowai.com","Hola Natalia, espero que estés teniendo una excelente semana.

Te comparto un dato rápido: el 68% de las contingencias en procesos de Due Diligence provienen de cláusulas pasadas por alto. 

Habilitamos un acceso de cortesía para escanear 1 contrato completo sin tarjeta ni registro previo aquí: https://audiflowai.com

Quedo atento a tus comentarios si deseas probarlo."
28,"Astrid","Schmidt","Fuentes Industries","Chief Financial Officer (CFO)","https://www.linkedin.com/in/astrid-schmidt-cfo-28","astrid.schmidt28@mendozacorp.sv","Hola Astrid, un gusto conectar. Veo tu liderazgo como Chief Financial Officer (CFO) en Fuentes Industries. En Audiflowai desarrollamos un motor de IA determinista para auditar contratos y detectar pasivos ocultos en 40s antes de firma o cierre contable. Saludos!","Estimado/a Astrid,

Un gusto saludarte. Te contacto porque en empresas del sector de Fuentes Industries, el mayor dolor que vemos en auditorías no son los números del balance, sino las contingencias ocultas en contratos con proveedores (penalizaciones no registradas, cláusulas de rescisión asimétricas y sobrecostos).

En Audiflowai (https://audiflowai.com) creamos una infraestructura que cruza contratos contra balances en 40 segundos con rigor forense (cero alucinaciones y 100% en memoria volátil sin guardar datos en disco).

¿Te gustaría que te enviemos un análisis de prueba sin costo sobre 1 contrato modelo para que lo evalúes con tu equipo?

Saludos cordiales,
Equipo Audiflowai
soporte@audiflowai.com","Hola Astrid, espero que estés teniendo una excelente semana.

Te comparto un dato rápido: el 68% de las contingencias en procesos de Due Diligence provienen de cláusulas pasadas por alto. 

Habilitamos un acceso de cortesía para escanear 1 contrato completo sin tarjeta ni registro previo aquí: https://audiflowai.com

Quedo atento a tus comentarios si deseas probarlo."
29,"Santiago","Paredes","Apex Global Holdings","Director Financiero (CFO)","https://www.linkedin.com/in/santiago-paredes-cfo-29","santiago.paredes29@escobarenterprise.pe","Hola Santiago, un gusto conectar. Veo tu liderazgo como Director Financiero (CFO) en Apex Global Holdings. En Audiflowai desarrollamos un motor de IA determinista para auditar contratos y detectar pasivos ocultos en 40s antes de firma o cierre contable. Saludos!","Estimado/a Santiago,

Un gusto saludarte. Te contacto porque en empresas del sector de Apex Global Holdings, el mayor dolor que vemos en auditorías no son los números del balance, sino las contingencias ocultas en contratos con proveedores (penalizaciones no registradas, cláusulas de rescisión asimétricas y sobrecostos).

En Audiflowai (https://audiflowai.com) creamos una infraestructura que cruza contratos contra balances en 40 segundos con rigor forense (cero alucinaciones y 100% en memoria volátil sin guardar datos en disco).

¿Te gustaría que te enviemos un análisis de prueba sin costo sobre 1 contrato modelo para que lo evalúes con tu equipo?

Saludos cordiales,
Equipo Audiflowai
soporte@audiflowai.com","Hola Santiago, espero que estés teniendo una excelente semana.

Te comparto un dato rápido: el 68% de las contingencias en procesos de Due Diligence provienen de cláusulas pasadas por alto. 

Habilitamos un acceso de cortesía para escanear 1 contrato completo sin tarjeta ni registro previo aquí: https://audiflowai.com

Quedo atento a tus comentarios si deseas probarlo."
30,"Alexander","Smith","Alvarado Holdings","Chief Financial Officer (CFO)","https://www.linkedin.com/in/alexander-smith-cfo-30","alexander.smith30@alvaradoholdings.sv","Hola Alexander, un gusto conectar. Veo tu liderazgo como Chief Financial Officer (CFO) en Alvarado Holdings. En Audiflowai desarrollamos un motor de IA determinista para auditar contratos y detectar pasivos ocultos en 40s antes de firma o cierre contable. Saludos!","Estimado/a Alexander,

Un gusto saludarte. Te contacto porque en empresas del sector de Alvarado Holdings, el mayor dolor que vemos en auditorías no son los números del balance, sino las contingencias ocultas en contratos con proveedores (penalizaciones no registradas, cláusulas de rescisión asimétricas y sobrecostos).

En Audiflowai (https://audiflowai.com) creamos una infraestructura que cruza contratos contra balances en 40 segundos con rigor forense (cero alucinaciones y 100% en memoria volátil sin guardar datos en disco).

¿Te gustaría que te enviemos un análisis de prueba sin costo sobre 1 contrato modelo para que lo evalúes con tu equipo?

Saludos cordiales,
Equipo Audiflowai
soporte@audiflowai.com","Hola Alexander, espero que estés teniendo una excelente semana.

Te comparto un dato rápido: el 68% de las contingencias en procesos de Due Diligence provienen de cláusulas pasadas por alto. 

Habilitamos un acceso de cortesía para escanear 1 contrato completo sin tarjeta ni registro previo aquí: https://audiflowai.com

Quedo atento a tus comentarios si deseas probarlo."
31,"Mariana","Navarro","Fuentes Industries","Director Financiero (CFO)","https://www.linkedin.com/in/mariana-navarro-cfo-31","mariana.navarro31@lombardcapital.ch","Hola Mariana, un gusto conectar. Veo tu liderazgo como Director Financiero (CFO) en Fuentes Industries. En Audiflowai desarrollamos un motor de IA determinista para auditar contratos y detectar pasivos ocultos en 40s antes de firma o cierre contable. Saludos!","Estimado/a Mariana,

Un gusto saludarte. Te contacto porque en empresas del sector de Fuentes Industries, el mayor dolor que vemos en auditorías no son los números del balance, sino las contingencias ocultas en contratos con proveedores (penalizaciones no registradas, cláusulas de rescisión asimétricas y sobrecostos).

En Audiflowai (https://audiflowai.com) creamos una infraestructura que cruza contratos contra balances en 40 segundos con rigor forense (cero alucinaciones y 100% en memoria volátil sin guardar datos en disco).

¿Te gustaría que te enviemos un análisis de prueba sin costo sobre 1 contrato modelo para que lo evalúes con tu equipo?

Saludos cordiales,
Equipo Audiflowai
soporte@audiflowai.com","Hola Mariana, espero que estés teniendo una excelente semana.

Te comparto un dato rápido: el 68% de las contingencias en procesos de Due Diligence provienen de cláusulas pasadas por alto. 

Habilitamos un acceso de cortesía para escanear 1 contrato completo sin tarjeta ni registro previo aquí: https://audiflowai.com

Quedo atento a tus comentarios si deseas probarlo."
32,"Lucas","Walker","Apex Global Holdings","Chief Financial Officer (CFO)","https://www.linkedin.com/in/lucas-walker-cfo-32","lucas.walker32@herreratrade.pa","Hola Lucas, un gusto conectar. Veo tu liderazgo como Chief Financial Officer (CFO) en Apex Global Holdings. En Audiflowai desarrollamos un motor de IA determinista para auditar contratos y detectar pasivos ocultos en 40s antes de firma o cierre contable. Saludos!","Estimado/a Lucas,

Un gusto saludarte. Te contacto porque en empresas del sector de Apex Global Holdings, el mayor dolor que vemos en auditorías no son los números del balance, sino las contingencias ocultas en contratos con proveedores (penalizaciones no registradas, cláusulas de rescisión asimétricas y sobrecostos).

En Audiflowai (https://audiflowai.com) creamos una infraestructura que cruza contratos contra balances en 40 segundos con rigor forense (cero alucinaciones y 100% en memoria volátil sin guardar datos en disco).

¿Te gustaría que te enviemos un análisis de prueba sin costo sobre 1 contrato modelo para que lo evalúes con tu equipo?

Saludos cordiales,
Equipo Audiflowai
soporte@audiflowai.com","Hola Lucas, espero que estés teniendo una excelente semana.

Te comparto un dato rápido: el 68% de las contingencias en procesos de Due Diligence provienen de cláusulas pasadas por alto. 

Habilitamos un acceso de cortesía para escanear 1 contrato completo sin tarjeta ni registro previo aquí: https://audiflowai.com

Quedo atento a tus comentarios si deseas probarlo."
33,"Valentina","Noriega","Alvarado Holdings","Director Financiero (CFO)","https://www.linkedin.com/in/valentina-noriega-cfo-33","valentina.noriega33@delgadogroup.cl","Hola Valentina, un gusto conectar. Veo tu liderazgo como Director Financiero (CFO) en Alvarado Holdings. En Audiflowai desarrollamos un motor de IA determinista para auditar contratos y detectar pasivos ocultos en 40s antes de firma o cierre contable. Saludos!","Estimado/a Valentina,

Un gusto saludarte. Te contacto porque en empresas del sector de Alvarado Holdings, el mayor dolor que vemos en auditorías no son los números del balance, sino las contingencias ocultas en contratos con proveedores (penalizaciones no registradas, cláusulas de rescisión asimétricas y sobrecostos).

En Audiflowai (https://audiflowai.com) creamos una infraestructura que cruza contratos contra balances en 40 segundos con rigor forense (cero alucinaciones y 100% en memoria volátil sin guardar datos en disco).

¿Te gustaría que te enviemos un análisis de prueba sin costo sobre 1 contrato modelo para que lo evalúes con tu equipo?

Saludos cordiales,
Equipo Audiflowai
soporte@audiflowai.com","Hola Valentina, espero que estés teniendo una excelente semana.

Te comparto un dato rápido: el 68% de las contingencias en procesos de Due Diligence provienen de cláusulas pasadas por alto. 

Habilitamos un acceso de cortesía para escanear 1 contrato completo sin tarjeta ni registro previo aquí: https://audiflowai.com

Quedo atento a tus comentarios si deseas probarlo."
34,"Sebastian","Berg","Fuentes Industries","Chief Financial Officer (CFO)","https://www.linkedin.com/in/sebastian-berg-cfo-34","sebastian.berg34@finanzeprova.it","Hola Sebastian, un gusto conectar. Veo tu liderazgo como Chief Financial Officer (CFO) en Fuentes Industries. En Audiflowai desarrollamos un motor de IA determinista para auditar contratos y detectar pasivos ocultos en 40s antes de firma o cierre contable. Saludos!","Estimado/a Sebastian,

Un gusto saludarte. Te contacto porque en empresas del sector de Fuentes Industries, el mayor dolor que vemos en auditorías no son los números del balance, sino las contingencias ocultas en contratos con proveedores (penalizaciones no registradas, cláusulas de rescisión asimétricas y sobrecostos).

En Audiflowai (https://audiflowai.com) creamos una infraestructura que cruza contratos contra balances en 40 segundos con rigor forense (cero alucinaciones y 100% en memoria volátil sin guardar datos en disco).

¿Te gustaría que te enviemos un análisis de prueba sin costo sobre 1 contrato modelo para que lo evalúes con tu equipo?

Saludos cordiales,
Equipo Audiflowai
soporte@audiflowai.com","Hola Sebastian, espero que estés teniendo una excelente semana.

Te comparto un dato rápido: el 68% de las contingencias en procesos de Due Diligence provienen de cláusulas pasadas por alto. 

Habilitamos un acceso de cortesía para escanear 1 contrato completo sin tarjeta ni registro previo aquí: https://audiflowai.com

Quedo atento a tus comentarios si deseas probarlo."
35,"Victoria","Morales","Apex Global Holdings","Director Financiero (CFO)","https://www.linkedin.com/in/victoria-morales-cfo-35","victoria.morales35@apexglobal.co.uk","Hola Victoria, un gusto conectar. Veo tu liderazgo como Director Financiero (CFO) en Apex Global Holdings. En Audiflowai desarrollamos un motor de IA determinista para auditar contratos y detectar pasivos ocultos en 40s antes de firma o cierre contable. Saludos!","Estimado/a Victoria,

Un gusto saludarte. Te contacto porque en empresas del sector de Apex Global Holdings, el mayor dolor que vemos en auditorías no son los números del balance, sino las contingencias ocultas en contratos con proveedores (penalizaciones no registradas, cláusulas de rescisión asimétricas y sobrecostos).

En Audiflowai (https://audiflowai.com) creamos una infraestructura que cruza contratos contra balances en 40 segundos con rigor forense (cero alucinaciones y 100% en memoria volátil sin guardar datos en disco).

¿Te gustaría que te enviemos un análisis de prueba sin costo sobre 1 contrato modelo para que lo evalúes con tu equipo?

Saludos cordiales,
Equipo Audiflowai
soporte@audiflowai.com","Hola Victoria, espero que estés teniendo una excelente semana.

Te comparto un dato rápido: el 68% de las contingencias en procesos de Due Diligence provienen de cláusulas pasadas por alto. 

Habilitamos un acceso de cortesía para escanear 1 contrato completo sin tarjeta ni registro previo aquí: https://audiflowai.com

Quedo atento a tus comentarios si deseas probarlo."
36,"Noah","Martin","Alvarado Holdings","Chief Financial Officer (CFO)","https://www.linkedin.com/in/noah-martin-cfo-36","noah.martin36@guzmanpartners.cr","Hola Noah, un gusto conectar. Veo tu liderazgo como Chief Financial Officer (CFO) en Alvarado Holdings. En Audiflowai desarrollamos un motor de IA determinista para auditar contratos y detectar pasivos ocultos en 40s antes de firma o cierre contable. Saludos!","Estimado/a Noah,

Un gusto saludarte. Te contacto porque en empresas del sector de Alvarado Holdings, el mayor dolor que vemos en auditorías no son los números del balance, sino las contingencias ocultas en contratos con proveedores (penalizaciones no registradas, cláusulas de rescisión asimétricas y sobrecostos).

En Audiflowai (https://audiflowai.com) creamos una infraestructura que cruza contratos contra balances en 40 segundos con rigor forense (cero alucinaciones y 100% en memoria volátil sin guardar datos en disco).

¿Te gustaría que te enviemos un análisis de prueba sin costo sobre 1 contrato modelo para que lo evalúes con tu equipo?

Saludos cordiales,
Equipo Audiflowai
soporte@audiflowai.com","Hola Noah, espero que estés teniendo una excelente semana.

Te comparto un dato rápido: el 68% de las contingencias en procesos de Due Diligence provienen de cláusulas pasadas por alto. 

Habilitamos un acceso de cortesía para escanear 1 contrato completo sin tarjeta ni registro previo aquí: https://audiflowai.com

Quedo atento a tus comentarios si deseas probarlo."
37,"Natalia","Lara","Fuentes Industries","Director Financiero (CFO)","https://www.linkedin.com/in/natalia-lara-cfo-37","natalia.lara37@cisneroslogistics.co","Hola Natalia, un gusto conectar. Veo tu liderazgo como Director Financiero (CFO) en Fuentes Industries. En Audiflowai desarrollamos un motor de IA determinista para auditar contratos y detectar pasivos ocultos en 40s antes de firma o cierre contable. Saludos!","Estimado/a Natalia,

Un gusto saludarte. Te contacto porque en empresas del sector de Fuentes Industries, el mayor dolor que vemos en auditorías no son los números del balance, sino las contingencias ocultas en contratos con proveedores (penalizaciones no registradas, cláusulas de rescisión asimétricas y sobrecostos).

En Audiflowai (https://audiflowai.com) creamos una infraestructura que cruza contratos contra balances en 40 segundos con rigor forense (cero alucinaciones y 100% en memoria volátil sin guardar datos en disco).

¿Te gustaría que te enviemos un análisis de prueba sin costo sobre 1 contrato modelo para que lo evalúes con tu equipo?

Saludos cordiales,
Equipo Audiflowai
soporte@audiflowai.com","Hola Natalia, espero que estés teniendo una excelente semana.

Te comparto un dato rápido: el 68% de las contingencias en procesos de Due Diligence provienen de cláusulas pasadas por alto. 

Habilitamos un acceso de cortesía para escanear 1 contrato completo sin tarjeta ni registro previo aquí: https://audiflowai.com

Quedo atento a tus comentarios si deseas probarlo."
38,"Astrid","Jensen","Apex Global Holdings","Chief Financial Officer (CFO)","https://www.linkedin.com/in/astrid-jensen-cfo-38","astrid.jensen38@nordiclogistics.se","Hola Astrid, un gusto conectar. Veo tu liderazgo como Chief Financial Officer (CFO) en Apex Global Holdings. En Audiflowai desarrollamos un motor de IA determinista para auditar contratos y detectar pasivos ocultos en 40s antes de firma o cierre contable. Saludos!","Estimado/a Astrid,

Un gusto saludarte. Te contacto porque en empresas del sector de Apex Global Holdings, el mayor dolor que vemos en auditorías no son los números del balance, sino las contingencias ocultas en contratos con proveedores (penalizaciones no registradas, cláusulas de rescisión asimétricas y sobrecostos).

En Audiflowai (https://audiflowai.com) creamos una infraestructura que cruza contratos contra balances en 40 segundos con rigor forense (cero alucinaciones y 100% en memoria volátil sin guardar datos en disco).

¿Te gustaría que te enviemos un análisis de prueba sin costo sobre 1 contrato modelo para que lo evalúes con tu equipo?

Saludos cordiales,
Equipo Audiflowai
soporte@audiflowai.com","Hola Astrid, espero que estés teniendo una excelente semana.

Te comparto un dato rápido: el 68% de las contingencias en procesos de Due Diligence provienen de cláusulas pasadas por alto. 

Habilitamos un acceso de cortesía para escanear 1 contrato completo sin tarjeta ni registro previo aquí: https://audiflowai.com

Quedo atento a tus comentarios si deseas probarlo."
39,"Santiago","Peralta","Alvarado Holdings","Director Financiero (CFO)","https://www.linkedin.com/in/santiago-peralta-cfo-39","santiago.peralta39@vargasretail.co","Hola Santiago, un gusto conectar. Veo tu liderazgo como Director Financiero (CFO) en Alvarado Holdings. En Audiflowai desarrollamos un motor de IA determinista para auditar contratos y detectar pasivos ocultos en 40s antes de firma o cierre contable. Saludos!","Estimado/a Santiago,

Un gusto saludarte. Te contacto porque en empresas del sector de Alvarado Holdings, el mayor dolor que vemos en auditorías no son los números del balance, sino las contingencias ocultas en contratos con proveedores (penalizaciones no registradas, cláusulas de rescisión asimétricas y sobrecostos).

En Audiflowai (https://audiflowai.com) creamos una infraestructura que cruza contratos contra balances en 40 segundos con rigor forense (cero alucinaciones y 100% en memoria volátil sin guardar datos en disco).

¿Te gustaría que te enviemos un análisis de prueba sin costo sobre 1 contrato modelo para que lo evalúes con tu equipo?

Saludos cordiales,
Equipo Audiflowai
soporte@audiflowai.com","Hola Santiago, espero que estés teniendo una excelente semana.

Te comparto un dato rápido: el 68% de las contingencias en procesos de Due Diligence provienen de cláusulas pasadas por alto. 

Habilitamos un acceso de cortesía para escanear 1 contrato completo sin tarjeta ni registro previo aquí: https://audiflowai.com

Quedo atento a tus comentarios si deseas probarlo."
40,"Alexander","Moore","Fuentes Industries","Chief Financial Officer (CFO)","https://www.linkedin.com/in/alexander-moore-cfo-40","alexander.moore40@fuentesindustries.gt","Hola Alexander, un gusto conectar. Veo tu liderazgo como Chief Financial Officer (CFO) en Fuentes Industries. En Audiflowai desarrollamos un motor de IA determinista para auditar contratos y detectar pasivos ocultos en 40s antes de firma o cierre contable. Saludos!","Estimado/a Alexander,

Un gusto saludarte. Te contacto porque en empresas del sector de Fuentes Industries, el mayor dolor que vemos en auditorías no son los números del balance, sino las contingencias ocultas en contratos con proveedores (penalizaciones no registradas, cláusulas de rescisión asimétricas y sobrecostos).

En Audiflowai (https://audiflowai.com) creamos una infraestructura que cruza contratos contra balances en 40 segundos con rigor forense (cero alucinaciones y 100% en memoria volátil sin guardar datos en disco).

¿Te gustaría que te enviemos un análisis de prueba sin costo sobre 1 contrato modelo para que lo evalúes con tu equipo?

Saludos cordiales,
Equipo Audiflowai
soporte@audiflowai.com","Hola Alexander, espero que estés teniendo una excelente semana.

Te comparto un dato rápido: el 68% de las contingencias en procesos de Due Diligence provienen de cláusulas pasadas por alto. 

Habilitamos un acceso de cortesía para escanear 1 contrato completo sin tarjeta ni registro previo aquí: https://audiflowai.com

Quedo atento a tus comentarios si deseas probarlo."
41,"Mariana","Ibanez","Apex Global Holdings","Director Financiero (CFO)","https://www.linkedin.com/in/mariana-ibanez-cfo-41","mariana.ibanez41@bermudezcapital.mx","Hola Mariana, un gusto conectar. Veo tu liderazgo como Director Financiero (CFO) en Apex Global Holdings. En Audiflowai desarrollamos un motor de IA determinista para auditar contratos y detectar pasivos ocultos en 40s antes de firma o cierre contable. Saludos!","Estimado/a Mariana,

Un gusto saludarte. Te contacto porque en empresas del sector de Apex Global Holdings, el mayor dolor que vemos en auditorías no son los números del balance, sino las contingencias ocultas en contratos con proveedores (penalizaciones no registradas, cláusulas de rescisión asimétricas y sobrecostos).

En Audiflowai (https://audiflowai.com) creamos una infraestructura que cruza contratos contra balances en 40 segundos con rigor forense (cero alucinaciones y 100% en memoria volátil sin guardar datos en disco).

¿Te gustaría que te enviemos un análisis de prueba sin costo sobre 1 contrato modelo para que lo evalúes con tu equipo?

Saludos cordiales,
Equipo Audiflowai
soporte@audiflowai.com","Hola Mariana, espero que estés teniendo una excelente semana.

Te comparto un dato rápido: el 68% de las contingencias en procesos de Due Diligence provienen de cláusulas pasadas por alto. 

Habilitamos un acceso de cortesía para escanear 1 contrato completo sin tarjeta ni registro previo aquí: https://audiflowai.com

Quedo atento a tus comentarios si deseas probarlo."
42,"Lucas","Hoffmann","Alvarado Holdings","Chief Financial Officer (CFO)","https://www.linkedin.com/in/lucas-hoffmann-cfo-42","lucas.hoffmann42@vertextrading.de","Hola Lucas, un gusto conectar. Veo tu liderazgo como Chief Financial Officer (CFO) en Alvarado Holdings. En Audiflowai desarrollamos un motor de IA determinista para auditar contratos y detectar pasivos ocultos en 40s antes de firma o cierre contable. Saludos!","Estimado/a Lucas,

Un gusto saludarte. Te contacto porque en empresas del sector de Alvarado Holdings, el mayor dolor que vemos en auditorías no son los números del balance, sino las contingencias ocultas en contratos con proveedores (penalizaciones no registradas, cláusulas de rescisión asimétricas y sobrecostos).

En Audiflowai (https://audiflowai.com) creamos una infraestructura que cruza contratos contra balances en 40 segundos con rigor forense (cero alucinaciones y 100% en memoria volátil sin guardar datos en disco).

¿Te gustaría que te enviemos un análisis de prueba sin costo sobre 1 contrato modelo para que lo evalúes con tu equipo?

Saludos cordiales,
Equipo Audiflowai
soporte@audiflowai.com","Hola Lucas, espero que estés teniendo una excelente semana.

Te comparto un dato rápido: el 68% de las contingencias en procesos de Due Diligence provienen de cláusulas pasadas por alto. 

Habilitamos un acceso de cortesía para escanear 1 contrato completo sin tarjeta ni registro previo aquí: https://audiflowai.com

Quedo atento a tus comentarios si deseas probarlo."
43,"Valentina","Gomez","Fuentes Industries","Director Financiero (CFO)","https://www.linkedin.com/in/valentina-gomez-cfo-43","valentina.gomez43@mendozacorp.sv","Hola Valentina, un gusto conectar. Veo tu liderazgo como Director Financiero (CFO) en Fuentes Industries. En Audiflowai desarrollamos un motor de IA determinista para auditar contratos y detectar pasivos ocultos en 40s antes de firma o cierre contable. Saludos!","Estimado/a Valentina,

Un gusto saludarte. Te contacto porque en empresas del sector de Fuentes Industries, el mayor dolor que vemos en auditorías no son los números del balance, sino las contingencias ocultas en contratos con proveedores (penalizaciones no registradas, cláusulas de rescisión asimétricas y sobrecostos).

En Audiflowai (https://audiflowai.com) creamos una infraestructura que cruza contratos contra balances en 40 segundos con rigor forense (cero alucinaciones y 100% en memoria volátil sin guardar datos en disco).

¿Te gustaría que te enviemos un análisis de prueba sin costo sobre 1 contrato modelo para que lo evalúes con tu equipo?

Saludos cordiales,
Equipo Audiflowai
soporte@audiflowai.com","Hola Valentina, espero que estés teniendo una excelente semana.

Te comparto un dato rápido: el 68% de las contingencias en procesos de Due Diligence provienen de cláusulas pasadas por alto. 

Habilitamos un acceso de cortesía para escanear 1 contrato completo sin tarjeta ni registro previo aquí: https://audiflowai.com

Quedo atento a tus comentarios si deseas probarlo."
44,"Sebastian","Anderson","Apex Global Holdings","Chief Financial Officer (CFO)","https://www.linkedin.com/in/sebastian-anderson-cfo-44","sebastian.anderson44@escobarenterprise.pe","Hola Sebastian, un gusto conectar. Veo tu liderazgo como Chief Financial Officer (CFO) en Apex Global Holdings. En Audiflowai desarrollamos un motor de IA determinista para auditar contratos y detectar pasivos ocultos en 40s antes de firma o cierre contable. Saludos!","Estimado/a Sebastian,

Un gusto saludarte. Te contacto porque en empresas del sector de Apex Global Holdings, el mayor dolor que vemos en auditorías no son los números del balance, sino las contingencias ocultas en contratos con proveedores (penalizaciones no registradas, cláusulas de rescisión asimétricas y sobrecostos).

En Audiflowai (https://audiflowai.com) creamos una infraestructura que cruza contratos contra balances en 40 segundos con rigor forense (cero alucinaciones y 100% en memoria volátil sin guardar datos en disco).

¿Te gustaría que te enviemos un análisis de prueba sin costo sobre 1 contrato modelo para que lo evalúes con tu equipo?

Saludos cordiales,
Equipo Audiflowai
soporte@audiflowai.com","Hola Sebastian, espero que estés teniendo una excelente semana.

Te comparto un dato rápido: el 68% de las contingencias en procesos de Due Diligence provienen de cláusulas pasadas por alto. 

Habilitamos un acceso de cortesía para escanear 1 contrato completo sin tarjeta ni registro previo aquí: https://audiflowai.com

Quedo atento a tus comentarios si deseas probarlo."
45,"Victoria","Guzman","Alvarado Holdings","Director Financiero (CFO)","https://www.linkedin.com/in/victoria-guzman-cfo-45","victoria.guzman45@alvaradoholdings.sv","Hola Victoria, un gusto conectar. Veo tu liderazgo como Director Financiero (CFO) en Alvarado Holdings. En Audiflowai desarrollamos un motor de IA determinista para auditar contratos y detectar pasivos ocultos en 40s antes de firma o cierre contable. Saludos!","Estimado/a Victoria,

Un gusto saludarte. Te contacto porque en empresas del sector de Alvarado Holdings, el mayor dolor que vemos en auditorías no son los números del balance, sino las contingencias ocultas en contratos con proveedores (penalizaciones no registradas, cláusulas de rescisión asimétricas y sobrecostos).

En Audiflowai (https://audiflowai.com) creamos una infraestructura que cruza contratos contra balances en 40 segundos con rigor forense (cero alucinaciones y 100% en memoria volátil sin guardar datos en disco).

¿Te gustaría que te enviemos un análisis de prueba sin costo sobre 1 contrato modelo para que lo evalúes con tu equipo?

Saludos cordiales,
Equipo Audiflowai
soporte@audiflowai.com","Hola Victoria, espero que estés teniendo una excelente semana.

Te comparto un dato rápido: el 68% de las contingencias en procesos de Due Diligence provienen de cláusulas pasadas por alto. 

Habilitamos un acceso de cortesía para escanear 1 contrato completo sin tarjeta ni registro previo aquí: https://audiflowai.com

Quedo atento a tus comentarios si deseas probarlo."
46,"Noah","Wagner","Fuentes Industries","Chief Financial Officer (CFO)","https://www.linkedin.com/in/noah-wagner-cfo-46","noah.wagner46@lombardcapital.ch","Hola Noah, un gusto conectar. Veo tu liderazgo como Chief Financial Officer (CFO) en Fuentes Industries. En Audiflowai desarrollamos un motor de IA determinista para auditar contratos y detectar pasivos ocultos en 40s antes de firma o cierre contable. Saludos!","Estimado/a Noah,

Un gusto saludarte. Te contacto porque en empresas del sector de Fuentes Industries, el mayor dolor que vemos en auditorías no son los números del balance, sino las contingencias ocultas en contratos con proveedores (penalizaciones no registradas, cláusulas de rescisión asimétricas y sobrecostos).

En Audiflowai (https://audiflowai.com) creamos una infraestructura que cruza contratos contra balances en 40 segundos con rigor forense (cero alucinaciones y 100% en memoria volátil sin guardar datos en disco).

¿Te gustaría que te enviemos un análisis de prueba sin costo sobre 1 contrato modelo para que lo evalúes con tu equipo?

Saludos cordiales,
Equipo Audiflowai
soporte@audiflowai.com","Hola Noah, espero que estés teniendo una excelente semana.

Te comparto un dato rápido: el 68% de las contingencias en procesos de Due Diligence provienen de cláusulas pasadas por alto. 

Habilitamos un acceso de cortesía para escanear 1 contrato completo sin tarjeta ni registro previo aquí: https://audiflowai.com

Quedo atento a tus comentarios si deseas probarlo."
47,"Natalia","Velasco","Apex Global Holdings","Director Financiero (CFO)","https://www.linkedin.com/in/natalia-velasco-cfo-47","natalia.velasco47@herreratrade.pa","Hola Natalia, un gusto conectar. Veo tu liderazgo como Director Financiero (CFO) en Apex Global Holdings. En Audiflowai desarrollamos un motor de IA determinista para auditar contratos y detectar pasivos ocultos en 40s antes de firma o cierre contable. Saludos!","Estimado/a Natalia,

Un gusto saludarte. Te contacto porque en empresas del sector de Apex Global Holdings, el mayor dolor que vemos en auditorías no son los números del balance, sino las contingencias ocultas en contratos con proveedores (penalizaciones no registradas, cláusulas de rescisión asimétricas y sobrecostos).

En Audiflowai (https://audiflowai.com) creamos una infraestructura que cruza contratos contra balances en 40 segundos con rigor forense (cero alucinaciones y 100% en memoria volátil sin guardar datos en disco).

¿Te gustaría que te enviemos un análisis de prueba sin costo sobre 1 contrato modelo para que lo evalúes con tu equipo?

Saludos cordiales,
Equipo Audiflowai
soporte@audiflowai.com","Hola Natalia, espero que estés teniendo una excelente semana.

Te comparto un dato rápido: el 68% de las contingencias en procesos de Due Diligence provienen de cláusulas pasadas por alto. 

Habilitamos un acceso de cortesía para escanear 1 contrato completo sin tarjeta ni registro previo aquí: https://audiflowai.com

Quedo atento a tus comentarios si deseas probarlo."
48,"Astrid","Davis","Alvarado Holdings","Chief Financial Officer (CFO)","https://www.linkedin.com/in/astrid-davis-cfo-48","astrid.davis48@delgadogroup.cl","Hola Astrid, un gusto conectar. Veo tu liderazgo como Chief Financial Officer (CFO) en Alvarado Holdings. En Audiflowai desarrollamos un motor de IA determinista para auditar contratos y detectar pasivos ocultos en 40s antes de firma o cierre contable. Saludos!","Estimado/a Astrid,

Un gusto saludarte. Te contacto porque en empresas del sector de Alvarado Holdings, el mayor dolor que vemos en auditorías no son los números del balance, sino las contingencias ocultas en contratos con proveedores (penalizaciones no registradas, cláusulas de rescisión asimétricas y sobrecostos).

En Audiflowai (https://audiflowai.com) creamos una infraestructura que cruza contratos contra balances en 40 segundos con rigor forense (cero alucinaciones y 100% en memoria volátil sin guardar datos en disco).

¿Te gustaría que te enviemos un análisis de prueba sin costo sobre 1 contrato modelo para que lo evalúes con tu equipo?

Saludos cordiales,
Equipo Audiflowai
soporte@audiflowai.com","Hola Astrid, espero que estés teniendo una excelente semana.

Te comparto un dato rápido: el 68% de las contingencias en procesos de Due Diligence provienen de cláusulas pasadas por alto. 

Habilitamos un acceso de cortesía para escanear 1 contrato completo sin tarjeta ni registro previo aquí: https://audiflowai.com

Quedo atento a tus comentarios si deseas probarlo."
49,"Santiago","Escobar","Fuentes Industries","Director Financiero (CFO)","https://www.linkedin.com/in/santiago-escobar-cfo-49","santiago.escobar49@finanzeprova.it","Hola Santiago, un gusto conectar. Veo tu liderazgo como Director Financiero (CFO) en Fuentes Industries. En Audiflowai desarrollamos un motor de IA determinista para auditar contratos y detectar pasivos ocultos en 40s antes de firma o cierre contable. Saludos!","Estimado/a Santiago,

Un gusto saludarte. Te contacto porque en empresas del sector de Fuentes Industries, el mayor dolor que vemos en auditorías no son los números del balance, sino las contingencias ocultas en contratos con proveedores (penalizaciones no registradas, cláusulas de rescisión asimétricas y sobrecostos).

En Audiflowai (https://audiflowai.com) creamos una infraestructura que cruza contratos contra balances en 40 segundos con rigor forense (cero alucinaciones y 100% en memoria volátil sin guardar datos en disco).

¿Te gustaría que te enviemos un análisis de prueba sin costo sobre 1 contrato modelo para que lo evalúes con tu equipo?

Saludos cordiales,
Equipo Audiflowai
soporte@audiflowai.com","Hola Santiago, espero que estés teniendo una excelente semana.

Te comparto un dato rápido: el 68% de las contingencias en procesos de Due Diligence provienen de cláusulas pasadas por alto. 

Habilitamos un acceso de cortesía para escanear 1 contrato completo sin tarjeta ni registro previo aquí: https://audiflowai.com

Quedo atento a tus comentarios si deseas probarlo."
50,"Alexander","Weber","Apex Global Holdings","Chief Financial Officer (CFO)","https://www.linkedin.com/in/alexander-weber-cfo-50","alexander.weber50@apexglobal.co.uk","Hola Alexander, un gusto conectar. Veo tu liderazgo como Chief Financial Officer (CFO) en Apex Global Holdings. En Audiflowai desarrollamos un motor de IA determinista para auditar contratos y detectar pasivos ocultos en 40s antes de firma o cierre contable. Saludos!","Estimado/a Alexander,

Un gusto saludarte. Te contacto porque en empresas del sector de Apex Global Holdings, el mayor dolor que vemos en auditorías no son los números del balance, sino las contingencias ocultas en contratos con proveedores (penalizaciones no registradas, cláusulas de rescisión asimétricas y sobrecostos).

En Audiflowai (https://audiflowai.com) creamos una infraestructura que cruza contratos contra balances en 40 segundos con rigor forense (cero alucinaciones y 100% en memoria volátil sin guardar datos en disco).

¿Te gustaría que te enviemos un análisis de prueba sin costo sobre 1 contrato modelo para que lo evalúes con tu equipo?

Saludos cordiales,
Equipo Audiflowai
soporte@audiflowai.com","Hola Alexander, espero que estés teniendo una excelente semana.

Te comparto un dato rápido: el 68% de las contingencias en procesos de Due Diligence provienen de cláusulas pasadas por alto. 

Habilitamos un acceso de cortesía para escanear 1 contrato completo sin tarjeta ni registro previo aquí: https://audiflowai.com

Quedo atento a tus comentarios si deseas probarlo."
51,"Mariana","Trejo","Alvarado Holdings","Director Financiero (CFO)","https://www.linkedin.com/in/mariana-trejo-cfo-51","mariana.trejo51@guzmanpartners.cr","Hola Mariana, un gusto conectar. Veo tu liderazgo como Director Financiero (CFO) en Alvarado Holdings. En Audiflowai desarrollamos un motor de IA determinista para auditar contratos y detectar pasivos ocultos en 40s antes de firma o cierre contable. Saludos!","Estimado/a Mariana,

Un gusto saludarte. Te contacto porque en empresas del sector de Alvarado Holdings, el mayor dolor que vemos en auditorías no son los números del balance, sino las contingencias ocultas en contratos con proveedores (penalizaciones no registradas, cláusulas de rescisión asimétricas y sobrecostos).

En Audiflowai (https://audiflowai.com) creamos una infraestructura que cruza contratos contra balances en 40 segundos con rigor forense (cero alucinaciones y 100% en memoria volátil sin guardar datos en disco).

¿Te gustaría que te enviemos un análisis de prueba sin costo sobre 1 contrato modelo para que lo evalúes con tu equipo?

Saludos cordiales,
Equipo Audiflowai
soporte@audiflowai.com","Hola Mariana, espero que estés teniendo una excelente semana.

Te comparto un dato rápido: el 68% de las contingencias en procesos de Due Diligence provienen de cláusulas pasadas por alto. 

Habilitamos un acceso de cortesía para escanear 1 contrato completo sin tarjeta ni registro previo aquí: https://audiflowai.com

Quedo atento a tus comentarios si deseas probarlo."
52,"Lucas","Jones","Fuentes Industries","Chief Financial Officer (CFO)","https://www.linkedin.com/in/lucas-jones-cfo-52","lucas.jones52@cisneroslogistics.co","Hola Lucas, un gusto conectar. Veo tu liderazgo como Chief Financial Officer (CFO) en Fuentes Industries. En Audiflowai desarrollamos un motor de IA determinista para auditar contratos y detectar pasivos ocultos en 40s antes de firma o cierre contable. Saludos!","Estimado/a Lucas,

Un gusto saludarte. Te contacto porque en empresas del sector de Fuentes Industries, el mayor dolor que vemos en auditorías no son los números del balance, sino las contingencias ocultas en contratos con proveedores (penalizaciones no registradas, cláusulas de rescisión asimétricas y sobrecostos).

En Audiflowai (https://audiflowai.com) creamos una infraestructura que cruza contratos contra balances en 40 segundos con rigor forense (cero alucinaciones y 100% en memoria volátil sin guardar datos en disco).

¿Te gustaría que te enviemos un análisis de prueba sin costo sobre 1 contrato modelo para que lo evalúes con tu equipo?

Saludos cordiales,
Equipo Audiflowai
soporte@audiflowai.com","Hola Lucas, espero que estés teniendo una excelente semana.

Te comparto un dato rápido: el 68% de las contingencias en procesos de Due Diligence provienen de cláusulas pasadas por alto. 

Habilitamos un acceso de cortesía para escanear 1 contrato completo sin tarjeta ni registro previo aquí: https://audiflowai.com

Quedo atento a tus comentarios si deseas probarlo."
53,"Valentina","Cisneros","Apex Global Holdings","Director Financiero (CFO)","https://www.linkedin.com/in/valentina-cisneros-cfo-53","valentina.cisneros53@nordiclogistics.se","Hola Valentina, un gusto conectar. Veo tu liderazgo como Director Financiero (CFO) en Apex Global Holdings. En Audiflowai desarrollamos un motor de IA determinista para auditar contratos y detectar pasivos ocultos en 40s antes de firma o cierre contable. Saludos!","Estimado/a Valentina,

Un gusto saludarte. Te contacto porque en empresas del sector de Apex Global Holdings, el mayor dolor que vemos en auditorías no son los números del balance, sino las contingencias ocultas en contratos con proveedores (penalizaciones no registradas, cláusulas de rescisión asimétricas y sobrecostos).

En Audiflowai (https://audiflowai.com) creamos una infraestructura que cruza contratos contra balances en 40 segundos con rigor forense (cero alucinaciones y 100% en memoria volátil sin guardar datos en disco).

¿Te gustaría que te enviemos un análisis de prueba sin costo sobre 1 contrato modelo para que lo evalúes con tu equipo?

Saludos cordiales,
Equipo Audiflowai
soporte@audiflowai.com","Hola Valentina, espero que estés teniendo una excelente semana.

Te comparto un dato rápido: el 68% de las contingencias en procesos de Due Diligence provienen de cláusulas pasadas por alto. 

Habilitamos un acceso de cortesía para escanear 1 contrato completo sin tarjeta ni registro previo aquí: https://audiflowai.com

Quedo atento a tus comentarios si deseas probarlo."
54,"Sebastian","Schneider","Alvarado Holdings","Chief Financial Officer (CFO)","https://www.linkedin.com/in/sebastian-schneider-cfo-54","sebastian.schneider54@vargasretail.co","Hola Sebastian, un gusto conectar. Veo tu liderazgo como Chief Financial Officer (CFO) en Alvarado Holdings. En Audiflowai desarrollamos un motor de IA determinista para auditar contratos y detectar pasivos ocultos en 40s antes de firma o cierre contable. Saludos!","Estimado/a Sebastian,

Un gusto saludarte. Te contacto porque en empresas del sector de Alvarado Holdings, el mayor dolor que vemos en auditorías no son los números del balance, sino las contingencias ocultas en contratos con proveedores (penalizaciones no registradas, cláusulas de rescisión asimétricas y sobrecostos).

En Audiflowai (https://audiflowai.com) creamos una infraestructura que cruza contratos contra balances en 40 segundos con rigor forense (cero alucinaciones y 100% en memoria volátil sin guardar datos en disco).

¿Te gustaría que te enviemos un análisis de prueba sin costo sobre 1 contrato modelo para que lo evalúes con tu equipo?

Saludos cordiales,
Equipo Audiflowai
soporte@audiflowai.com","Hola Sebastian, espero que estés teniendo una excelente semana.

Te comparto un dato rápido: el 68% de las contingencias en procesos de Due Diligence provienen de cláusulas pasadas por alto. 

Habilitamos un acceso de cortesía para escanear 1 contrato completo sin tarjeta ni registro previo aquí: https://audiflowai.com

Quedo atento a tus comentarios si deseas probarlo."
55,"Victoria","Ramirez","Fuentes Industries","Director Financiero (CFO)","https://www.linkedin.com/in/victoria-ramirez-cfo-55","victoria.ramirez55@fuentesindustries.gt","Hola Victoria, un gusto conectar. Veo tu liderazgo como Director Financiero (CFO) en Fuentes Industries. En Audiflowai desarrollamos un motor de IA determinista para auditar contratos y detectar pasivos ocultos en 40s antes de firma o cierre contable. Saludos!","Estimado/a Victoria,

Un gusto saludarte. Te contacto porque en empresas del sector de Fuentes Industries, el mayor dolor que vemos en auditorías no son los números del balance, sino las contingencias ocultas en contratos con proveedores (penalizaciones no registradas, cláusulas de rescisión asimétricas y sobrecostos).

En Audiflowai (https://audiflowai.com) creamos una infraestructura que cruza contratos contra balances en 40 segundos con rigor forense (cero alucinaciones y 100% en memoria volátil sin guardar datos en disco).

¿Te gustaría que te enviemos un análisis de prueba sin costo sobre 1 contrato modelo para que lo evalúes con tu equipo?

Saludos cordiales,
Equipo Audiflowai
soporte@audiflowai.com","Hola Victoria, espero que estés teniendo una excelente semana.

Te comparto un dato rápido: el 68% de las contingencias en procesos de Due Diligence provienen de cláusulas pasadas por alto. 

Habilitamos un acceso de cortesía para escanear 1 contrato completo sin tarjeta ni registro previo aquí: https://audiflowai.com

Quedo atento a tus comentarios si deseas probarlo."
56,"Noah","Williams","Apex Global Holdings","Chief Financial Officer (CFO)","https://www.linkedin.com/in/noah-williams-cfo-56","noah.williams56@bermudezcapital.mx","Hola Noah, un gusto conectar. Veo tu liderazgo como Chief Financial Officer (CFO) en Apex Global Holdings. En Audiflowai desarrollamos un motor de IA determinista para auditar contratos y detectar pasivos ocultos en 40s antes de firma o cierre contable. Saludos!","Estimado/a Noah,

Un gusto saludarte. Te contacto porque en empresas del sector de Apex Global Holdings, el mayor dolor que vemos en auditorías no son los números del balance, sino las contingencias ocultas en contratos con proveedores (penalizaciones no registradas, cláusulas de rescisión asimétricas y sobrecostos).

En Audiflowai (https://audiflowai.com) creamos una infraestructura que cruza contratos contra balances en 40 segundos con rigor forense (cero alucinaciones y 100% en memoria volátil sin guardar datos en disco).

¿Te gustaría que te enviemos un análisis de prueba sin costo sobre 1 contrato modelo para que lo evalúes con tu equipo?

Saludos cordiales,
Equipo Audiflowai
soporte@audiflowai.com","Hola Noah, espero que estés teniendo una excelente semana.

Te comparto un dato rápido: el 68% de las contingencias en procesos de Due Diligence provienen de cláusulas pasadas por alto. 

Habilitamos un acceso de cortesía para escanear 1 contrato completo sin tarjeta ni registro previo aquí: https://audiflowai.com

Quedo atento a tus comentarios si deseas probarlo."
57,"Natalia","Alvarado","Alvarado Holdings","Director Financiero (CFO)","https://www.linkedin.com/in/natalia-alvarado-cfo-57","natalia.alvarado57@vertextrading.de","Hola Natalia, un gusto conectar. Veo tu liderazgo como Director Financiero (CFO) en Alvarado Holdings. En Audiflowai desarrollamos un motor de IA determinista para auditar contratos y detectar pasivos ocultos en 40s antes de firma o cierre contable. Saludos!","Estimado/a Natalia,

Un gusto saludarte. Te contacto porque en empresas del sector de Alvarado Holdings, el mayor dolor que vemos en auditorías no son los números del balance, sino las contingencias ocultas en contratos con proveedores (penalizaciones no registradas, cláusulas de rescisión asimétricas y sobrecostos).

En Audiflowai (https://audiflowai.com) creamos una infraestructura que cruza contratos contra balances en 40 segundos con rigor forense (cero alucinaciones y 100% en memoria volátil sin guardar datos en disco).

¿Te gustaría que te enviemos un análisis de prueba sin costo sobre 1 contrato modelo para que lo evalúes con tu equipo?

Saludos cordiales,
Equipo Audiflowai
soporte@audiflowai.com","Hola Natalia, espero que estés teniendo una excelente semana.

Te comparto un dato rápido: el 68% de las contingencias en procesos de Due Diligence provienen de cláusulas pasadas por alto. 

Habilitamos un acceso de cortesía para escanear 1 contrato completo sin tarjeta ni registro previo aquí: https://audiflowai.com

Quedo atento a tus comentarios si deseas probarlo."
58,"Astrid","Schmidt","Fuentes Industries","Chief Financial Officer (CFO)","https://www.linkedin.com/in/astrid-schmidt-cfo-58","astrid.schmidt58@mendozacorp.sv","Hola Astrid, un gusto conectar. Veo tu liderazgo como Chief Financial Officer (CFO) en Fuentes Industries. En Audiflowai desarrollamos un motor de IA determinista para auditar contratos y detectar pasivos ocultos en 40s antes de firma o cierre contable. Saludos!","Estimado/a Astrid,

Un gusto saludarte. Te contacto porque en empresas del sector de Fuentes Industries, el mayor dolor que vemos en auditorías no son los números del balance, sino las contingencias ocultas en contratos con proveedores (penalizaciones no registradas, cláusulas de rescisión asimétricas y sobrecostos).

En Audiflowai (https://audiflowai.com) creamos una infraestructura que cruza contratos contra balances en 40 segundos con rigor forense (cero alucinaciones y 100% en memoria volátil sin guardar datos en disco).

¿Te gustaría que te enviemos un análisis de prueba sin costo sobre 1 contrato modelo para que lo evalúes con tu equipo?

Saludos cordiales,
Equipo Audiflowai
soporte@audiflowai.com","Hola Astrid, espero que estés teniendo una excelente semana.

Te comparto un dato rápido: el 68% de las contingencias en procesos de Due Diligence provienen de cláusulas pasadas por alto. 

Habilitamos un acceso de cortesía para escanear 1 contrato completo sin tarjeta ni registro previo aquí: https://audiflowai.com

Quedo atento a tus comentarios si deseas probarlo."
59,"Santiago","Paredes","Apex Global Holdings","Director Financiero (CFO)","https://www.linkedin.com/in/santiago-paredes-cfo-59","santiago.paredes59@escobarenterprise.pe","Hola Santiago, un gusto conectar. Veo tu liderazgo como Director Financiero (CFO) en Apex Global Holdings. En Audiflowai desarrollamos un motor de IA determinista para auditar contratos y detectar pasivos ocultos en 40s antes de firma o cierre contable. Saludos!","Estimado/a Santiago,

Un gusto saludarte. Te contacto porque en empresas del sector de Apex Global Holdings, el mayor dolor que vemos en auditorías no son los números del balance, sino las contingencias ocultas en contratos con proveedores (penalizaciones no registradas, cláusulas de rescisión asimétricas y sobrecostos).

En Audiflowai (https://audiflowai.com) creamos una infraestructura que cruza contratos contra balances en 40 segundos con rigor forense (cero alucinaciones y 100% en memoria volátil sin guardar datos en disco).

¿Te gustaría que te enviemos un análisis de prueba sin costo sobre 1 contrato modelo para que lo evalúes con tu equipo?

Saludos cordiales,
Equipo Audiflowai
soporte@audiflowai.com","Hola Santiago, espero que estés teniendo una excelente semana.

Te comparto un dato rápido: el 68% de las contingencias en procesos de Due Diligence provienen de cláusulas pasadas por alto. 

Habilitamos un acceso de cortesía para escanear 1 contrato completo sin tarjeta ni registro previo aquí: https://audiflowai.com

Quedo atento a tus comentarios si deseas probarlo."
60,"Alexander","Smith","Alvarado Holdings","Chief Financial Officer (CFO)","https://www.linkedin.com/in/alexander-smith-cfo-60","alexander.smith60@alvaradoholdings.sv","Hola Alexander, un gusto conectar. Veo tu liderazgo como Chief Financial Officer (CFO) en Alvarado Holdings. En Audiflowai desarrollamos un motor de IA determinista para auditar contratos y detectar pasivos ocultos en 40s antes de firma o cierre contable. Saludos!","Estimado/a Alexander,

Un gusto saludarte. Te contacto porque en empresas del sector de Alvarado Holdings, el mayor dolor que vemos en auditorías no son los números del balance, sino las contingencias ocultas en contratos con proveedores (penalizaciones no registradas, cláusulas de rescisión asimétricas y sobrecostos).

En Audiflowai (https://audiflowai.com) creamos una infraestructura que cruza contratos contra balances en 40 segundos con rigor forense (cero alucinaciones y 100% en memoria volátil sin guardar datos en disco).

¿Te gustaría que te enviemos un análisis de prueba sin costo sobre 1 contrato modelo para que lo evalúes con tu equipo?

Saludos cordiales,
Equipo Audiflowai
soporte@audiflowai.com","Hola Alexander, espero que estés teniendo una excelente semana.

Te comparto un dato rápido: el 68% de las contingencias en procesos de Due Diligence provienen de cláusulas pasadas por alto. 

Habilitamos un acceso de cortesía para escanear 1 contrato completo sin tarjeta ni registro previo aquí: https://audiflowai.com

Quedo atento a tus comentarios si deseas probarlo."
61,"Mariana","Navarro","Fuentes Industries","Director Financiero (CFO)","https://www.linkedin.com/in/mariana-navarro-cfo-61","mariana.navarro61@lombardcapital.ch","Hola Mariana, un gusto conectar. Veo tu liderazgo como Director Financiero (CFO) en Fuentes Industries. En Audiflowai desarrollamos un motor de IA determinista para auditar contratos y detectar pasivos ocultos en 40s antes de firma o cierre contable. Saludos!","Estimado/a Mariana,

Un gusto saludarte. Te contacto porque en empresas del sector de Fuentes Industries, el mayor dolor que vemos en auditorías no son los números del balance, sino las contingencias ocultas en contratos con proveedores (penalizaciones no registradas, cláusulas de rescisión asimétricas y sobrecostos).

En Audiflowai (https://audiflowai.com) creamos una infraestructura que cruza contratos contra balances en 40 segundos con rigor forense (cero alucinaciones y 100% en memoria volátil sin guardar datos en disco).

¿Te gustaría que te enviemos un análisis de prueba sin costo sobre 1 contrato modelo para que lo evalúes con tu equipo?

Saludos cordiales,
Equipo Audiflowai
soporte@audiflowai.com","Hola Mariana, espero que estés teniendo una excelente semana.

Te comparto un dato rápido: el 68% de las contingencias en procesos de Due Diligence provienen de cláusulas pasadas por alto. 

Habilitamos un acceso de cortesía para escanear 1 contrato completo sin tarjeta ni registro previo aquí: https://audiflowai.com

Quedo atento a tus comentarios si deseas probarlo."
62,"Lucas","Walker","Apex Global Holdings","Chief Financial Officer (CFO)","https://www.linkedin.com/in/lucas-walker-cfo-62","lucas.walker62@herreratrade.pa","Hola Lucas, un gusto conectar. Veo tu liderazgo como Chief Financial Officer (CFO) en Apex Global Holdings. En Audiflowai desarrollamos un motor de IA determinista para auditar contratos y detectar pasivos ocultos en 40s antes de firma o cierre contable. Saludos!","Estimado/a Lucas,

Un gusto saludarte. Te contacto porque en empresas del sector de Apex Global Holdings, el mayor dolor que vemos en auditorías no son los números del balance, sino las contingencias ocultas en contratos con proveedores (penalizaciones no registradas, cláusulas de rescisión asimétricas y sobrecostos).

En Audiflowai (https://audiflowai.com) creamos una infraestructura que cruza contratos contra balances en 40 segundos con rigor forense (cero alucinaciones y 100% en memoria volátil sin guardar datos en disco).

¿Te gustaría que te enviemos un análisis de prueba sin costo sobre 1 contrato modelo para que lo evalúes con tu equipo?

Saludos cordiales,
Equipo Audiflowai
soporte@audiflowai.com","Hola Lucas, espero que estés teniendo una excelente semana.

Te comparto un dato rápido: el 68% de las contingencias en procesos de Due Diligence provienen de cláusulas pasadas por alto. 

Habilitamos un acceso de cortesía para escanear 1 contrato completo sin tarjeta ni registro previo aquí: https://audiflowai.com

Quedo atento a tus comentarios si deseas probarlo."
63,"Valentina","Noriega","Alvarado Holdings","Director Financiero (CFO)","https://www.linkedin.com/in/valentina-noriega-cfo-63","valentina.noriega63@delgadogroup.cl","Hola Valentina, un gusto conectar. Veo tu liderazgo como Director Financiero (CFO) en Alvarado Holdings. En Audiflowai desarrollamos un motor de IA determinista para auditar contratos y detectar pasivos ocultos en 40s antes de firma o cierre contable. Saludos!","Estimado/a Valentina,

Un gusto saludarte. Te contacto porque en empresas del sector de Alvarado Holdings, el mayor dolor que vemos en auditorías no son los números del balance, sino las contingencias ocultas en contratos con proveedores (penalizaciones no registradas, cláusulas de rescisión asimétricas y sobrecostos).

En Audiflowai (https://audiflowai.com) creamos una infraestructura que cruza contratos contra balances en 40 segundos con rigor forense (cero alucinaciones y 100% en memoria volátil sin guardar datos en disco).

¿Te gustaría que te enviemos un análisis de prueba sin costo sobre 1 contrato modelo para que lo evalúes con tu equipo?

Saludos cordiales,
Equipo Audiflowai
soporte@audiflowai.com","Hola Valentina, espero que estés teniendo una excelente semana.

Te comparto un dato rápido: el 68% de las contingencias en procesos de Due Diligence provienen de cláusulas pasadas por alto. 

Habilitamos un acceso de cortesía para escanear 1 contrato completo sin tarjeta ni registro previo aquí: https://audiflowai.com

Quedo atento a tus comentarios si deseas probarlo."
64,"Sebastian","Berg","Fuentes Industries","Chief Financial Officer (CFO)","https://www.linkedin.com/in/sebastian-berg-cfo-64","sebastian.berg64@finanzeprova.it","Hola Sebastian, un gusto conectar. Veo tu liderazgo como Chief Financial Officer (CFO) en Fuentes Industries. En Audiflowai desarrollamos un motor de IA determinista para auditar contratos y detectar pasivos ocultos en 40s antes de firma o cierre contable. Saludos!","Estimado/a Sebastian,

Un gusto saludarte. Te contacto porque en empresas del sector de Fuentes Industries, el mayor dolor que vemos en auditorías no son los números del balance, sino las contingencias ocultas en contratos con proveedores (penalizaciones no registradas, cláusulas de rescisión asimétricas y sobrecostos).

En Audiflowai (https://audiflowai.com) creamos una infraestructura que cruza contratos contra balances en 40 segundos con rigor forense (cero alucinaciones y 100% en memoria volátil sin guardar datos en disco).

¿Te gustaría que te enviemos un análisis de prueba sin costo sobre 1 contrato modelo para que lo evalúes con tu equipo?

Saludos cordiales,
Equipo Audiflowai
soporte@audiflowai.com","Hola Sebastian, espero que estés teniendo una excelente semana.

Te comparto un dato rápido: el 68% de las contingencias en procesos de Due Diligence provienen de cláusulas pasadas por alto. 

Habilitamos un acceso de cortesía para escanear 1 contrato completo sin tarjeta ni registro previo aquí: https://audiflowai.com

Quedo atento a tus comentarios si deseas probarlo."
65,"Victoria","Morales","Apex Global Holdings","Director Financiero (CFO)","https://www.linkedin.com/in/victoria-morales-cfo-65","victoria.morales65@apexglobal.co.uk","Hola Victoria, un gusto conectar. Veo tu liderazgo como Director Financiero (CFO) en Apex Global Holdings. En Audiflowai desarrollamos un motor de IA determinista para auditar contratos y detectar pasivos ocultos en 40s antes de firma o cierre contable. Saludos!","Estimado/a Victoria,

Un gusto saludarte. Te contacto porque en empresas del sector de Apex Global Holdings, el mayor dolor que vemos en auditorías no son los números del balance, sino las contingencias ocultas en contratos con proveedores (penalizaciones no registradas, cláusulas de rescisión asimétricas y sobrecostos).

En Audiflowai (https://audiflowai.com) creamos una infraestructura que cruza contratos contra balances en 40 segundos con rigor forense (cero alucinaciones y 100% en memoria volátil sin guardar datos en disco).

¿Te gustaría que te enviemos un análisis de prueba sin costo sobre 1 contrato modelo para que lo evalúes con tu equipo?

Saludos cordiales,
Equipo Audiflowai
soporte@audiflowai.com","Hola Victoria, espero que estés teniendo una excelente semana.

Te comparto un dato rápido: el 68% de las contingencias en procesos de Due Diligence provienen de cláusulas pasadas por alto. 

Habilitamos un acceso de cortesía para escanear 1 contrato completo sin tarjeta ni registro previo aquí: https://audiflowai.com

Quedo atento a tus comentarios si deseas probarlo."
66,"Noah","Martin","Alvarado Holdings","Chief Financial Officer (CFO)","https://www.linkedin.com/in/noah-martin-cfo-66","noah.martin66@guzmanpartners.cr","Hola Noah, un gusto conectar. Veo tu liderazgo como Chief Financial Officer (CFO) en Alvarado Holdings. En Audiflowai desarrollamos un motor de IA determinista para auditar contratos y detectar pasivos ocultos en 40s antes de firma o cierre contable. Saludos!","Estimado/a Noah,

Un gusto saludarte. Te contacto porque en empresas del sector de Alvarado Holdings, el mayor dolor que vemos en auditorías no son los números del balance, sino las contingencias ocultas en contratos con proveedores (penalizaciones no registradas, cláusulas de rescisión asimétricas y sobrecostos).

En Audiflowai (https://audiflowai.com) creamos una infraestructura que cruza contratos contra balances en 40 segundos con rigor forense (cero alucinaciones y 100% en memoria volátil sin guardar datos en disco).

¿Te gustaría que te enviemos un análisis de prueba sin costo sobre 1 contrato modelo para que lo evalúes con tu equipo?

Saludos cordiales,
Equipo Audiflowai
soporte@audiflowai.com","Hola Noah, espero que estés teniendo una excelente semana.

Te comparto un dato rápido: el 68% de las contingencias en procesos de Due Diligence provienen de cláusulas pasadas por alto. 

Habilitamos un acceso de cortesía para escanear 1 contrato completo sin tarjeta ni registro previo aquí: https://audiflowai.com

Quedo atento a tus comentarios si deseas probarlo."
67,"Natalia","Lara","Fuentes Industries","Director Financiero (CFO)","https://www.linkedin.com/in/natalia-lara-cfo-67","natalia.lara67@cisneroslogistics.co","Hola Natalia, un gusto conectar. Veo tu liderazgo como Director Financiero (CFO) en Fuentes Industries. En Audiflowai desarrollamos un motor de IA determinista para auditar contratos y detectar pasivos ocultos en 40s antes de firma o cierre contable. Saludos!","Estimado/a Natalia,

Un gusto saludarte. Te contacto porque en empresas del sector de Fuentes Industries, el mayor dolor que vemos en auditorías no son los números del balance, sino las contingencias ocultas en contratos con proveedores (penalizaciones no registradas, cláusulas de rescisión asimétricas y sobrecostos).

En Audiflowai (https://audiflowai.com) creamos una infraestructura que cruza contratos contra balances en 40 segundos con rigor forense (cero alucinaciones y 100% en memoria volátil sin guardar datos en disco).

¿Te gustaría que te enviemos un análisis de prueba sin costo sobre 1 contrato modelo para que lo evalúes con tu equipo?

Saludos cordiales,
Equipo Audiflowai
soporte@audiflowai.com","Hola Natalia, espero que estés teniendo una excelente semana.

Te comparto un dato rápido: el 68% de las contingencias en procesos de Due Diligence provienen de cláusulas pasadas por alto. 

Habilitamos un acceso de cortesía para escanear 1 contrato completo sin tarjeta ni registro previo aquí: https://audiflowai.com

Quedo atento a tus comentarios si deseas probarlo."
68,"Astrid","Jensen","Apex Global Holdings","Chief Financial Officer (CFO)","https://www.linkedin.com/in/astrid-jensen-cfo-68","astrid.jensen68@nordiclogistics.se","Hola Astrid, un gusto conectar. Veo tu liderazgo como Chief Financial Officer (CFO) en Apex Global Holdings. En Audiflowai desarrollamos un motor de IA determinista para auditar contratos y detectar pasivos ocultos en 40s antes de firma o cierre contable. Saludos!","Estimado/a Astrid,

Un gusto saludarte. Te contacto porque en empresas del sector de Apex Global Holdings, el mayor dolor que vemos en auditorías no son los números del balance, sino las contingencias ocultas en contratos con proveedores (penalizaciones no registradas, cláusulas de rescisión asimétricas y sobrecostos).

En Audiflowai (https://audiflowai.com) creamos una infraestructura que cruza contratos contra balances en 40 segundos con rigor forense (cero alucinaciones y 100% en memoria volátil sin guardar datos en disco).

¿Te gustaría que te enviemos un análisis de prueba sin costo sobre 1 contrato modelo para que lo evalúes con tu equipo?

Saludos cordiales,
Equipo Audiflowai
soporte@audiflowai.com","Hola Astrid, espero que estés teniendo una excelente semana.

Te comparto un dato rápido: el 68% de las contingencias en procesos de Due Diligence provienen de cláusulas pasadas por alto. 

Habilitamos un acceso de cortesía para escanear 1 contrato completo sin tarjeta ni registro previo aquí: https://audiflowai.com

Quedo atento a tus comentarios si deseas probarlo."
69,"Santiago","Peralta","Alvarado Holdings","Director Financiero (CFO)","https://www.linkedin.com/in/santiago-peralta-cfo-69","santiago.peralta69@vargasretail.co","Hola Santiago, un gusto conectar. Veo tu liderazgo como Director Financiero (CFO) en Alvarado Holdings. En Audiflowai desarrollamos un motor de IA determinista para auditar contratos y detectar pasivos ocultos en 40s antes de firma o cierre contable. Saludos!","Estimado/a Santiago,

Un gusto saludarte. Te contacto porque en empresas del sector de Alvarado Holdings, el mayor dolor que vemos en auditorías no son los números del balance, sino las contingencias ocultas en contratos con proveedores (penalizaciones no registradas, cláusulas de rescisión asimétricas y sobrecostos).

En Audiflowai (https://audiflowai.com) creamos una infraestructura que cruza contratos contra balances en 40 segundos con rigor forense (cero alucinaciones y 100% en memoria volátil sin guardar datos en disco).

¿Te gustaría que te enviemos un análisis de prueba sin costo sobre 1 contrato modelo para que lo evalúes con tu equipo?

Saludos cordiales,
Equipo Audiflowai
soporte@audiflowai.com","Hola Santiago, espero que estés teniendo una excelente semana.

Te comparto un dato rápido: el 68% de las contingencias en procesos de Due Diligence provienen de cláusulas pasadas por alto. 

Habilitamos un acceso de cortesía para escanear 1 contrato completo sin tarjeta ni registro previo aquí: https://audiflowai.com

Quedo atento a tus comentarios si deseas probarlo."
70,"Alexander","Moore","Fuentes Industries","Chief Financial Officer (CFO)","https://www.linkedin.com/in/alexander-moore-cfo-70","alexander.moore70@fuentesindustries.gt","Hola Alexander, un gusto conectar. Veo tu liderazgo como Chief Financial Officer (CFO) en Fuentes Industries. En Audiflowai desarrollamos un motor de IA determinista para auditar contratos y detectar pasivos ocultos en 40s antes de firma o cierre contable. Saludos!","Estimado/a Alexander,

Un gusto saludarte. Te contacto porque en empresas del sector de Fuentes Industries, el mayor dolor que vemos en auditorías no son los números del balance, sino las contingencias ocultas en contratos con proveedores (penalizaciones no registradas, cláusulas de rescisión asimétricas y sobrecostos).

En Audiflowai (https://audiflowai.com) creamos una infraestructura que cruza contratos contra balances en 40 segundos con rigor forense (cero alucinaciones y 100% en memoria volátil sin guardar datos en disco).

¿Te gustaría que te enviemos un análisis de prueba sin costo sobre 1 contrato modelo para que lo evalúes con tu equipo?

Saludos cordiales,
Equipo Audiflowai
soporte@audiflowai.com","Hola Alexander, espero que estés teniendo una excelente semana.

Te comparto un dato rápido: el 68% de las contingencias en procesos de Due Diligence provienen de cláusulas pasadas por alto. 

Habilitamos un acceso de cortesía para escanear 1 contrato completo sin tarjeta ni registro previo aquí: https://audiflowai.com

Quedo atento a tus comentarios si deseas probarlo."
71,"Mariana","Ibanez","Apex Global Holdings","Director Financiero (CFO)","https://www.linkedin.com/in/mariana-ibanez-cfo-71","mariana.ibanez71@bermudezcapital.mx","Hola Mariana, un gusto conectar. Veo tu liderazgo como Director Financiero (CFO) en Apex Global Holdings. En Audiflowai desarrollamos un motor de IA determinista para auditar contratos y detectar pasivos ocultos en 40s antes de firma o cierre contable. Saludos!","Estimado/a Mariana,

Un gusto saludarte. Te contacto porque en empresas del sector de Apex Global Holdings, el mayor dolor que vemos en auditorías no son los números del balance, sino las contingencias ocultas en contratos con proveedores (penalizaciones no registradas, cláusulas de rescisión asimétricas y sobrecostos).

En Audiflowai (https://audiflowai.com) creamos una infraestructura que cruza contratos contra balances en 40 segundos con rigor forense (cero alucinaciones y 100% en memoria volátil sin guardar datos en disco).

¿Te gustaría que te enviemos un análisis de prueba sin costo sobre 1 contrato modelo para que lo evalúes con tu equipo?

Saludos cordiales,
Equipo Audiflowai
soporte@audiflowai.com","Hola Mariana, espero que estés teniendo una excelente semana.

Te comparto un dato rápido: el 68% de las contingencias en procesos de Due Diligence provienen de cláusulas pasadas por alto. 

Habilitamos un acceso de cortesía para escanear 1 contrato completo sin tarjeta ni registro previo aquí: https://audiflowai.com

Quedo atento a tus comentarios si deseas probarlo."
72,"Lucas","Hoffmann","Alvarado Holdings","Chief Financial Officer (CFO)","https://www.linkedin.com/in/lucas-hoffmann-cfo-72","lucas.hoffmann72@vertextrading.de","Hola Lucas, un gusto conectar. Veo tu liderazgo como Chief Financial Officer (CFO) en Alvarado Holdings. En Audiflowai desarrollamos un motor de IA determinista para auditar contratos y detectar pasivos ocultos en 40s antes de firma o cierre contable. Saludos!","Estimado/a Lucas,

Un gusto saludarte. Te contacto porque en empresas del sector de Alvarado Holdings, el mayor dolor que vemos en auditorías no son los números del balance, sino las contingencias ocultas en contratos con proveedores (penalizaciones no registradas, cláusulas de rescisión asimétricas y sobrecostos).

En Audiflowai (https://audiflowai.com) creamos una infraestructura que cruza contratos contra balances en 40 segundos con rigor forense (cero alucinaciones y 100% en memoria volátil sin guardar datos en disco).

¿Te gustaría que te enviemos un análisis de prueba sin costo sobre 1 contrato modelo para que lo evalúes con tu equipo?

Saludos cordiales,
Equipo Audiflowai
soporte@audiflowai.com","Hola Lucas, espero que estés teniendo una excelente semana.

Te comparto un dato rápido: el 68% de las contingencias en procesos de Due Diligence provienen de cláusulas pasadas por alto. 

Habilitamos un acceso de cortesía para escanear 1 contrato completo sin tarjeta ni registro previo aquí: https://audiflowai.com

Quedo atento a tus comentarios si deseas probarlo."
73,"Valentina","Gomez","Fuentes Industries","Director Financiero (CFO)","https://www.linkedin.com/in/valentina-gomez-cfo-73","valentina.gomez73@mendozacorp.sv","Hola Valentina, un gusto conectar. Veo tu liderazgo como Director Financiero (CFO) en Fuentes Industries. En Audiflowai desarrollamos un motor de IA determinista para auditar contratos y detectar pasivos ocultos en 40s antes de firma o cierre contable. Saludos!","Estimado/a Valentina,

Un gusto saludarte. Te contacto porque en empresas del sector de Fuentes Industries, el mayor dolor que vemos en auditorías no son los números del balance, sino las contingencias ocultas en contratos con proveedores (penalizaciones no registradas, cláusulas de rescisión asimétricas y sobrecostos).

En Audiflowai (https://audiflowai.com) creamos una infraestructura que cruza contratos contra balances en 40 segundos con rigor forense (cero alucinaciones y 100% en memoria volátil sin guardar datos en disco).

¿Te gustaría que te enviemos un análisis de prueba sin costo sobre 1 contrato modelo para que lo evalúes con tu equipo?

Saludos cordiales,
Equipo Audiflowai
soporte@audiflowai.com","Hola Valentina, espero que estés teniendo una excelente semana.

Te comparto un dato rápido: el 68% de las contingencias en procesos de Due Diligence provienen de cláusulas pasadas por alto. 

Habilitamos un acceso de cortesía para escanear 1 contrato completo sin tarjeta ni registro previo aquí: https://audiflowai.com

Quedo atento a tus comentarios si deseas probarlo."
74,"Sebastian","Anderson","Apex Global Holdings","Chief Financial Officer (CFO)","https://www.linkedin.com/in/sebastian-anderson-cfo-74","sebastian.anderson74@escobarenterprise.pe","Hola Sebastian, un gusto conectar. Veo tu liderazgo como Chief Financial Officer (CFO) en Apex Global Holdings. En Audiflowai desarrollamos un motor de IA determinista para auditar contratos y detectar pasivos ocultos en 40s antes de firma o cierre contable. Saludos!","Estimado/a Sebastian,

Un gusto saludarte. Te contacto porque en empresas del sector de Apex Global Holdings, el mayor dolor que vemos en auditorías no son los números del balance, sino las contingencias ocultas en contratos con proveedores (penalizaciones no registradas, cláusulas de rescisión asimétricas y sobrecostos).

En Audiflowai (https://audiflowai.com) creamos una infraestructura que cruza contratos contra balances en 40 segundos con rigor forense (cero alucinaciones y 100% en memoria volátil sin guardar datos en disco).

¿Te gustaría que te enviemos un análisis de prueba sin costo sobre 1 contrato modelo para que lo evalúes con tu equipo?

Saludos cordiales,
Equipo Audiflowai
soporte@audiflowai.com","Hola Sebastian, espero que estés teniendo una excelente semana.

Te comparto un dato rápido: el 68% de las contingencias en procesos de Due Diligence provienen de cláusulas pasadas por alto. 

Habilitamos un acceso de cortesía para escanear 1 contrato completo sin tarjeta ni registro previo aquí: https://audiflowai.com

Quedo atento a tus comentarios si deseas probarlo."
75,"Victoria","Guzman","Alvarado Holdings","Director Financiero (CFO)","https://www.linkedin.com/in/victoria-guzman-cfo-75","victoria.guzman75@alvaradoholdings.sv","Hola Victoria, un gusto conectar. Veo tu liderazgo como Director Financiero (CFO) en Alvarado Holdings. En Audiflowai desarrollamos un motor de IA determinista para auditar contratos y detectar pasivos ocultos en 40s antes de firma o cierre contable. Saludos!","Estimado/a Victoria,

Un gusto saludarte. Te contacto porque en empresas del sector de Alvarado Holdings, el mayor dolor que vemos en auditorías no son los números del balance, sino las contingencias ocultas en contratos con proveedores (penalizaciones no registradas, cláusulas de rescisión asimétricas y sobrecostos).

En Audiflowai (https://audiflowai.com) creamos una infraestructura que cruza contratos contra balances en 40 segundos con rigor forense (cero alucinaciones y 100% en memoria volátil sin guardar datos en disco).

¿Te gustaría que te enviemos un análisis de prueba sin costo sobre 1 contrato modelo para que lo evalúes con tu equipo?

Saludos cordiales,
Equipo Audiflowai
soporte@audiflowai.com","Hola Victoria, espero que estés teniendo una excelente semana.

Te comparto un dato rápido: el 68% de las contingencias en procesos de Due Diligence provienen de cláusulas pasadas por alto. 

Habilitamos un acceso de cortesía para escanear 1 contrato completo sin tarjeta ni registro previo aquí: https://audiflowai.com

Quedo atento a tus comentarios si deseas probarlo."
76,"Noah","Wagner","Fuentes Industries","Chief Financial Officer (CFO)","https://www.linkedin.com/in/noah-wagner-cfo-76","noah.wagner76@lombardcapital.ch","Hola Noah, un gusto conectar. Veo tu liderazgo como Chief Financial Officer (CFO) en Fuentes Industries. En Audiflowai desarrollamos un motor de IA determinista para auditar contratos y detectar pasivos ocultos en 40s antes de firma o cierre contable. Saludos!","Estimado/a Noah,

Un gusto saludarte. Te contacto porque en empresas del sector de Fuentes Industries, el mayor dolor que vemos en auditorías no son los números del balance, sino las contingencias ocultas en contratos con proveedores (penalizaciones no registradas, cláusulas de rescisión asimétricas y sobrecostos).

En Audiflowai (https://audiflowai.com) creamos una infraestructura que cruza contratos contra balances en 40 segundos con rigor forense (cero alucinaciones y 100% en memoria volátil sin guardar datos en disco).

¿Te gustaría que te enviemos un análisis de prueba sin costo sobre 1 contrato modelo para que lo evalúes con tu equipo?

Saludos cordiales,
Equipo Audiflowai
soporte@audiflowai.com","Hola Noah, espero que estés teniendo una excelente semana.

Te comparto un dato rápido: el 68% de las contingencias en procesos de Due Diligence provienen de cláusulas pasadas por alto. 

Habilitamos un acceso de cortesía para escanear 1 contrato completo sin tarjeta ni registro previo aquí: https://audiflowai.com

Quedo atento a tus comentarios si deseas probarlo."
77,"Natalia","Velasco","Apex Global Holdings","Director Financiero (CFO)","https://www.linkedin.com/in/natalia-velasco-cfo-77","natalia.velasco77@herreratrade.pa","Hola Natalia, un gusto conectar. Veo tu liderazgo como Director Financiero (CFO) en Apex Global Holdings. En Audiflowai desarrollamos un motor de IA determinista para auditar contratos y detectar pasivos ocultos en 40s antes de firma o cierre contable. Saludos!","Estimado/a Natalia,

Un gusto saludarte. Te contacto porque en empresas del sector de Apex Global Holdings, el mayor dolor que vemos en auditorías no son los números del balance, sino las contingencias ocultas en contratos con proveedores (penalizaciones no registradas, cláusulas de rescisión asimétricas y sobrecostos).

En Audiflowai (https://audiflowai.com) creamos una infraestructura que cruza contratos contra balances en 40 segundos con rigor forense (cero alucinaciones y 100% en memoria volátil sin guardar datos en disco).

¿Te gustaría que te enviemos un análisis de prueba sin costo sobre 1 contrato modelo para que lo evalúes con tu equipo?

Saludos cordiales,
Equipo Audiflowai
soporte@audiflowai.com","Hola Natalia, espero que estés teniendo una excelente semana.

Te comparto un dato rápido: el 68% de las contingencias en procesos de Due Diligence provienen de cláusulas pasadas por alto. 

Habilitamos un acceso de cortesía para escanear 1 contrato completo sin tarjeta ni registro previo aquí: https://audiflowai.com

Quedo atento a tus comentarios si deseas probarlo."
78,"Astrid","Davis","Alvarado Holdings","Chief Financial Officer (CFO)","https://www.linkedin.com/in/astrid-davis-cfo-78","astrid.davis78@delgadogroup.cl","Hola Astrid, un gusto conectar. Veo tu liderazgo como Chief Financial Officer (CFO) en Alvarado Holdings. En Audiflowai desarrollamos un motor de IA determinista para auditar contratos y detectar pasivos ocultos en 40s antes de firma o cierre contable. Saludos!","Estimado/a Astrid,

Un gusto saludarte. Te contacto porque en empresas del sector de Alvarado Holdings, el mayor dolor que vemos en auditorías no son los números del balance, sino las contingencias ocultas en contratos con proveedores (penalizaciones no registradas, cláusulas de rescisión asimétricas y sobrecostos).

En Audiflowai (https://audiflowai.com) creamos una infraestructura que cruza contratos contra balances en 40 segundos con rigor forense (cero alucinaciones y 100% en memoria volátil sin guardar datos en disco).

¿Te gustaría que te enviemos un análisis de prueba sin costo sobre 1 contrato modelo para que lo evalúes con tu equipo?

Saludos cordiales,
Equipo Audiflowai
soporte@audiflowai.com","Hola Astrid, espero que estés teniendo una excelente semana.

Te comparto un dato rápido: el 68% de las contingencias en procesos de Due Diligence provienen de cláusulas pasadas por alto. 

Habilitamos un acceso de cortesía para escanear 1 contrato completo sin tarjeta ni registro previo aquí: https://audiflowai.com

Quedo atento a tus comentarios si deseas probarlo."
79,"Santiago","Escobar","Fuentes Industries","Director Financiero (CFO)","https://www.linkedin.com/in/santiago-escobar-cfo-79","santiago.escobar79@finanzeprova.it","Hola Santiago, un gusto conectar. Veo tu liderazgo como Director Financiero (CFO) en Fuentes Industries. En Audiflowai desarrollamos un motor de IA determinista para auditar contratos y detectar pasivos ocultos en 40s antes de firma o cierre contable. Saludos!","Estimado/a Santiago,

Un gusto saludarte. Te contacto porque en empresas del sector de Fuentes Industries, el mayor dolor que vemos en auditorías no son los números del balance, sino las contingencias ocultas en contratos con proveedores (penalizaciones no registradas, cláusulas de rescisión asimétricas y sobrecostos).

En Audiflowai (https://audiflowai.com) creamos una infraestructura que cruza contratos contra balances en 40 segundos con rigor forense (cero alucinaciones y 100% en memoria volátil sin guardar datos en disco).

¿Te gustaría que te enviemos un análisis de prueba sin costo sobre 1 contrato modelo para que lo evalúes con tu equipo?

Saludos cordiales,
Equipo Audiflowai
soporte@audiflowai.com","Hola Santiago, espero que estés teniendo una excelente semana.

Te comparto un dato rápido: el 68% de las contingencias en procesos de Due Diligence provienen de cláusulas pasadas por alto. 

Habilitamos un acceso de cortesía para escanear 1 contrato completo sin tarjeta ni registro previo aquí: https://audiflowai.com

Quedo atento a tus comentarios si deseas probarlo."
80,"Alexander","Weber","Apex Global Holdings","Chief Financial Officer (CFO)","https://www.linkedin.com/in/alexander-weber-cfo-80","alexander.weber80@apexglobal.co.uk","Hola Alexander, un gusto conectar. Veo tu liderazgo como Chief Financial Officer (CFO) en Apex Global Holdings. En Audiflowai desarrollamos un motor de IA determinista para auditar contratos y detectar pasivos ocultos en 40s antes de firma o cierre contable. Saludos!","Estimado/a Alexander,

Un gusto saludarte. Te contacto porque en empresas del sector de Apex Global Holdings, el mayor dolor que vemos en auditorías no son los números del balance, sino las contingencias ocultas en contratos con proveedores (penalizaciones no registradas, cláusulas de rescisión asimétricas y sobrecostos).

En Audiflowai (https://audiflowai.com) creamos una infraestructura que cruza contratos contra balances en 40 segundos con rigor forense (cero alucinaciones y 100% en memoria volátil sin guardar datos en disco).

¿Te gustaría que te enviemos un análisis de prueba sin costo sobre 1 contrato modelo para que lo evalúes con tu equipo?

Saludos cordiales,
Equipo Audiflowai
soporte@audiflowai.com","Hola Alexander, espero que estés teniendo una excelente semana.

Te comparto un dato rápido: el 68% de las contingencias en procesos de Due Diligence provienen de cláusulas pasadas por alto. 

Habilitamos un acceso de cortesía para escanear 1 contrato completo sin tarjeta ni registro previo aquí: https://audiflowai.com

Quedo atento a tus comentarios si deseas probarlo."
81,"Mariana","Trejo","Alvarado Holdings","Director Financiero (CFO)","https://www.linkedin.com/in/mariana-trejo-cfo-81","mariana.trejo81@guzmanpartners.cr","Hola Mariana, un gusto conectar. Veo tu liderazgo como Director Financiero (CFO) en Alvarado Holdings. En Audiflowai desarrollamos un motor de IA determinista para auditar contratos y detectar pasivos ocultos en 40s antes de firma o cierre contable. Saludos!","Estimado/a Mariana,

Un gusto saludarte. Te contacto porque en empresas del sector de Alvarado Holdings, el mayor dolor que vemos en auditorías no son los números del balance, sino las contingencias ocultas en contratos con proveedores (penalizaciones no registradas, cláusulas de rescisión asimétricas y sobrecostos).

En Audiflowai (https://audiflowai.com) creamos una infraestructura que cruza contratos contra balances en 40 segundos con rigor forense (cero alucinaciones y 100% en memoria volátil sin guardar datos en disco).

¿Te gustaría que te enviemos un análisis de prueba sin costo sobre 1 contrato modelo para que lo evalúes con tu equipo?

Saludos cordiales,
Equipo Audiflowai
soporte@audiflowai.com","Hola Mariana, espero que estés teniendo una excelente semana.

Te comparto un dato rápido: el 68% de las contingencias en procesos de Due Diligence provienen de cláusulas pasadas por alto. 

Habilitamos un acceso de cortesía para escanear 1 contrato completo sin tarjeta ni registro previo aquí: https://audiflowai.com

Quedo atento a tus comentarios si deseas probarlo."
82,"Lucas","Jones","Fuentes Industries","Chief Financial Officer (CFO)","https://www.linkedin.com/in/lucas-jones-cfo-82","lucas.jones82@cisneroslogistics.co","Hola Lucas, un gusto conectar. Veo tu liderazgo como Chief Financial Officer (CFO) en Fuentes Industries. En Audiflowai desarrollamos un motor de IA determinista para auditar contratos y detectar pasivos ocultos en 40s antes de firma o cierre contable. Saludos!","Estimado/a Lucas,

Un gusto saludarte. Te contacto porque en empresas del sector de Fuentes Industries, el mayor dolor que vemos en auditorías no son los números del balance, sino las contingencias ocultas en contratos con proveedores (penalizaciones no registradas, cláusulas de rescisión asimétricas y sobrecostos).

En Audiflowai (https://audiflowai.com) creamos una infraestructura que cruza contratos contra balances en 40 segundos con rigor forense (cero alucinaciones y 100% en memoria volátil sin guardar datos en disco).

¿Te gustaría que te enviemos un análisis de prueba sin costo sobre 1 contrato modelo para que lo evalúes con tu equipo?

Saludos cordiales,
Equipo Audiflowai
soporte@audiflowai.com","Hola Lucas, espero que estés teniendo una excelente semana.

Te comparto un dato rápido: el 68% de las contingencias en procesos de Due Diligence provienen de cláusulas pasadas por alto. 

Habilitamos un acceso de cortesía para escanear 1 contrato completo sin tarjeta ni registro previo aquí: https://audiflowai.com

Quedo atento a tus comentarios si deseas probarlo."
83,"Valentina","Cisneros","Apex Global Holdings","Director Financiero (CFO)","https://www.linkedin.com/in/valentina-cisneros-cfo-83","valentina.cisneros83@nordiclogistics.se","Hola Valentina, un gusto conectar. Veo tu liderazgo como Director Financiero (CFO) en Apex Global Holdings. En Audiflowai desarrollamos un motor de IA determinista para auditar contratos y detectar pasivos ocultos en 40s antes de firma o cierre contable. Saludos!","Estimado/a Valentina,

Un gusto saludarte. Te contacto porque en empresas del sector de Apex Global Holdings, el mayor dolor que vemos en auditorías no son los números del balance, sino las contingencias ocultas en contratos con proveedores (penalizaciones no registradas, cláusulas de rescisión asimétricas y sobrecostos).

En Audiflowai (https://audiflowai.com) creamos una infraestructura que cruza contratos contra balances en 40 segundos con rigor forense (cero alucinaciones y 100% en memoria volátil sin guardar datos en disco).

¿Te gustaría que te enviemos un análisis de prueba sin costo sobre 1 contrato modelo para que lo evalúes con tu equipo?

Saludos cordiales,
Equipo Audiflowai
soporte@audiflowai.com","Hola Valentina, espero que estés teniendo una excelente semana.

Te comparto un dato rápido: el 68% de las contingencias en procesos de Due Diligence provienen de cláusulas pasadas por alto. 

Habilitamos un acceso de cortesía para escanear 1 contrato completo sin tarjeta ni registro previo aquí: https://audiflowai.com

Quedo atento a tus comentarios si deseas probarlo."
84,"Sebastian","Schneider","Alvarado Holdings","Chief Financial Officer (CFO)","https://www.linkedin.com/in/sebastian-schneider-cfo-84","sebastian.schneider84@vargasretail.co","Hola Sebastian, un gusto conectar. Veo tu liderazgo como Chief Financial Officer (CFO) en Alvarado Holdings. En Audiflowai desarrollamos un motor de IA determinista para auditar contratos y detectar pasivos ocultos en 40s antes de firma o cierre contable. Saludos!","Estimado/a Sebastian,

Un gusto saludarte. Te contacto porque en empresas del sector de Alvarado Holdings, el mayor dolor que vemos en auditorías no son los números del balance, sino las contingencias ocultas en contratos con proveedores (penalizaciones no registradas, cláusulas de rescisión asimétricas y sobrecostos).

En Audiflowai (https://audiflowai.com) creamos una infraestructura que cruza contratos contra balances en 40 segundos con rigor forense (cero alucinaciones y 100% en memoria volátil sin guardar datos en disco).

¿Te gustaría que te enviemos un análisis de prueba sin costo sobre 1 contrato modelo para que lo evalúes con tu equipo?

Saludos cordiales,
Equipo Audiflowai
soporte@audiflowai.com","Hola Sebastian, espero que estés teniendo una excelente semana.

Te comparto un dato rápido: el 68% de las contingencias en procesos de Due Diligence provienen de cláusulas pasadas por alto. 

Habilitamos un acceso de cortesía para escanear 1 contrato completo sin tarjeta ni registro previo aquí: https://audiflowai.com

Quedo atento a tus comentarios si deseas probarlo."
85,"Victoria","Ramirez","Fuentes Industries","Director Financiero (CFO)","https://www.linkedin.com/in/victoria-ramirez-cfo-85","victoria.ramirez85@fuentesindustries.gt","Hola Victoria, un gusto conectar. Veo tu liderazgo como Director Financiero (CFO) en Fuentes Industries. En Audiflowai desarrollamos un motor de IA determinista para auditar contratos y detectar pasivos ocultos en 40s antes de firma o cierre contable. Saludos!","Estimado/a Victoria,

Un gusto saludarte. Te contacto porque en empresas del sector de Fuentes Industries, el mayor dolor que vemos en auditorías no son los números del balance, sino las contingencias ocultas en contratos con proveedores (penalizaciones no registradas, cláusulas de rescisión asimétricas y sobrecostos).

En Audiflowai (https://audiflowai.com) creamos una infraestructura que cruza contratos contra balances en 40 segundos con rigor forense (cero alucinaciones y 100% en memoria volátil sin guardar datos en disco).

¿Te gustaría que te enviemos un análisis de prueba sin costo sobre 1 contrato modelo para que lo evalúes con tu equipo?

Saludos cordiales,
Equipo Audiflowai
soporte@audiflowai.com","Hola Victoria, espero que estés teniendo una excelente semana.

Te comparto un dato rápido: el 68% de las contingencias en procesos de Due Diligence provienen de cláusulas pasadas por alto. 

Habilitamos un acceso de cortesía para escanear 1 contrato completo sin tarjeta ni registro previo aquí: https://audiflowai.com

Quedo atento a tus comentarios si deseas probarlo."
86,"Noah","Williams","Apex Global Holdings","Chief Financial Officer (CFO)","https://www.linkedin.com/in/noah-williams-cfo-86","noah.williams86@bermudezcapital.mx","Hola Noah, un gusto conectar. Veo tu liderazgo como Chief Financial Officer (CFO) en Apex Global Holdings. En Audiflowai desarrollamos un motor de IA determinista para auditar contratos y detectar pasivos ocultos en 40s antes de firma o cierre contable. Saludos!","Estimado/a Noah,

Un gusto saludarte. Te contacto porque en empresas del sector de Apex Global Holdings, el mayor dolor que vemos en auditorías no son los números del balance, sino las contingencias ocultas en contratos con proveedores (penalizaciones no registradas, cláusulas de rescisión asimétricas y sobrecostos).

En Audiflowai (https://audiflowai.com) creamos una infraestructura que cruza contratos contra balances en 40 segundos con rigor forense (cero alucinaciones y 100% en memoria volátil sin guardar datos en disco).

¿Te gustaría que te enviemos un análisis de prueba sin costo sobre 1 contrato modelo para que lo evalúes con tu equipo?

Saludos cordiales,
Equipo Audiflowai
soporte@audiflowai.com","Hola Noah, espero que estés teniendo una excelente semana.

Te comparto un dato rápido: el 68% de las contingencias en procesos de Due Diligence provienen de cláusulas pasadas por alto. 

Habilitamos un acceso de cortesía para escanear 1 contrato completo sin tarjeta ni registro previo aquí: https://audiflowai.com

Quedo atento a tus comentarios si deseas probarlo."
87,"Natalia","Alvarado","Alvarado Holdings","Director Financiero (CFO)","https://www.linkedin.com/in/natalia-alvarado-cfo-87","natalia.alvarado87@vertextrading.de","Hola Natalia, un gusto conectar. Veo tu liderazgo como Director Financiero (CFO) en Alvarado Holdings. En Audiflowai desarrollamos un motor de IA determinista para auditar contratos y detectar pasivos ocultos en 40s antes de firma o cierre contable. Saludos!","Estimado/a Natalia,

Un gusto saludarte. Te contacto porque en empresas del sector de Alvarado Holdings, el mayor dolor que vemos en auditorías no son los números del balance, sino las contingencias ocultas en contratos con proveedores (penalizaciones no registradas, cláusulas de rescisión asimétricas y sobrecostos).

En Audiflowai (https://audiflowai.com) creamos una infraestructura que cruza contratos contra balances en 40 segundos con rigor forense (cero alucinaciones y 100% en memoria volátil sin guardar datos en disco).

¿Te gustaría que te enviemos un análisis de prueba sin costo sobre 1 contrato modelo para que lo evalúes con tu equipo?

Saludos cordiales,
Equipo Audiflowai
soporte@audiflowai.com","Hola Natalia, espero que estés teniendo una excelente semana.

Te comparto un dato rápido: el 68% de las contingencias en procesos de Due Diligence provienen de cláusulas pasadas por alto. 

Habilitamos un acceso de cortesía para escanear 1 contrato completo sin tarjeta ni registro previo aquí: https://audiflowai.com

Quedo atento a tus comentarios si deseas probarlo."
88,"Astrid","Schmidt","Fuentes Industries","Chief Financial Officer (CFO)","https://www.linkedin.com/in/astrid-schmidt-cfo-88","astrid.schmidt88@mendozacorp.sv","Hola Astrid, un gusto conectar. Veo tu liderazgo como Chief Financial Officer (CFO) en Fuentes Industries. En Audiflowai desarrollamos un motor de IA determinista para auditar contratos y detectar pasivos ocultos en 40s antes de firma o cierre contable. Saludos!","Estimado/a Astrid,

Un gusto saludarte. Te contacto porque en empresas del sector de Fuentes Industries, el mayor dolor que vemos en auditorías no son los números del balance, sino las contingencias ocultas en contratos con proveedores (penalizaciones no registradas, cláusulas de rescisión asimétricas y sobrecostos).

En Audiflowai (https://audiflowai.com) creamos una infraestructura que cruza contratos contra balances en 40 segundos con rigor forense (cero alucinaciones y 100% en memoria volátil sin guardar datos en disco).

¿Te gustaría que te enviemos un análisis de prueba sin costo sobre 1 contrato modelo para que lo evalúes con tu equipo?

Saludos cordiales,
Equipo Audiflowai
soporte@audiflowai.com","Hola Astrid, espero que estés teniendo una excelente semana.

Te comparto un dato rápido: el 68% de las contingencias en procesos de Due Diligence provienen de cláusulas pasadas por alto. 

Habilitamos un acceso de cortesía para escanear 1 contrato completo sin tarjeta ni registro previo aquí: https://audiflowai.com

Quedo atento a tus comentarios si deseas probarlo."
89,"Santiago","Paredes","Apex Global Holdings","Director Financiero (CFO)","https://www.linkedin.com/in/santiago-paredes-cfo-89","santiago.paredes89@escobarenterprise.pe","Hola Santiago, un gusto conectar. Veo tu liderazgo como Director Financiero (CFO) en Apex Global Holdings. En Audiflowai desarrollamos un motor de IA determinista para auditar contratos y detectar pasivos ocultos en 40s antes de firma o cierre contable. Saludos!","Estimado/a Santiago,

Un gusto saludarte. Te contacto porque en empresas del sector de Apex Global Holdings, el mayor dolor que vemos en auditorías no son los números del balance, sino las contingencias ocultas en contratos con proveedores (penalizaciones no registradas, cláusulas de rescisión asimétricas y sobrecostos).

En Audiflowai (https://audiflowai.com) creamos una infraestructura que cruza contratos contra balances en 40 segundos con rigor forense (cero alucinaciones y 100% en memoria volátil sin guardar datos en disco).

¿Te gustaría que te enviemos un análisis de prueba sin costo sobre 1 contrato modelo para que lo evalúes con tu equipo?

Saludos cordiales,
Equipo Audiflowai
soporte@audiflowai.com","Hola Santiago, espero que estés teniendo una excelente semana.

Te comparto un dato rápido: el 68% de las contingencias en procesos de Due Diligence provienen de cláusulas pasadas por alto. 

Habilitamos un acceso de cortesía para escanear 1 contrato completo sin tarjeta ni registro previo aquí: https://audiflowai.com

Quedo atento a tus comentarios si deseas probarlo."
90,"Alexander","Smith","Alvarado Holdings","Chief Financial Officer (CFO)","https://www.linkedin.com/in/alexander-smith-cfo-90","alexander.smith90@alvaradoholdings.sv","Hola Alexander, un gusto conectar. Veo tu liderazgo como Chief Financial Officer (CFO) en Alvarado Holdings. En Audiflowai desarrollamos un motor de IA determinista para auditar contratos y detectar pasivos ocultos en 40s antes de firma o cierre contable. Saludos!","Estimado/a Alexander,

Un gusto saludarte. Te contacto porque en empresas del sector de Alvarado Holdings, el mayor dolor que vemos en auditorías no son los números del balance, sino las contingencias ocultas en contratos con proveedores (penalizaciones no registradas, cláusulas de rescisión asimétricas y sobrecostos).

En Audiflowai (https://audiflowai.com) creamos una infraestructura que cruza contratos contra balances en 40 segundos con rigor forense (cero alucinaciones y 100% en memoria volátil sin guardar datos en disco).

¿Te gustaría que te enviemos un análisis de prueba sin costo sobre 1 contrato modelo para que lo evalúes con tu equipo?

Saludos cordiales,
Equipo Audiflowai
soporte@audiflowai.com","Hola Alexander, espero que estés teniendo una excelente semana.

Te comparto un dato rápido: el 68% de las contingencias en procesos de Due Diligence provienen de cláusulas pasadas por alto. 

Habilitamos un acceso de cortesía para escanear 1 contrato completo sin tarjeta ni registro previo aquí: https://audiflowai.com

Quedo atento a tus comentarios si deseas probarlo."
91,"Mariana","Navarro","Fuentes Industries","Director Financiero (CFO)","https://www.linkedin.com/in/mariana-navarro-cfo-91","mariana.navarro91@lombardcapital.ch","Hola Mariana, un gusto conectar. Veo tu liderazgo como Director Financiero (CFO) en Fuentes Industries. En Audiflowai desarrollamos un motor de IA determinista para auditar contratos y detectar pasivos ocultos en 40s antes de firma o cierre contable. Saludos!","Estimado/a Mariana,

Un gusto saludarte. Te contacto porque en empresas del sector de Fuentes Industries, el mayor dolor que vemos en auditorías no son los números del balance, sino las contingencias ocultas en contratos con proveedores (penalizaciones no registradas, cláusulas de rescisión asimétricas y sobrecostos).

En Audiflowai (https://audiflowai.com) creamos una infraestructura que cruza contratos contra balances en 40 segundos con rigor forense (cero alucinaciones y 100% en memoria volátil sin guardar datos en disco).

¿Te gustaría que te enviemos un análisis de prueba sin costo sobre 1 contrato modelo para que lo evalúes con tu equipo?

Saludos cordiales,
Equipo Audiflowai
soporte@audiflowai.com","Hola Mariana, espero que estés teniendo una excelente semana.

Te comparto un dato rápido: el 68% de las contingencias en procesos de Due Diligence provienen de cláusulas pasadas por alto. 

Habilitamos un acceso de cortesía para escanear 1 contrato completo sin tarjeta ni registro previo aquí: https://audiflowai.com

Quedo atento a tus comentarios si deseas probarlo."
92,"Lucas","Walker","Apex Global Holdings","Chief Financial Officer (CFO)","https://www.linkedin.com/in/lucas-walker-cfo-92","lucas.walker92@herreratrade.pa","Hola Lucas, un gusto conectar. Veo tu liderazgo como Chief Financial Officer (CFO) en Apex Global Holdings. En Audiflowai desarrollamos un motor de IA determinista para auditar contratos y detectar pasivos ocultos en 40s antes de firma o cierre contable. Saludos!","Estimado/a Lucas,

Un gusto saludarte. Te contacto porque en empresas del sector de Apex Global Holdings, el mayor dolor que vemos en auditorías no son los números del balance, sino las contingencias ocultas en contratos con proveedores (penalizaciones no registradas, cláusulas de rescisión asimétricas y sobrecostos).

En Audiflowai (https://audiflowai.com) creamos una infraestructura que cruza contratos contra balances en 40 segundos con rigor forense (cero alucinaciones y 100% en memoria volátil sin guardar datos en disco).

¿Te gustaría que te enviemos un análisis de prueba sin costo sobre 1 contrato modelo para que lo evalúes con tu equipo?

Saludos cordiales,
Equipo Audiflowai
soporte@audiflowai.com","Hola Lucas, espero que estés teniendo una excelente semana.

Te comparto un dato rápido: el 68% de las contingencias en procesos de Due Diligence provienen de cláusulas pasadas por alto. 

Habilitamos un acceso de cortesía para escanear 1 contrato completo sin tarjeta ni registro previo aquí: https://audiflowai.com

Quedo atento a tus comentarios si deseas probarlo."
93,"Valentina","Noriega","Alvarado Holdings","Director Financiero (CFO)","https://www.linkedin.com/in/valentina-noriega-cfo-93","valentina.noriega93@delgadogroup.cl","Hola Valentina, un gusto conectar. Veo tu liderazgo como Director Financiero (CFO) en Alvarado Holdings. En Audiflowai desarrollamos un motor de IA determinista para auditar contratos y detectar pasivos ocultos en 40s antes de firma o cierre contable. Saludos!","Estimado/a Valentina,

Un gusto saludarte. Te contacto porque en empresas del sector de Alvarado Holdings, el mayor dolor que vemos en auditorías no son los números del balance, sino las contingencias ocultas en contratos con proveedores (penalizaciones no registradas, cláusulas de rescisión asimétricas y sobrecostos).

En Audiflowai (https://audiflowai.com) creamos una infraestructura que cruza contratos contra balances en 40 segundos con rigor forense (cero alucinaciones y 100% en memoria volátil sin guardar datos en disco).

¿Te gustaría que te enviemos un análisis de prueba sin costo sobre 1 contrato modelo para que lo evalúes con tu equipo?

Saludos cordiales,
Equipo Audiflowai
soporte@audiflowai.com","Hola Valentina, espero que estés teniendo una excelente semana.

Te comparto un dato rápido: el 68% de las contingencias en procesos de Due Diligence provienen de cláusulas pasadas por alto. 

Habilitamos un acceso de cortesía para escanear 1 contrato completo sin tarjeta ni registro previo aquí: https://audiflowai.com

Quedo atento a tus comentarios si deseas probarlo."
94,"Sebastian","Berg","Fuentes Industries","Chief Financial Officer (CFO)","https://www.linkedin.com/in/sebastian-berg-cfo-94","sebastian.berg94@finanzeprova.it","Hola Sebastian, un gusto conectar. Veo tu liderazgo como Chief Financial Officer (CFO) en Fuentes Industries. En Audiflowai desarrollamos un motor de IA determinista para auditar contratos y detectar pasivos ocultos en 40s antes de firma o cierre contable. Saludos!","Estimado/a Sebastian,

Un gusto saludarte. Te contacto porque en empresas del sector de Fuentes Industries, el mayor dolor que vemos en auditorías no son los números del balance, sino las contingencias ocultas en contratos con proveedores (penalizaciones no registradas, cláusulas de rescisión asimétricas y sobrecostos).

En Audiflowai (https://audiflowai.com) creamos una infraestructura que cruza contratos contra balances en 40 segundos con rigor forense (cero alucinaciones y 100% en memoria volátil sin guardar datos en disco).

¿Te gustaría que te enviemos un análisis de prueba sin costo sobre 1 contrato modelo para que lo evalúes con tu equipo?

Saludos cordiales,
Equipo Audiflowai
soporte@audiflowai.com","Hola Sebastian, espero que estés teniendo una excelente semana.

Te comparto un dato rápido: el 68% de las contingencias en procesos de Due Diligence provienen de cláusulas pasadas por alto. 

Habilitamos un acceso de cortesía para escanear 1 contrato completo sin tarjeta ni registro previo aquí: https://audiflowai.com

Quedo atento a tus comentarios si deseas probarlo."
95,"Victoria","Morales","Apex Global Holdings","Director Financiero (CFO)","https://www.linkedin.com/in/victoria-morales-cfo-95","victoria.morales95@apexglobal.co.uk","Hola Victoria, un gusto conectar. Veo tu liderazgo como Director Financiero (CFO) en Apex Global Holdings. En Audiflowai desarrollamos un motor de IA determinista para auditar contratos y detectar pasivos ocultos en 40s antes de firma o cierre contable. Saludos!","Estimado/a Victoria,

Un gusto saludarte. Te contacto porque en empresas del sector de Apex Global Holdings, el mayor dolor que vemos en auditorías no son los números del balance, sino las contingencias ocultas en contratos con proveedores (penalizaciones no registradas, cláusulas de rescisión asimétricas y sobrecostos).

En Audiflowai (https://audiflowai.com) creamos una infraestructura que cruza contratos contra balances en 40 segundos con rigor forense (cero alucinaciones y 100% en memoria volátil sin guardar datos en disco).

¿Te gustaría que te enviemos un análisis de prueba sin costo sobre 1 contrato modelo para que lo evalúes con tu equipo?

Saludos cordiales,
Equipo Audiflowai
soporte@audiflowai.com","Hola Victoria, espero que estés teniendo una excelente semana.

Te comparto un dato rápido: el 68% de las contingencias en procesos de Due Diligence provienen de cláusulas pasadas por alto. 

Habilitamos un acceso de cortesía para escanear 1 contrato completo sin tarjeta ni registro previo aquí: https://audiflowai.com

Quedo atento a tus comentarios si deseas probarlo."
96,"Noah","Martin","Alvarado Holdings","Chief Financial Officer (CFO)","https://www.linkedin.com/in/noah-martin-cfo-96","noah.martin96@guzmanpartners.cr","Hola Noah, un gusto conectar. Veo tu liderazgo como Chief Financial Officer (CFO) en Alvarado Holdings. En Audiflowai desarrollamos un motor de IA determinista para auditar contratos y detectar pasivos ocultos en 40s antes de firma o cierre contable. Saludos!","Estimado/a Noah,

Un gusto saludarte. Te contacto porque en empresas del sector de Alvarado Holdings, el mayor dolor que vemos en auditorías no son los números del balance, sino las contingencias ocultas en contratos con proveedores (penalizaciones no registradas, cláusulas de rescisión asimétricas y sobrecostos).

En Audiflowai (https://audiflowai.com) creamos una infraestructura que cruza contratos contra balances en 40 segundos con rigor forense (cero alucinaciones y 100% en memoria volátil sin guardar datos en disco).

¿Te gustaría que te enviemos un análisis de prueba sin costo sobre 1 contrato modelo para que lo evalúes con tu equipo?

Saludos cordiales,
Equipo Audiflowai
soporte@audiflowai.com","Hola Noah, espero que estés teniendo una excelente semana.

Te comparto un dato rápido: el 68% de las contingencias en procesos de Due Diligence provienen de cláusulas pasadas por alto. 

Habilitamos un acceso de cortesía para escanear 1 contrato completo sin tarjeta ni registro previo aquí: https://audiflowai.com

Quedo atento a tus comentarios si deseas probarlo."
97,"Natalia","Lara","Fuentes Industries","Director Financiero (CFO)","https://www.linkedin.com/in/natalia-lara-cfo-97","natalia.lara97@cisneroslogistics.co","Hola Natalia, un gusto conectar. Veo tu liderazgo como Director Financiero (CFO) en Fuentes Industries. En Audiflowai desarrollamos un motor de IA determinista para auditar contratos y detectar pasivos ocultos en 40s antes de firma o cierre contable. Saludos!","Estimado/a Natalia,

Un gusto saludarte. Te contacto porque en empresas del sector de Fuentes Industries, el mayor dolor que vemos en auditorías no son los números del balance, sino las contingencias ocultas en contratos con proveedores (penalizaciones no registradas, cláusulas de rescisión asimétricas y sobrecostos).

En Audiflowai (https://audiflowai.com) creamos una infraestructura que cruza contratos contra balances en 40 segundos con rigor forense (cero alucinaciones y 100% en memoria volátil sin guardar datos en disco).

¿Te gustaría que te enviemos un análisis de prueba sin costo sobre 1 contrato modelo para que lo evalúes con tu equipo?

Saludos cordiales,
Equipo Audiflowai
soporte@audiflowai.com","Hola Natalia, espero que estés teniendo una excelente semana.

Te comparto un dato rápido: el 68% de las contingencias en procesos de Due Diligence provienen de cláusulas pasadas por alto. 

Habilitamos un acceso de cortesía para escanear 1 contrato completo sin tarjeta ni registro previo aquí: https://audiflowai.com

Quedo atento a tus comentarios si deseas probarlo."
98,"Astrid","Jensen","Apex Global Holdings","Chief Financial Officer (CFO)","https://www.linkedin.com/in/astrid-jensen-cfo-98","astrid.jensen98@nordiclogistics.se","Hola Astrid, un gusto conectar. Veo tu liderazgo como Chief Financial Officer (CFO) en Apex Global Holdings. En Audiflowai desarrollamos un motor de IA determinista para auditar contratos y detectar pasivos ocultos en 40s antes de firma o cierre contable. Saludos!","Estimado/a Astrid,

Un gusto saludarte. Te contacto porque en empresas del sector de Apex Global Holdings, el mayor dolor que vemos en auditorías no son los números del balance, sino las contingencias ocultas en contratos con proveedores (penalizaciones no registradas, cláusulas de rescisión asimétricas y sobrecostos).

En Audiflowai (https://audiflowai.com) creamos una infraestructura que cruza contratos contra balances en 40 segundos con rigor forense (cero alucinaciones y 100% en memoria volátil sin guardar datos en disco).

¿Te gustaría que te enviemos un análisis de prueba sin costo sobre 1 contrato modelo para que lo evalúes con tu equipo?

Saludos cordiales,
Equipo Audiflowai
soporte@audiflowai.com","Hola Astrid, espero que estés teniendo una excelente semana.

Te comparto un dato rápido: el 68% de las contingencias en procesos de Due Diligence provienen de cláusulas pasadas por alto. 

Habilitamos un acceso de cortesía para escanear 1 contrato completo sin tarjeta ni registro previo aquí: https://audiflowai.com

Quedo atento a tus comentarios si deseas probarlo."
99,"Santiago","Peralta","Alvarado Holdings","Director Financiero (CFO)","https://www.linkedin.com/in/santiago-peralta-cfo-99","santiago.peralta99@vargasretail.co","Hola Santiago, un gusto conectar. Veo tu liderazgo como Director Financiero (CFO) en Alvarado Holdings. En Audiflowai desarrollamos un motor de IA determinista para auditar contratos y detectar pasivos ocultos en 40s antes de firma o cierre contable. Saludos!","Estimado/a Santiago,

Un gusto saludarte. Te contacto porque en empresas del sector de Alvarado Holdings, el mayor dolor que vemos en auditorías no son los números del balance, sino las contingencias ocultas en contratos con proveedores (penalizaciones no registradas, cláusulas de rescisión asimétricas y sobrecostos).

En Audiflowai (https://audiflowai.com) creamos una infraestructura que cruza contratos contra balances en 40 segundos con rigor forense (cero alucinaciones y 100% en memoria volátil sin guardar datos en disco).

¿Te gustaría que te enviemos un análisis de prueba sin costo sobre 1 contrato modelo para que lo evalúes con tu equipo?

Saludos cordiales,
Equipo Audiflowai
soporte@audiflowai.com","Hola Santiago, espero que estés teniendo una excelente semana.

Te comparto un dato rápido: el 68% de las contingencias en procesos de Due Diligence provienen de cláusulas pasadas por alto. 

Habilitamos un acceso de cortesía para escanear 1 contrato completo sin tarjeta ni registro previo aquí: https://audiflowai.com

Quedo atento a tus comentarios si deseas probarlo."
100,"Alexander","Moore","Fuentes Industries","Chief Financial Officer (CFO)","https://www.linkedin.com/in/alexander-moore-cfo-100","alexander.moore100@fuentesindustries.gt","Hola Alexander, un gusto conectar. Veo tu liderazgo como Chief Financial Officer (CFO) en Fuentes Industries. En Audiflowai desarrollamos un motor de IA determinista para auditar contratos y detectar pasivos ocultos en 40s antes de firma o cierre contable. Saludos!","Estimado/a Alexander,

Un gusto saludarte. Te contacto porque en empresas del sector de Fuentes Industries, el mayor dolor que vemos en auditorías no son los números del balance, sino las contingencias ocultas en contratos con proveedores (penalizaciones no registradas, cláusulas de rescisión asimétricas y sobrecostos).

En Audiflowai (https://audiflowai.com) creamos una infraestructura que cruza contratos contra balances en 40 segundos con rigor forense (cero alucinaciones y 100% en memoria volátil sin guardar datos en disco).

¿Te gustaría que te enviemos un análisis de prueba sin costo sobre 1 contrato modelo para que lo evalúes con tu equipo?

Saludos cordiales,
Equipo Audiflowai
soporte@audiflowai.com","Hola Alexander, espero que estés teniendo una excelente semana.

Te comparto un dato rápido: el 68% de las contingencias en procesos de Due Diligence provienen de cláusulas pasadas por alto. 

Habilitamos un acceso de cortesía para escanear 1 contrato completo sin tarjeta ni registro previo aquí: https://audiflowai.com

Quedo atento a tus comentarios si deseas probarlo."
101,"Mariana","Ibanez","Apex Global Holdings","Director Financiero (CFO)","https://www.linkedin.com/in/mariana-ibanez-cfo-101","mariana.ibanez101@bermudezcapital.mx","Hola Mariana, un gusto conectar. Veo tu liderazgo como Director Financiero (CFO) en Apex Global Holdings. En Audiflowai desarrollamos un motor de IA determinista para auditar contratos y detectar pasivos ocultos en 40s antes de firma o cierre contable. Saludos!","Estimado/a Mariana,

Un gusto saludarte. Te contacto porque en empresas del sector de Apex Global Holdings, el mayor dolor que vemos en auditorías no son los números del balance, sino las contingencias ocultas en contratos con proveedores (penalizaciones no registradas, cláusulas de rescisión asimétricas y sobrecostos).

En Audiflowai (https://audiflowai.com) creamos una infraestructura que cruza contratos contra balances en 40 segundos con rigor forense (cero alucinaciones y 100% en memoria volátil sin guardar datos en disco).

¿Te gustaría que te enviemos un análisis de prueba sin costo sobre 1 contrato modelo para que lo evalúes con tu equipo?

Saludos cordiales,
Equipo Audiflowai
soporte@audiflowai.com","Hola Mariana, espero que estés teniendo una excelente semana.

Te comparto un dato rápido: el 68% de las contingencias en procesos de Due Diligence provienen de cláusulas pasadas por alto. 

Habilitamos un acceso de cortesía para escanear 1 contrato completo sin tarjeta ni registro previo aquí: https://audiflowai.com

Quedo atento a tus comentarios si deseas probarlo."
102,"Lucas","Hoffmann","Alvarado Holdings","Chief Financial Officer (CFO)","https://www.linkedin.com/in/lucas-hoffmann-cfo-102","lucas.hoffmann102@vertextrading.de","Hola Lucas, un gusto conectar. Veo tu liderazgo como Chief Financial Officer (CFO) en Alvarado Holdings. En Audiflowai desarrollamos un motor de IA determinista para auditar contratos y detectar pasivos ocultos en 40s antes de firma o cierre contable. Saludos!","Estimado/a Lucas,

Un gusto saludarte. Te contacto porque en empresas del sector de Alvarado Holdings, el mayor dolor que vemos en auditorías no son los números del balance, sino las contingencias ocultas en contratos con proveedores (penalizaciones no registradas, cláusulas de rescisión asimétricas y sobrecostos).

En Audiflowai (https://audiflowai.com) creamos una infraestructura que cruza contratos contra balances en 40 segundos con rigor forense (cero alucinaciones y 100% en memoria volátil sin guardar datos en disco).

¿Te gustaría que te enviemos un análisis de prueba sin costo sobre 1 contrato modelo para que lo evalúes con tu equipo?

Saludos cordiales,
Equipo Audiflowai
soporte@audiflowai.com","Hola Lucas, espero que estés teniendo una excelente semana.

Te comparto un dato rápido: el 68% de las contingencias en procesos de Due Diligence provienen de cláusulas pasadas por alto. 

Habilitamos un acceso de cortesía para escanear 1 contrato completo sin tarjeta ni registro previo aquí: https://audiflowai.com

Quedo atento a tus comentarios si deseas probarlo."
103,"Valentina","Gomez","Fuentes Industries","Director Financiero (CFO)","https://www.linkedin.com/in/valentina-gomez-cfo-103","valentina.gomez103@mendozacorp.sv","Hola Valentina, un gusto conectar. Veo tu liderazgo como Director Financiero (CFO) en Fuentes Industries. En Audiflowai desarrollamos un motor de IA determinista para auditar contratos y detectar pasivos ocultos en 40s antes de firma o cierre contable. Saludos!","Estimado/a Valentina,

Un gusto saludarte. Te contacto porque en empresas del sector de Fuentes Industries, el mayor dolor que vemos en auditorías no son los números del balance, sino las contingencias ocultas en contratos con proveedores (penalizaciones no registradas, cláusulas de rescisión asimétricas y sobrecostos).

En Audiflowai (https://audiflowai.com) creamos una infraestructura que cruza contratos contra balances en 40 segundos con rigor forense (cero alucinaciones y 100% en memoria volátil sin guardar datos en disco).

¿Te gustaría que te enviemos un análisis de prueba sin costo sobre 1 contrato modelo para que lo evalúes con tu equipo?

Saludos cordiales,
Equipo Audiflowai
soporte@audiflowai.com","Hola Valentina, espero que estés teniendo una excelente semana.

Te comparto un dato rápido: el 68% de las contingencias en procesos de Due Diligence provienen de cláusulas pasadas por alto. 

Habilitamos un acceso de cortesía para escanear 1 contrato completo sin tarjeta ni registro previo aquí: https://audiflowai.com

Quedo atento a tus comentarios si deseas probarlo."
104,"Sebastian","Anderson","Apex Global Holdings","Chief Financial Officer (CFO)","https://www.linkedin.com/in/sebastian-anderson-cfo-104","sebastian.anderson104@escobarenterprise.pe","Hola Sebastian, un gusto conectar. Veo tu liderazgo como Chief Financial Officer (CFO) en Apex Global Holdings. En Audiflowai desarrollamos un motor de IA determinista para auditar contratos y detectar pasivos ocultos en 40s antes de firma o cierre contable. Saludos!","Estimado/a Sebastian,

Un gusto saludarte. Te contacto porque en empresas del sector de Apex Global Holdings, el mayor dolor que vemos en auditorías no son los números del balance, sino las contingencias ocultas en contratos con proveedores (penalizaciones no registradas, cláusulas de rescisión asimétricas y sobrecostos).

En Audiflowai (https://audiflowai.com) creamos una infraestructura que cruza contratos contra balances en 40 segundos con rigor forense (cero alucinaciones y 100% en memoria volátil sin guardar datos en disco).

¿Te gustaría que te enviemos un análisis de prueba sin costo sobre 1 contrato modelo para que lo evalúes con tu equipo?

Saludos cordiales,
Equipo Audiflowai
soporte@audiflowai.com","Hola Sebastian, espero que estés teniendo una excelente semana.

Te comparto un dato rápido: el 68% de las contingencias en procesos de Due Diligence provienen de cláusulas pasadas por alto. 

Habilitamos un acceso de cortesía para escanear 1 contrato completo sin tarjeta ni registro previo aquí: https://audiflowai.com

Quedo atento a tus comentarios si deseas probarlo."
105,"Victoria","Guzman","Alvarado Holdings","Director Financiero (CFO)","https://www.linkedin.com/in/victoria-guzman-cfo-105","victoria.guzman105@alvaradoholdings.sv","Hola Victoria, un gusto conectar. Veo tu liderazgo como Director Financiero (CFO) en Alvarado Holdings. En Audiflowai desarrollamos un motor de IA determinista para auditar contratos y detectar pasivos ocultos en 40s antes de firma o cierre contable. Saludos!","Estimado/a Victoria,

Un gusto saludarte. Te contacto porque en empresas del sector de Alvarado Holdings, el mayor dolor que vemos en auditorías no son los números del balance, sino las contingencias ocultas en contratos con proveedores (penalizaciones no registradas, cláusulas de rescisión asimétricas y sobrecostos).

En Audiflowai (https://audiflowai.com) creamos una infraestructura que cruza contratos contra balances en 40 segundos con rigor forense (cero alucinaciones y 100% en memoria volátil sin guardar datos en disco).

¿Te gustaría que te enviemos un análisis de prueba sin costo sobre 1 contrato modelo para que lo evalúes con tu equipo?

Saludos cordiales,
Equipo Audiflowai
soporte@audiflowai.com","Hola Victoria, espero que estés teniendo una excelente semana.

Te comparto un dato rápido: el 68% de las contingencias en procesos de Due Diligence provienen de cláusulas pasadas por alto. 

Habilitamos un acceso de cortesía para escanear 1 contrato completo sin tarjeta ni registro previo aquí: https://audiflowai.com

Quedo atento a tus comentarios si deseas probarlo."
106,"Noah","Wagner","Fuentes Industries","Chief Financial Officer (CFO)","https://www.linkedin.com/in/noah-wagner-cfo-106","noah.wagner106@lombardcapital.ch","Hola Noah, un gusto conectar. Veo tu liderazgo como Chief Financial Officer (CFO) en Fuentes Industries. En Audiflowai desarrollamos un motor de IA determinista para auditar contratos y detectar pasivos ocultos en 40s antes de firma o cierre contable. Saludos!","Estimado/a Noah,

Un gusto saludarte. Te contacto porque en empresas del sector de Fuentes Industries, el mayor dolor que vemos en auditorías no son los números del balance, sino las contingencias ocultas en contratos con proveedores (penalizaciones no registradas, cláusulas de rescisión asimétricas y sobrecostos).

En Audiflowai (https://audiflowai.com) creamos una infraestructura que cruza contratos contra balances en 40 segundos con rigor forense (cero alucinaciones y 100% en memoria volátil sin guardar datos en disco).

¿Te gustaría que te enviemos un análisis de prueba sin costo sobre 1 contrato modelo para que lo evalúes con tu equipo?

Saludos cordiales,
Equipo Audiflowai
soporte@audiflowai.com","Hola Noah, espero que estés teniendo una excelente semana.

Te comparto un dato rápido: el 68% de las contingencias en procesos de Due Diligence provienen de cláusulas pasadas por alto. 

Habilitamos un acceso de cortesía para escanear 1 contrato completo sin tarjeta ni registro previo aquí: https://audiflowai.com

Quedo atento a tus comentarios si deseas probarlo."
107,"Natalia","Velasco","Apex Global Holdings","Director Financiero (CFO)","https://www.linkedin.com/in/natalia-velasco-cfo-107","natalia.velasco107@herreratrade.pa","Hola Natalia, un gusto conectar. Veo tu liderazgo como Director Financiero (CFO) en Apex Global Holdings. En Audiflowai desarrollamos un motor de IA determinista para auditar contratos y detectar pasivos ocultos en 40s antes de firma o cierre contable. Saludos!","Estimado/a Natalia,

Un gusto saludarte. Te contacto porque en empresas del sector de Apex Global Holdings, el mayor dolor que vemos en auditorías no son los números del balance, sino las contingencias ocultas en contratos con proveedores (penalizaciones no registradas, cláusulas de rescisión asimétricas y sobrecostos).

En Audiflowai (https://audiflowai.com) creamos una infraestructura que cruza contratos contra balances en 40 segundos con rigor forense (cero alucinaciones y 100% en memoria volátil sin guardar datos en disco).

¿Te gustaría que te enviemos un análisis de prueba sin costo sobre 1 contrato modelo para que lo evalúes con tu equipo?

Saludos cordiales,
Equipo Audiflowai
soporte@audiflowai.com","Hola Natalia, espero que estés teniendo una excelente semana.

Te comparto un dato rápido: el 68% de las contingencias en procesos de Due Diligence provienen de cláusulas pasadas por alto. 

Habilitamos un acceso de cortesía para escanear 1 contrato completo sin tarjeta ni registro previo aquí: https://audiflowai.com

Quedo atento a tus comentarios si deseas probarlo."
108,"Astrid","Davis","Alvarado Holdings","Chief Financial Officer (CFO)","https://www.linkedin.com/in/astrid-davis-cfo-108","astrid.davis108@delgadogroup.cl","Hola Astrid, un gusto conectar. Veo tu liderazgo como Chief Financial Officer (CFO) en Alvarado Holdings. En Audiflowai desarrollamos un motor de IA determinista para auditar contratos y detectar pasivos ocultos en 40s antes de firma o cierre contable. Saludos!","Estimado/a Astrid,

Un gusto saludarte. Te contacto porque en empresas del sector de Alvarado Holdings, el mayor dolor que vemos en auditorías no son los números del balance, sino las contingencias ocultas en contratos con proveedores (penalizaciones no registradas, cláusulas de rescisión asimétricas y sobrecostos).

En Audiflowai (https://audiflowai.com) creamos una infraestructura que cruza contratos contra balances en 40 segundos con rigor forense (cero alucinaciones y 100% en memoria volátil sin guardar datos en disco).

¿Te gustaría que te enviemos un análisis de prueba sin costo sobre 1 contrato modelo para que lo evalúes con tu equipo?

Saludos cordiales,
Equipo Audiflowai
soporte@audiflowai.com","Hola Astrid, espero que estés teniendo una excelente semana.

Te comparto un dato rápido: el 68% de las contingencias en procesos de Due Diligence provienen de cláusulas pasadas por alto. 

Habilitamos un acceso de cortesía para escanear 1 contrato completo sin tarjeta ni registro previo aquí: https://audiflowai.com

Quedo atento a tus comentarios si deseas probarlo."
109,"Santiago","Escobar","Fuentes Industries","Director Financiero (CFO)","https://www.linkedin.com/in/santiago-escobar-cfo-109","santiago.escobar109@finanzeprova.it","Hola Santiago, un gusto conectar. Veo tu liderazgo como Director Financiero (CFO) en Fuentes Industries. En Audiflowai desarrollamos un motor de IA determinista para auditar contratos y detectar pasivos ocultos en 40s antes de firma o cierre contable. Saludos!","Estimado/a Santiago,

Un gusto saludarte. Te contacto porque en empresas del sector de Fuentes Industries, el mayor dolor que vemos en auditorías no son los números del balance, sino las contingencias ocultas en contratos con proveedores (penalizaciones no registradas, cláusulas de rescisión asimétricas y sobrecostos).

En Audiflowai (https://audiflowai.com) creamos una infraestructura que cruza contratos contra balances en 40 segundos con rigor forense (cero alucinaciones y 100% en memoria volátil sin guardar datos en disco).

¿Te gustaría que te enviemos un análisis de prueba sin costo sobre 1 contrato modelo para que lo evalúes con tu equipo?

Saludos cordiales,
Equipo Audiflowai
soporte@audiflowai.com","Hola Santiago, espero que estés teniendo una excelente semana.

Te comparto un dato rápido: el 68% de las contingencias en procesos de Due Diligence provienen de cláusulas pasadas por alto. 

Habilitamos un acceso de cortesía para escanear 1 contrato completo sin tarjeta ni registro previo aquí: https://audiflowai.com

Quedo atento a tus comentarios si deseas probarlo."
110,"Alexander","Weber","Apex Global Holdings","Chief Financial Officer (CFO)","https://www.linkedin.com/in/alexander-weber-cfo-110","alexander.weber110@apexglobal.co.uk","Hola Alexander, un gusto conectar. Veo tu liderazgo como Chief Financial Officer (CFO) en Apex Global Holdings. En Audiflowai desarrollamos un motor de IA determinista para auditar contratos y detectar pasivos ocultos en 40s antes de firma o cierre contable. Saludos!","Estimado/a Alexander,

Un gusto saludarte. Te contacto porque en empresas del sector de Apex Global Holdings, el mayor dolor que vemos en auditorías no son los números del balance, sino las contingencias ocultas en contratos con proveedores (penalizaciones no registradas, cláusulas de rescisión asimétricas y sobrecostos).

En Audiflowai (https://audiflowai.com) creamos una infraestructura que cruza contratos contra balances en 40 segundos con rigor forense (cero alucinaciones y 100% en memoria volátil sin guardar datos en disco).

¿Te gustaría que te enviemos un análisis de prueba sin costo sobre 1 contrato modelo para que lo evalúes con tu equipo?

Saludos cordiales,
Equipo Audiflowai
soporte@audiflowai.com","Hola Alexander, espero que estés teniendo una excelente semana.

Te comparto un dato rápido: el 68% de las contingencias en procesos de Due Diligence provienen de cláusulas pasadas por alto. 

Habilitamos un acceso de cortesía para escanear 1 contrato completo sin tarjeta ni registro previo aquí: https://audiflowai.com

Quedo atento a tus comentarios si deseas probarlo."
111,"Mariana","Trejo","Alvarado Holdings","Director Financiero (CFO)","https://www.linkedin.com/in/mariana-trejo-cfo-111","mariana.trejo111@guzmanpartners.cr","Hola Mariana, un gusto conectar. Veo tu liderazgo como Director Financiero (CFO) en Alvarado Holdings. En Audiflowai desarrollamos un motor de IA determinista para auditar contratos y detectar pasivos ocultos en 40s antes de firma o cierre contable. Saludos!","Estimado/a Mariana,

Un gusto saludarte. Te contacto porque en empresas del sector de Alvarado Holdings, el mayor dolor que vemos en auditorías no son los números del balance, sino las contingencias ocultas en contratos con proveedores (penalizaciones no registradas, cláusulas de rescisión asimétricas y sobrecostos).

En Audiflowai (https://audiflowai.com) creamos una infraestructura que cruza contratos contra balances en 40 segundos con rigor forense (cero alucinaciones y 100% en memoria volátil sin guardar datos en disco).

¿Te gustaría que te enviemos un análisis de prueba sin costo sobre 1 contrato modelo para que lo evalúes con tu equipo?

Saludos cordiales,
Equipo Audiflowai
soporte@audiflowai.com","Hola Mariana, espero que estés teniendo una excelente semana.

Te comparto un dato rápido: el 68% de las contingencias en procesos de Due Diligence provienen de cláusulas pasadas por alto. 

Habilitamos un acceso de cortesía para escanear 1 contrato completo sin tarjeta ni registro previo aquí: https://audiflowai.com

Quedo atento a tus comentarios si deseas probarlo."
112,"Lucas","Jones","Fuentes Industries","Chief Financial Officer (CFO)","https://www.linkedin.com/in/lucas-jones-cfo-112","lucas.jones112@cisneroslogistics.co","Hola Lucas, un gusto conectar. Veo tu liderazgo como Chief Financial Officer (CFO) en Fuentes Industries. En Audiflowai desarrollamos un motor de IA determinista para auditar contratos y detectar pasivos ocultos en 40s antes de firma o cierre contable. Saludos!","Estimado/a Lucas,

Un gusto saludarte. Te contacto porque en empresas del sector de Fuentes Industries, el mayor dolor que vemos en auditorías no son los números del balance, sino las contingencias ocultas en contratos con proveedores (penalizaciones no registradas, cláusulas de rescisión asimétricas y sobrecostos).

En Audiflowai (https://audiflowai.com) creamos una infraestructura que cruza contratos contra balances en 40 segundos con rigor forense (cero alucinaciones y 100% en memoria volátil sin guardar datos en disco).

¿Te gustaría que te enviemos un análisis de prueba sin costo sobre 1 contrato modelo para que lo evalúes con tu equipo?

Saludos cordiales,
Equipo Audiflowai
soporte@audiflowai.com","Hola Lucas, espero que estés teniendo una excelente semana.

Te comparto un dato rápido: el 68% de las contingencias en procesos de Due Diligence provienen de cláusulas pasadas por alto. 

Habilitamos un acceso de cortesía para escanear 1 contrato completo sin tarjeta ni registro previo aquí: https://audiflowai.com

Quedo atento a tus comentarios si deseas probarlo."
113,"Valentina","Cisneros","Apex Global Holdings","Director Financiero (CFO)","https://www.linkedin.com/in/valentina-cisneros-cfo-113","valentina.cisneros113@nordiclogistics.se","Hola Valentina, un gusto conectar. Veo tu liderazgo como Director Financiero (CFO) en Apex Global Holdings. En Audiflowai desarrollamos un motor de IA determinista para auditar contratos y detectar pasivos ocultos en 40s antes de firma o cierre contable. Saludos!","Estimado/a Valentina,

Un gusto saludarte. Te contacto porque en empresas del sector de Apex Global Holdings, el mayor dolor que vemos en auditorías no son los números del balance, sino las contingencias ocultas en contratos con proveedores (penalizaciones no registradas, cláusulas de rescisión asimétricas y sobrecostos).

En Audiflowai (https://audiflowai.com) creamos una infraestructura que cruza contratos contra balances en 40 segundos con rigor forense (cero alucinaciones y 100% en memoria volátil sin guardar datos en disco).

¿Te gustaría que te enviemos un análisis de prueba sin costo sobre 1 contrato modelo para que lo evalúes con tu equipo?

Saludos cordiales,
Equipo Audiflowai
soporte@audiflowai.com","Hola Valentina, espero que estés teniendo una excelente semana.

Te comparto un dato rápido: el 68% de las contingencias en procesos de Due Diligence provienen de cláusulas pasadas por alto. 

Habilitamos un acceso de cortesía para escanear 1 contrato completo sin tarjeta ni registro previo aquí: https://audiflowai.com

Quedo atento a tus comentarios si deseas probarlo."
114,"Sebastian","Schneider","Alvarado Holdings","Chief Financial Officer (CFO)","https://www.linkedin.com/in/sebastian-schneider-cfo-114","sebastian.schneider114@vargasretail.co","Hola Sebastian, un gusto conectar. Veo tu liderazgo como Chief Financial Officer (CFO) en Alvarado Holdings. En Audiflowai desarrollamos un motor de IA determinista para auditar contratos y detectar pasivos ocultos en 40s antes de firma o cierre contable. Saludos!","Estimado/a Sebastian,

Un gusto saludarte. Te contacto porque en empresas del sector de Alvarado Holdings, el mayor dolor que vemos en auditorías no son los números del balance, sino las contingencias ocultas en contratos con proveedores (penalizaciones no registradas, cláusulas de rescisión asimétricas y sobrecostos).

En Audiflowai (https://audiflowai.com) creamos una infraestructura que cruza contratos contra balances en 40 segundos con rigor forense (cero alucinaciones y 100% en memoria volátil sin guardar datos en disco).

¿Te gustaría que te enviemos un análisis de prueba sin costo sobre 1 contrato modelo para que lo evalúes con tu equipo?

Saludos cordiales,
Equipo Audiflowai
soporte@audiflowai.com","Hola Sebastian, espero que estés teniendo una excelente semana.

Te comparto un dato rápido: el 68% de las contingencias en procesos de Due Diligence provienen de cláusulas pasadas por alto. 

Habilitamos un acceso de cortesía para escanear 1 contrato completo sin tarjeta ni registro previo aquí: https://audiflowai.com

Quedo atento a tus comentarios si deseas probarlo."
115,"Victoria","Ramirez","Fuentes Industries","Director Financiero (CFO)","https://www.linkedin.com/in/victoria-ramirez-cfo-115","victoria.ramirez115@fuentesindustries.gt","Hola Victoria, un gusto conectar. Veo tu liderazgo como Director Financiero (CFO) en Fuentes Industries. En Audiflowai desarrollamos un motor de IA determinista para auditar contratos y detectar pasivos ocultos en 40s antes de firma o cierre contable. Saludos!","Estimado/a Victoria,

Un gusto saludarte. Te contacto porque en empresas del sector de Fuentes Industries, el mayor dolor que vemos en auditorías no son los números del balance, sino las contingencias ocultas en contratos con proveedores (penalizaciones no registradas, cláusulas de rescisión asimétricas y sobrecostos).

En Audiflowai (https://audiflowai.com) creamos una infraestructura que cruza contratos contra balances en 40 segundos con rigor forense (cero alucinaciones y 100% en memoria volátil sin guardar datos en disco).

¿Te gustaría que te enviemos un análisis de prueba sin costo sobre 1 contrato modelo para que lo evalúes con tu equipo?

Saludos cordiales,
Equipo Audiflowai
soporte@audiflowai.com","Hola Victoria, espero que estés teniendo una excelente semana.

Te comparto un dato rápido: el 68% de las contingencias en procesos de Due Diligence provienen de cláusulas pasadas por alto. 

Habilitamos un acceso de cortesía para escanear 1 contrato completo sin tarjeta ni registro previo aquí: https://audiflowai.com

Quedo atento a tus comentarios si deseas probarlo."
116,"Noah","Williams","Apex Global Holdings","Chief Financial Officer (CFO)","https://www.linkedin.com/in/noah-williams-cfo-116","noah.williams116@bermudezcapital.mx","Hola Noah, un gusto conectar. Veo tu liderazgo como Chief Financial Officer (CFO) en Apex Global Holdings. En Audiflowai desarrollamos un motor de IA determinista para auditar contratos y detectar pasivos ocultos en 40s antes de firma o cierre contable. Saludos!","Estimado/a Noah,

Un gusto saludarte. Te contacto porque en empresas del sector de Apex Global Holdings, el mayor dolor que vemos en auditorías no son los números del balance, sino las contingencias ocultas en contratos con proveedores (penalizaciones no registradas, cláusulas de rescisión asimétricas y sobrecostos).

En Audiflowai (https://audiflowai.com) creamos una infraestructura que cruza contratos contra balances en 40 segundos con rigor forense (cero alucinaciones y 100% en memoria volátil sin guardar datos en disco).

¿Te gustaría que te enviemos un análisis de prueba sin costo sobre 1 contrato modelo para que lo evalúes con tu equipo?

Saludos cordiales,
Equipo Audiflowai
soporte@audiflowai.com","Hola Noah, espero que estés teniendo una excelente semana.

Te comparto un dato rápido: el 68% de las contingencias en procesos de Due Diligence provienen de cláusulas pasadas por alto. 

Habilitamos un acceso de cortesía para escanear 1 contrato completo sin tarjeta ni registro previo aquí: https://audiflowai.com

Quedo atento a tus comentarios si deseas probarlo."
117,"Natalia","Alvarado","Alvarado Holdings","Director Financiero (CFO)","https://www.linkedin.com/in/natalia-alvarado-cfo-117","natalia.alvarado117@vertextrading.de","Hola Natalia, un gusto conectar. Veo tu liderazgo como Director Financiero (CFO) en Alvarado Holdings. En Audiflowai desarrollamos un motor de IA determinista para auditar contratos y detectar pasivos ocultos en 40s antes de firma o cierre contable. Saludos!","Estimado/a Natalia,

Un gusto saludarte. Te contacto porque en empresas del sector de Alvarado Holdings, el mayor dolor que vemos en auditorías no son los números del balance, sino las contingencias ocultas en contratos con proveedores (penalizaciones no registradas, cláusulas de rescisión asimétricas y sobrecostos).

En Audiflowai (https://audiflowai.com) creamos una infraestructura que cruza contratos contra balances en 40 segundos con rigor forense (cero alucinaciones y 100% en memoria volátil sin guardar datos en disco).

¿Te gustaría que te enviemos un análisis de prueba sin costo sobre 1 contrato modelo para que lo evalúes con tu equipo?

Saludos cordiales,
Equipo Audiflowai
soporte@audiflowai.com","Hola Natalia, espero que estés teniendo una excelente semana.

Te comparto un dato rápido: el 68% de las contingencias en procesos de Due Diligence provienen de cláusulas pasadas por alto. 

Habilitamos un acceso de cortesía para escanear 1 contrato completo sin tarjeta ni registro previo aquí: https://audiflowai.com

Quedo atento a tus comentarios si deseas probarlo."
118,"Astrid","Schmidt","Fuentes Industries","Chief Financial Officer (CFO)","https://www.linkedin.com/in/astrid-schmidt-cfo-118","astrid.schmidt118@mendozacorp.sv","Hola Astrid, un gusto conectar. Veo tu liderazgo como Chief Financial Officer (CFO) en Fuentes Industries. En Audiflowai desarrollamos un motor de IA determinista para auditar contratos y detectar pasivos ocultos en 40s antes de firma o cierre contable. Saludos!","Estimado/a Astrid,

Un gusto saludarte. Te contacto porque en empresas del sector de Fuentes Industries, el mayor dolor que vemos en auditorías no son los números del balance, sino las contingencias ocultas en contratos con proveedores (penalizaciones no registradas, cláusulas de rescisión asimétricas y sobrecostos).

En Audiflowai (https://audiflowai.com) creamos una infraestructura que cruza contratos contra balances en 40 segundos con rigor forense (cero alucinaciones y 100% en memoria volátil sin guardar datos en disco).

¿Te gustaría que te enviemos un análisis de prueba sin costo sobre 1 contrato modelo para que lo evalúes con tu equipo?

Saludos cordiales,
Equipo Audiflowai
soporte@audiflowai.com","Hola Astrid, espero que estés teniendo una excelente semana.

Te comparto un dato rápido: el 68% de las contingencias en procesos de Due Diligence provienen de cláusulas pasadas por alto. 

Habilitamos un acceso de cortesía para escanear 1 contrato completo sin tarjeta ni registro previo aquí: https://audiflowai.com

Quedo atento a tus comentarios si deseas probarlo."
119,"Santiago","Paredes","Apex Global Holdings","Director Financiero (CFO)","https://www.linkedin.com/in/santiago-paredes-cfo-119","santiago.paredes119@escobarenterprise.pe","Hola Santiago, un gusto conectar. Veo tu liderazgo como Director Financiero (CFO) en Apex Global Holdings. En Audiflowai desarrollamos un motor de IA determinista para auditar contratos y detectar pasivos ocultos en 40s antes de firma o cierre contable. Saludos!","Estimado/a Santiago,

Un gusto saludarte. Te contacto porque en empresas del sector de Apex Global Holdings, el mayor dolor que vemos en auditorías no son los números del balance, sino las contingencias ocultas en contratos con proveedores (penalizaciones no registradas, cláusulas de rescisión asimétricas y sobrecostos).

En Audiflowai (https://audiflowai.com) creamos una infraestructura que cruza contratos contra balances en 40 segundos con rigor forense (cero alucinaciones y 100% en memoria volátil sin guardar datos en disco).

¿Te gustaría que te enviemos un análisis de prueba sin costo sobre 1 contrato modelo para que lo evalúes con tu equipo?

Saludos cordiales,
Equipo Audiflowai
soporte@audiflowai.com","Hola Santiago, espero que estés teniendo una excelente semana.

Te comparto un dato rápido: el 68% de las contingencias en procesos de Due Diligence provienen de cláusulas pasadas por alto. 

Habilitamos un acceso de cortesía para escanear 1 contrato completo sin tarjeta ni registro previo aquí: https://audiflowai.com

Quedo atento a tus comentarios si deseas probarlo."
120,"Alexander","Smith","Alvarado Holdings","Chief Financial Officer (CFO)","https://www.linkedin.com/in/alexander-smith-cfo-120","alexander.smith120@alvaradoholdings.sv","Hola Alexander, un gusto conectar. Veo tu liderazgo como Chief Financial Officer (CFO) en Alvarado Holdings. En Audiflowai desarrollamos un motor de IA determinista para auditar contratos y detectar pasivos ocultos en 40s antes de firma o cierre contable. Saludos!","Estimado/a Alexander,

Un gusto saludarte. Te contacto porque en empresas del sector de Alvarado Holdings, el mayor dolor que vemos en auditorías no son los números del balance, sino las contingencias ocultas en contratos con proveedores (penalizaciones no registradas, cláusulas de rescisión asimétricas y sobrecostos).

En Audiflowai (https://audiflowai.com) creamos una infraestructura que cruza contratos contra balances en 40 segundos con rigor forense (cero alucinaciones y 100% en memoria volátil sin guardar datos en disco).

¿Te gustaría que te enviemos un análisis de prueba sin costo sobre 1 contrato modelo para que lo evalúes con tu equipo?

Saludos cordiales,
Equipo Audiflowai
soporte@audiflowai.com","Hola Alexander, espero que estés teniendo una excelente semana.

Te comparto un dato rápido: el 68% de las contingencias en procesos de Due Diligence provienen de cláusulas pasadas por alto. 

Habilitamos un acceso de cortesía para escanear 1 contrato completo sin tarjeta ni registro previo aquí: https://audiflowai.com

Quedo atento a tus comentarios si deseas probarlo."
121,"Mariana","Navarro","Fuentes Industries","Director Financiero (CFO)","https://www.linkedin.com/in/mariana-navarro-cfo-121","mariana.navarro121@lombardcapital.ch","Hola Mariana, un gusto conectar. Veo tu liderazgo como Director Financiero (CFO) en Fuentes Industries. En Audiflowai desarrollamos un motor de IA determinista para auditar contratos y detectar pasivos ocultos en 40s antes de firma o cierre contable. Saludos!","Estimado/a Mariana,

Un gusto saludarte. Te contacto porque en empresas del sector de Fuentes Industries, el mayor dolor que vemos en auditorías no son los números del balance, sino las contingencias ocultas en contratos con proveedores (penalizaciones no registradas, cláusulas de rescisión asimétricas y sobrecostos).

En Audiflowai (https://audiflowai.com) creamos una infraestructura que cruza contratos contra balances en 40 segundos con rigor forense (cero alucinaciones y 100% en memoria volátil sin guardar datos en disco).

¿Te gustaría que te enviemos un análisis de prueba sin costo sobre 1 contrato modelo para que lo evalúes con tu equipo?

Saludos cordiales,
Equipo Audiflowai
soporte@audiflowai.com","Hola Mariana, espero que estés teniendo una excelente semana.

Te comparto un dato rápido: el 68% de las contingencias en procesos de Due Diligence provienen de cláusulas pasadas por alto. 

Habilitamos un acceso de cortesía para escanear 1 contrato completo sin tarjeta ni registro previo aquí: https://audiflowai.com

Quedo atento a tus comentarios si deseas probarlo."
122,"Lucas","Walker","Apex Global Holdings","Chief Financial Officer (CFO)","https://www.linkedin.com/in/lucas-walker-cfo-122","lucas.walker122@herreratrade.pa","Hola Lucas, un gusto conectar. Veo tu liderazgo como Chief Financial Officer (CFO) en Apex Global Holdings. En Audiflowai desarrollamos un motor de IA determinista para auditar contratos y detectar pasivos ocultos en 40s antes de firma o cierre contable. Saludos!","Estimado/a Lucas,

Un gusto saludarte. Te contacto porque en empresas del sector de Apex Global Holdings, el mayor dolor que vemos en auditorías no son los números del balance, sino las contingencias ocultas en contratos con proveedores (penalizaciones no registradas, cláusulas de rescisión asimétricas y sobrecostos).

En Audiflowai (https://audiflowai.com) creamos una infraestructura que cruza contratos contra balances en 40 segundos con rigor forense (cero alucinaciones y 100% en memoria volátil sin guardar datos en disco).

¿Te gustaría que te enviemos un análisis de prueba sin costo sobre 1 contrato modelo para que lo evalúes con tu equipo?

Saludos cordiales,
Equipo Audiflowai
soporte@audiflowai.com","Hola Lucas, espero que estés teniendo una excelente semana.

Te comparto un dato rápido: el 68% de las contingencias en procesos de Due Diligence provienen de cláusulas pasadas por alto. 

Habilitamos un acceso de cortesía para escanear 1 contrato completo sin tarjeta ni registro previo aquí: https://audiflowai.com

Quedo atento a tus comentarios si deseas probarlo."
123,"Valentina","Noriega","Alvarado Holdings","Director Financiero (CFO)","https://www.linkedin.com/in/valentina-noriega-cfo-123","valentina.noriega123@delgadogroup.cl","Hola Valentina, un gusto conectar. Veo tu liderazgo como Director Financiero (CFO) en Alvarado Holdings. En Audiflowai desarrollamos un motor de IA determinista para auditar contratos y detectar pasivos ocultos en 40s antes de firma o cierre contable. Saludos!","Estimado/a Valentina,

Un gusto saludarte. Te contacto porque en empresas del sector de Alvarado Holdings, el mayor dolor que vemos en auditorías no son los números del balance, sino las contingencias ocultas en contratos con proveedores (penalizaciones no registradas, cláusulas de rescisión asimétricas y sobrecostos).

En Audiflowai (https://audiflowai.com) creamos una infraestructura que cruza contratos contra balances en 40 segundos con rigor forense (cero alucinaciones y 100% en memoria volátil sin guardar datos en disco).

¿Te gustaría que te enviemos un análisis de prueba sin costo sobre 1 contrato modelo para que lo evalúes con tu equipo?

Saludos cordiales,
Equipo Audiflowai
soporte@audiflowai.com","Hola Valentina, espero que estés teniendo una excelente semana.

Te comparto un dato rápido: el 68% de las contingencias en procesos de Due Diligence provienen de cláusulas pasadas por alto. 

Habilitamos un acceso de cortesía para escanear 1 contrato completo sin tarjeta ni registro previo aquí: https://audiflowai.com

Quedo atento a tus comentarios si deseas probarlo."
124,"Sebastian","Berg","Fuentes Industries","Chief Financial Officer (CFO)","https://www.linkedin.com/in/sebastian-berg-cfo-124","sebastian.berg124@finanzeprova.it","Hola Sebastian, un gusto conectar. Veo tu liderazgo como Chief Financial Officer (CFO) en Fuentes Industries. En Audiflowai desarrollamos un motor de IA determinista para auditar contratos y detectar pasivos ocultos en 40s antes de firma o cierre contable. Saludos!","Estimado/a Sebastian,

Un gusto saludarte. Te contacto porque en empresas del sector de Fuentes Industries, el mayor dolor que vemos en auditorías no son los números del balance, sino las contingencias ocultas en contratos con proveedores (penalizaciones no registradas, cláusulas de rescisión asimétricas y sobrecostos).

En Audiflowai (https://audiflowai.com) creamos una infraestructura que cruza contratos contra balances en 40 segundos con rigor forense (cero alucinaciones y 100% en memoria volátil sin guardar datos en disco).

¿Te gustaría que te enviemos un análisis de prueba sin costo sobre 1 contrato modelo para que lo evalúes con tu equipo?

Saludos cordiales,
Equipo Audiflowai
soporte@audiflowai.com","Hola Sebastian, espero que estés teniendo una excelente semana.

Te comparto un dato rápido: el 68% de las contingencias en procesos de Due Diligence provienen de cláusulas pasadas por alto. 

Habilitamos un acceso de cortesía para escanear 1 contrato completo sin tarjeta ni registro previo aquí: https://audiflowai.com

Quedo atento a tus comentarios si deseas probarlo."
125,"Victoria","Morales","Apex Global Holdings","Director Financiero (CFO)","https://www.linkedin.com/in/victoria-morales-cfo-125","victoria.morales125@apexglobal.co.uk","Hola Victoria, un gusto conectar. Veo tu liderazgo como Director Financiero (CFO) en Apex Global Holdings. En Audiflowai desarrollamos un motor de IA determinista para auditar contratos y detectar pasivos ocultos en 40s antes de firma o cierre contable. Saludos!","Estimado/a Victoria,

Un gusto saludarte. Te contacto porque en empresas del sector de Apex Global Holdings, el mayor dolor que vemos en auditorías no son los números del balance, sino las contingencias ocultas en contratos con proveedores (penalizaciones no registradas, cláusulas de rescisión asimétricas y sobrecostos).

En Audiflowai (https://audiflowai.com) creamos una infraestructura que cruza contratos contra balances en 40 segundos con rigor forense (cero alucinaciones y 100% en memoria volátil sin guardar datos en disco).

¿Te gustaría que te enviemos un análisis de prueba sin costo sobre 1 contrato modelo para que lo evalúes con tu equipo?

Saludos cordiales,
Equipo Audiflowai
soporte@audiflowai.com","Hola Victoria, espero que estés teniendo una excelente semana.

Te comparto un dato rápido: el 68% de las contingencias en procesos de Due Diligence provienen de cláusulas pasadas por alto. 

Habilitamos un acceso de cortesía para escanear 1 contrato completo sin tarjeta ni registro previo aquí: https://audiflowai.com

Quedo atento a tus comentarios si deseas probarlo."
126,"Sebastian","Smith","Accounting & Tax Advisors MX","Senior Financial Controller & Accounting Head","https://www.linkedin.com/in/sebastian-smith-controller-126","controller.sebastian.smith126@vargasretail.co","Hola Sebastian, un gusto conectar. Veo tu liderazgo como Senior Financial Controller & Accounting Head en Accounting & Tax Advisors MX. En Audiflowai desarrollamos un motor de IA determinista para auditar contratos y detectar pasivos ocultos en 40s antes de firma o cierre contable. Saludos!","Estimado/a Sebastian,

Un gusto saludarte. Te contacto porque en empresas del sector de Accounting & Tax Advisors MX, el mayor dolor que vemos en auditorías no son los números del balance, sino las contingencias ocultas en contratos con proveedores (penalizaciones no registradas, cláusulas de rescisión asimétricas y sobrecostos).

En Audiflowai (https://audiflowai.com) creamos una infraestructura que cruza contratos contra balances en 40 segundos con rigor forense (cero alucinaciones y 100% en memoria volátil sin guardar datos en disco).

¿Te gustaría que te enviemos un análisis de prueba sin costo sobre 1 contrato modelo para que lo evalúes con tu equipo?

Saludos cordiales,
Equipo Audiflowai
soporte@audiflowai.com","Hola Sebastian, espero que estés teniendo una excelente semana.

Te comparto un dato rápido: el 68% de las contingencias en procesos de Due Diligence provienen de cláusulas pasadas por alto. 

Habilitamos un acceso de cortesía para escanear 1 contrato completo sin tarjeta ni registro previo aquí: https://audiflowai.com

Quedo atento a tus comentarios si deseas probarlo."
127,"Gabriel","Morales","Nordic Controllers AS","Contralor Financiero Corporativo (CPA)","https://www.linkedin.com/in/gabriel-morales-controller-127","controller.gabriel.morales127@delgadogroup.cl","Hola Gabriel, un gusto conectar. Veo tu liderazgo como Contralor Financiero Corporativo (CPA) en Nordic Controllers AS. En Audiflowai desarrollamos un motor de IA determinista para auditar contratos y detectar pasivos ocultos en 40s antes de firma o cierre contable. Saludos!","Estimado/a Gabriel,

Un gusto saludarte. Te contacto porque en empresas del sector de Nordic Controllers AS, el mayor dolor que vemos en auditorías no son los números del balance, sino las contingencias ocultas en contratos con proveedores (penalizaciones no registradas, cláusulas de rescisión asimétricas y sobrecostos).

En Audiflowai (https://audiflowai.com) creamos una infraestructura que cruza contratos contra balances en 40 segundos con rigor forense (cero alucinaciones y 100% en memoria volátil sin guardar datos en disco).

¿Te gustaría que te enviemos un análisis de prueba sin costo sobre 1 contrato modelo para que lo evalúes con tu equipo?

Saludos cordiales,
Equipo Audiflowai
soporte@audiflowai.com","Hola Gabriel, espero que estés teniendo una excelente semana.

Te comparto un dato rápido: el 68% de las contingencias en procesos de Due Diligence provienen de cláusulas pasadas por alto. 

Habilitamos un acceso de cortesía para escanear 1 contrato completo sin tarjeta ni registro previo aquí: https://audiflowai.com

Quedo atento a tus comentarios si deseas probarlo."
128,"Liam","Moore","Capital Finance Group","Senior Financial Controller & Accounting Head","https://www.linkedin.com/in/liam-moore-controller-128","controller.liam.moore128@vertextrading.de","Hola Liam, un gusto conectar. Veo tu liderazgo como Senior Financial Controller & Accounting Head en Capital Finance Group. En Audiflowai desarrollamos un motor de IA determinista para auditar contratos y detectar pasivos ocultos en 40s antes de firma o cierre contable. Saludos!","Estimado/a Liam,

Un gusto saludarte. Te contacto porque en empresas del sector de Capital Finance Group, el mayor dolor que vemos en auditorías no son los números del balance, sino las contingencias ocultas en contratos con proveedores (penalizaciones no registradas, cláusulas de rescisión asimétricas y sobrecostos).

En Audiflowai (https://audiflowai.com) creamos una infraestructura que cruza contratos contra balances en 40 segundos con rigor forense (cero alucinaciones y 100% en memoria volátil sin guardar datos en disco).

¿Te gustaría que te enviemos un análisis de prueba sin costo sobre 1 contrato modelo para que lo evalúes con tu equipo?

Saludos cordiales,
Equipo Audiflowai
soporte@audiflowai.com","Hola Liam, espero que estés teniendo una excelente semana.

Te comparto un dato rápido: el 68% de las contingencias en procesos de Due Diligence provienen de cláusulas pasadas por alto. 

Habilitamos un acceso de cortesía para escanear 1 contrato completo sin tarjeta ni registro previo aquí: https://audiflowai.com

Quedo atento a tus comentarios si deseas probarlo."
129,"Rodrigo","Guzman","London Accounting Partners","Contralor Financiero Corporativo (CPA)","https://www.linkedin.com/in/rodrigo-guzman-controller-129","controller.rodrigo.guzman129@guzmanpartners.cr","Hola Rodrigo, un gusto conectar. Veo tu liderazgo como Contralor Financiero Corporativo (CPA) en London Accounting Partners. En Audiflowai desarrollamos un motor de IA determinista para auditar contratos y detectar pasivos ocultos en 40s antes de firma o cierre contable. Saludos!","Estimado/a Rodrigo,

Un gusto saludarte. Te contacto porque en empresas del sector de London Accounting Partners, el mayor dolor que vemos en auditorías no son los números del balance, sino las contingencias ocultas en contratos con proveedores (penalizaciones no registradas, cláusulas de rescisión asimétricas y sobrecostos).

En Audiflowai (https://audiflowai.com) creamos una infraestructura que cruza contratos contra balances en 40 segundos con rigor forense (cero alucinaciones y 100% en memoria volátil sin guardar datos en disco).

¿Te gustaría que te enviemos un análisis de prueba sin costo sobre 1 contrato modelo para que lo evalúes con tu equipo?

Saludos cordiales,
Equipo Audiflowai
soporte@audiflowai.com","Hola Rodrigo, espero que estés teniendo una excelente semana.

Te comparto un dato rápido: el 68% de las contingencias en procesos de Due Diligence provienen de cláusulas pasadas por alto. 

Habilitamos un acceso de cortesía para escanear 1 contrato completo sin tarjeta ni registro previo aquí: https://audiflowai.com

Quedo atento a tus comentarios si deseas probarlo."
130,"Thomas","Weber","Contraloria Central SV","Senior Financial Controller & Accounting Head","https://www.linkedin.com/in/thomas-weber-controller-130","controller.thomas.weber130@alvaradoholdings.sv","Hola Thomas, un gusto conectar. Veo tu liderazgo como Senior Financial Controller & Accounting Head en Contraloria Central SV. En Audiflowai desarrollamos un motor de IA determinista para auditar contratos y detectar pasivos ocultos en 40s antes de firma o cierre contable. Saludos!","Estimado/a Thomas,

Un gusto saludarte. Te contacto porque en empresas del sector de Contraloria Central SV, el mayor dolor que vemos en auditorías no son los números del balance, sino las contingencias ocultas en contratos con proveedores (penalizaciones no registradas, cláusulas de rescisión asimétricas y sobrecostos).

En Audiflowai (https://audiflowai.com) creamos una infraestructura que cruza contratos contra balances en 40 segundos con rigor forense (cero alucinaciones y 100% en memoria volátil sin guardar datos en disco).

¿Te gustaría que te enviemos un análisis de prueba sin costo sobre 1 contrato modelo para que lo evalúes con tu equipo?

Saludos cordiales,
Equipo Audiflowai
soporte@audiflowai.com","Hola Thomas, espero que estés teniendo una excelente semana.

Te comparto un dato rápido: el 68% de las contingencias en procesos de Due Diligence provienen de cláusulas pasadas por alto. 

Habilitamos un acceso de cortesía para escanear 1 contrato completo sin tarjeta ni registro previo aquí: https://audiflowai.com

Quedo atento a tus comentarios si deseas probarlo."
131,"Esteban","Ramirez","Accounting & Tax Advisors MX","Contralor Financiero Corporativo (CPA)","https://www.linkedin.com/in/esteban-ramirez-controller-131","controller.esteban.ramirez131@vargasretail.co","Hola Esteban, un gusto conectar. Veo tu liderazgo como Contralor Financiero Corporativo (CPA) en Accounting & Tax Advisors MX. En Audiflowai desarrollamos un motor de IA determinista para auditar contratos y detectar pasivos ocultos en 40s antes de firma o cierre contable. Saludos!","Estimado/a Esteban,

Un gusto saludarte. Te contacto porque en empresas del sector de Accounting & Tax Advisors MX, el mayor dolor que vemos en auditorías no son los números del balance, sino las contingencias ocultas en contratos con proveedores (penalizaciones no registradas, cláusulas de rescisión asimétricas y sobrecostos).

En Audiflowai (https://audiflowai.com) creamos una infraestructura que cruza contratos contra balances en 40 segundos con rigor forense (cero alucinaciones y 100% en memoria volátil sin guardar datos en disco).

¿Te gustaría que te enviemos un análisis de prueba sin costo sobre 1 contrato modelo para que lo evalúes con tu equipo?

Saludos cordiales,
Equipo Audiflowai
soporte@audiflowai.com","Hola Esteban, espero que estés teniendo una excelente semana.

Te comparto un dato rápido: el 68% de las contingencias en procesos de Due Diligence provienen de cláusulas pasadas por alto. 

Habilitamos un acceso de cortesía para escanear 1 contrato completo sin tarjeta ni registro previo aquí: https://audiflowai.com

Quedo atento a tus comentarios si deseas probarlo."
132,"Astrid","Smith","Nordic Controllers AS","Senior Financial Controller & Accounting Head","https://www.linkedin.com/in/astrid-smith-controller-132","controller.astrid.smith132@delgadogroup.cl","Hola Astrid, un gusto conectar. Veo tu liderazgo como Senior Financial Controller & Accounting Head en Nordic Controllers AS. En Audiflowai desarrollamos un motor de IA determinista para auditar contratos y detectar pasivos ocultos en 40s antes de firma o cierre contable. Saludos!","Estimado/a Astrid,

Un gusto saludarte. Te contacto porque en empresas del sector de Nordic Controllers AS, el mayor dolor que vemos en auditorías no son los números del balance, sino las contingencias ocultas en contratos con proveedores (penalizaciones no registradas, cláusulas de rescisión asimétricas y sobrecostos).

En Audiflowai (https://audiflowai.com) creamos una infraestructura que cruza contratos contra balances en 40 segundos con rigor forense (cero alucinaciones y 100% en memoria volátil sin guardar datos en disco).

¿Te gustaría que te enviemos un análisis de prueba sin costo sobre 1 contrato modelo para que lo evalúes con tu equipo?

Saludos cordiales,
Equipo Audiflowai
soporte@audiflowai.com","Hola Astrid, espero que estés teniendo una excelente semana.

Te comparto un dato rápido: el 68% de las contingencias en procesos de Due Diligence provienen de cláusulas pasadas por alto. 

Habilitamos un acceso de cortesía para escanear 1 contrato completo sin tarjeta ni registro previo aquí: https://audiflowai.com

Quedo atento a tus comentarios si deseas probarlo."
133,"Lorena","Morales","Capital Finance Group","Contralor Financiero Corporativo (CPA)","https://www.linkedin.com/in/lorena-morales-controller-133","controller.lorena.morales133@vertextrading.de","Hola Lorena, un gusto conectar. Veo tu liderazgo como Contralor Financiero Corporativo (CPA) en Capital Finance Group. En Audiflowai desarrollamos un motor de IA determinista para auditar contratos y detectar pasivos ocultos en 40s antes de firma o cierre contable. Saludos!","Estimado/a Lorena,

Un gusto saludarte. Te contacto porque en empresas del sector de Capital Finance Group, el mayor dolor que vemos en auditorías no son los números del balance, sino las contingencias ocultas en contratos con proveedores (penalizaciones no registradas, cláusulas de rescisión asimétricas y sobrecostos).

En Audiflowai (https://audiflowai.com) creamos una infraestructura que cruza contratos contra balances en 40 segundos con rigor forense (cero alucinaciones y 100% en memoria volátil sin guardar datos en disco).

¿Te gustaría que te enviemos un análisis de prueba sin costo sobre 1 contrato modelo para que lo evalúes con tu equipo?

Saludos cordiales,
Equipo Audiflowai
soporte@audiflowai.com","Hola Lorena, espero que estés teniendo una excelente semana.

Te comparto un dato rápido: el 68% de las contingencias en procesos de Due Diligence provienen de cláusulas pasadas por alto. 

Habilitamos un acceso de cortesía para escanear 1 contrato completo sin tarjeta ni registro previo aquí: https://audiflowai.com

Quedo atento a tus comentarios si deseas probarlo."
134,"Hans","Moore","London Accounting Partners","Senior Financial Controller & Accounting Head","https://www.linkedin.com/in/hans-moore-controller-134","controller.hans.moore134@guzmanpartners.cr","Hola Hans, un gusto conectar. Veo tu liderazgo como Senior Financial Controller & Accounting Head en London Accounting Partners. En Audiflowai desarrollamos un motor de IA determinista para auditar contratos y detectar pasivos ocultos en 40s antes de firma o cierre contable. Saludos!","Estimado/a Hans,

Un gusto saludarte. Te contacto porque en empresas del sector de London Accounting Partners, el mayor dolor que vemos en auditorías no son los números del balance, sino las contingencias ocultas en contratos con proveedores (penalizaciones no registradas, cláusulas de rescisión asimétricas y sobrecostos).

En Audiflowai (https://audiflowai.com) creamos una infraestructura que cruza contratos contra balances en 40 segundos con rigor forense (cero alucinaciones y 100% en memoria volátil sin guardar datos en disco).

¿Te gustaría que te enviemos un análisis de prueba sin costo sobre 1 contrato modelo para que lo evalúes con tu equipo?

Saludos cordiales,
Equipo Audiflowai
soporte@audiflowai.com","Hola Hans, espero que estés teniendo una excelente semana.

Te comparto un dato rápido: el 68% de las contingencias en procesos de Due Diligence provienen de cláusulas pasadas por alto. 

Habilitamos un acceso de cortesía para escanear 1 contrato completo sin tarjeta ni registro previo aquí: https://audiflowai.com

Quedo atento a tus comentarios si deseas probarlo."
135,"Carlos","Guzman","Contraloria Central SV","Contralor Financiero Corporativo (CPA)","https://www.linkedin.com/in/carlos-guzman-controller-135","controller.carlos.guzman135@alvaradoholdings.sv","Hola Carlos, un gusto conectar. Veo tu liderazgo como Contralor Financiero Corporativo (CPA) en Contraloria Central SV. En Audiflowai desarrollamos un motor de IA determinista para auditar contratos y detectar pasivos ocultos en 40s antes de firma o cierre contable. Saludos!","Estimado/a Carlos,

Un gusto saludarte. Te contacto porque en empresas del sector de Contraloria Central SV, el mayor dolor que vemos en auditorías no son los números del balance, sino las contingencias ocultas en contratos con proveedores (penalizaciones no registradas, cláusulas de rescisión asimétricas y sobrecostos).

En Audiflowai (https://audiflowai.com) creamos una infraestructura que cruza contratos contra balances en 40 segundos con rigor forense (cero alucinaciones y 100% en memoria volátil sin guardar datos en disco).

¿Te gustaría que te enviemos un análisis de prueba sin costo sobre 1 contrato modelo para que lo evalúes con tu equipo?

Saludos cordiales,
Equipo Audiflowai
soporte@audiflowai.com","Hola Carlos, espero que estés teniendo una excelente semana.

Te comparto un dato rápido: el 68% de las contingencias en procesos de Due Diligence provienen de cláusulas pasadas por alto. 

Habilitamos un acceso de cortesía para escanear 1 contrato completo sin tarjeta ni registro previo aquí: https://audiflowai.com

Quedo atento a tus comentarios si deseas probarlo."
136,"William","Weber","Accounting & Tax Advisors MX","Senior Financial Controller & Accounting Head","https://www.linkedin.com/in/william-weber-controller-136","controller.william.weber136@vargasretail.co","Hola William, un gusto conectar. Veo tu liderazgo como Senior Financial Controller & Accounting Head en Accounting & Tax Advisors MX. En Audiflowai desarrollamos un motor de IA determinista para auditar contratos y detectar pasivos ocultos en 40s antes de firma o cierre contable. Saludos!","Estimado/a William,

Un gusto saludarte. Te contacto porque en empresas del sector de Accounting & Tax Advisors MX, el mayor dolor que vemos en auditorías no son los números del balance, sino las contingencias ocultas en contratos con proveedores (penalizaciones no registradas, cláusulas de rescisión asimétricas y sobrecostos).

En Audiflowai (https://audiflowai.com) creamos una infraestructura que cruza contratos contra balances en 40 segundos con rigor forense (cero alucinaciones y 100% en memoria volátil sin guardar datos en disco).

¿Te gustaría que te enviemos un análisis de prueba sin costo sobre 1 contrato modelo para que lo evalúes con tu equipo?

Saludos cordiales,
Equipo Audiflowai
soporte@audiflowai.com","Hola William, espero que estés teniendo una excelente semana.

Te comparto un dato rápido: el 68% de las contingencias en procesos de Due Diligence provienen de cláusulas pasadas por alto. 

Habilitamos un acceso de cortesía para escanear 1 contrato completo sin tarjeta ni registro previo aquí: https://audiflowai.com

Quedo atento a tus comentarios si deseas probarlo."
137,"Javier","Ramirez","Nordic Controllers AS","Contralor Financiero Corporativo (CPA)","https://www.linkedin.com/in/javier-ramirez-controller-137","controller.javier.ramirez137@delgadogroup.cl","Hola Javier, un gusto conectar. Veo tu liderazgo como Contralor Financiero Corporativo (CPA) en Nordic Controllers AS. En Audiflowai desarrollamos un motor de IA determinista para auditar contratos y detectar pasivos ocultos en 40s antes de firma o cierre contable. Saludos!","Estimado/a Javier,

Un gusto saludarte. Te contacto porque en empresas del sector de Nordic Controllers AS, el mayor dolor que vemos en auditorías no son los números del balance, sino las contingencias ocultas en contratos con proveedores (penalizaciones no registradas, cláusulas de rescisión asimétricas y sobrecostos).

En Audiflowai (https://audiflowai.com) creamos una infraestructura que cruza contratos contra balances en 40 segundos con rigor forense (cero alucinaciones y 100% en memoria volátil sin guardar datos en disco).

¿Te gustaría que te enviemos un análisis de prueba sin costo sobre 1 contrato modelo para que lo evalúes con tu equipo?

Saludos cordiales,
Equipo Audiflowai
soporte@audiflowai.com","Hola Javier, espero que estés teniendo una excelente semana.

Te comparto un dato rápido: el 68% de las contingencias en procesos de Due Diligence provienen de cláusulas pasadas por alto. 

Habilitamos un acceso de cortesía para escanear 1 contrato completo sin tarjeta ni registro previo aquí: https://audiflowai.com

Quedo atento a tus comentarios si deseas probarlo."
138,"Lucas","Smith","Capital Finance Group","Senior Financial Controller & Accounting Head","https://www.linkedin.com/in/lucas-smith-controller-138","controller.lucas.smith138@vertextrading.de","Hola Lucas, un gusto conectar. Veo tu liderazgo como Senior Financial Controller & Accounting Head en Capital Finance Group. En Audiflowai desarrollamos un motor de IA determinista para auditar contratos y detectar pasivos ocultos en 40s antes de firma o cierre contable. Saludos!","Estimado/a Lucas,

Un gusto saludarte. Te contacto porque en empresas del sector de Capital Finance Group, el mayor dolor que vemos en auditorías no son los números del balance, sino las contingencias ocultas en contratos con proveedores (penalizaciones no registradas, cláusulas de rescisión asimétricas y sobrecostos).

En Audiflowai (https://audiflowai.com) creamos una infraestructura que cruza contratos contra balances en 40 segundos con rigor forense (cero alucinaciones y 100% en memoria volátil sin guardar datos en disco).

¿Te gustaría que te enviemos un análisis de prueba sin costo sobre 1 contrato modelo para que lo evalúes con tu equipo?

Saludos cordiales,
Equipo Audiflowai
soporte@audiflowai.com","Hola Lucas, espero que estés teniendo una excelente semana.

Te comparto un dato rápido: el 68% de las contingencias en procesos de Due Diligence provienen de cláusulas pasadas por alto. 

Habilitamos un acceso de cortesía para escanear 1 contrato completo sin tarjeta ni registro previo aquí: https://audiflowai.com

Quedo atento a tus comentarios si deseas probarlo."
139,"Alejandro","Morales","London Accounting Partners","Contralor Financiero Corporativo (CPA)","https://www.linkedin.com/in/alejandro-morales-controller-139","controller.alejandro.morales139@guzmanpartners.cr","Hola Alejandro, un gusto conectar. Veo tu liderazgo como Contralor Financiero Corporativo (CPA) en London Accounting Partners. En Audiflowai desarrollamos un motor de IA determinista para auditar contratos y detectar pasivos ocultos en 40s antes de firma o cierre contable. Saludos!","Estimado/a Alejandro,

Un gusto saludarte. Te contacto porque en empresas del sector de London Accounting Partners, el mayor dolor que vemos en auditorías no son los números del balance, sino las contingencias ocultas en contratos con proveedores (penalizaciones no registradas, cláusulas de rescisión asimétricas y sobrecostos).

En Audiflowai (https://audiflowai.com) creamos una infraestructura que cruza contratos contra balances en 40 segundos con rigor forense (cero alucinaciones y 100% en memoria volátil sin guardar datos en disco).

¿Te gustaría que te enviemos un análisis de prueba sin costo sobre 1 contrato modelo para que lo evalúes con tu equipo?

Saludos cordiales,
Equipo Audiflowai
soporte@audiflowai.com","Hola Alejandro, espero que estés teniendo una excelente semana.

Te comparto un dato rápido: el 68% de las contingencias en procesos de Due Diligence provienen de cláusulas pasadas por alto. 

Habilitamos un acceso de cortesía para escanear 1 contrato completo sin tarjeta ni registro previo aquí: https://audiflowai.com

Quedo atento a tus comentarios si deseas probarlo."
140,"Henry","Moore","Contraloria Central SV","Senior Financial Controller & Accounting Head","https://www.linkedin.com/in/henry-moore-controller-140","controller.henry.moore140@alvaradoholdings.sv","Hola Henry, un gusto conectar. Veo tu liderazgo como Senior Financial Controller & Accounting Head en Contraloria Central SV. En Audiflowai desarrollamos un motor de IA determinista para auditar contratos y detectar pasivos ocultos en 40s antes de firma o cierre contable. Saludos!","Estimado/a Henry,

Un gusto saludarte. Te contacto porque en empresas del sector de Contraloria Central SV, el mayor dolor que vemos en auditorías no son los números del balance, sino las contingencias ocultas en contratos con proveedores (penalizaciones no registradas, cláusulas de rescisión asimétricas y sobrecostos).

En Audiflowai (https://audiflowai.com) creamos una infraestructura que cruza contratos contra balances en 40 segundos con rigor forense (cero alucinaciones y 100% en memoria volátil sin guardar datos en disco).

¿Te gustaría que te enviemos un análisis de prueba sin costo sobre 1 contrato modelo para que lo evalúes con tu equipo?

Saludos cordiales,
Equipo Audiflowai
soporte@audiflowai.com","Hola Henry, espero que estés teniendo una excelente semana.

Te comparto un dato rápido: el 68% de las contingencias en procesos de Due Diligence provienen de cláusulas pasadas por alto. 

Habilitamos un acceso de cortesía para escanear 1 contrato completo sin tarjeta ni registro previo aquí: https://audiflowai.com

Quedo atento a tus comentarios si deseas probarlo."
141,"Fernando","Guzman","Accounting & Tax Advisors MX","Contralor Financiero Corporativo (CPA)","https://www.linkedin.com/in/fernando-guzman-controller-141","controller.fernando.guzman141@vargasretail.co","Hola Fernando, un gusto conectar. Veo tu liderazgo como Contralor Financiero Corporativo (CPA) en Accounting & Tax Advisors MX. En Audiflowai desarrollamos un motor de IA determinista para auditar contratos y detectar pasivos ocultos en 40s antes de firma o cierre contable. Saludos!","Estimado/a Fernando,

Un gusto saludarte. Te contacto porque en empresas del sector de Accounting & Tax Advisors MX, el mayor dolor que vemos en auditorías no son los números del balance, sino las contingencias ocultas en contratos con proveedores (penalizaciones no registradas, cláusulas de rescisión asimétricas y sobrecostos).

En Audiflowai (https://audiflowai.com) creamos una infraestructura que cruza contratos contra balances en 40 segundos con rigor forense (cero alucinaciones y 100% en memoria volátil sin guardar datos en disco).

¿Te gustaría que te enviemos un análisis de prueba sin costo sobre 1 contrato modelo para que lo evalúes con tu equipo?

Saludos cordiales,
Equipo Audiflowai
soporte@audiflowai.com","Hola Fernando, espero que estés teniendo una excelente semana.

Te comparto un dato rápido: el 68% de las contingencias en procesos de Due Diligence provienen de cláusulas pasadas por alto. 

Habilitamos un acceso de cortesía para escanear 1 contrato completo sin tarjeta ni registro previo aquí: https://audiflowai.com

Quedo atento a tus comentarios si deseas probarlo."
142,"Arthur","Weber","Nordic Controllers AS","Senior Financial Controller & Accounting Head","https://www.linkedin.com/in/arthur-weber-controller-142","controller.arthur.weber142@delgadogroup.cl","Hola Arthur, un gusto conectar. Veo tu liderazgo como Senior Financial Controller & Accounting Head en Nordic Controllers AS. En Audiflowai desarrollamos un motor de IA determinista para auditar contratos y detectar pasivos ocultos en 40s antes de firma o cierre contable. Saludos!","Estimado/a Arthur,

Un gusto saludarte. Te contacto porque en empresas del sector de Nordic Controllers AS, el mayor dolor que vemos en auditorías no son los números del balance, sino las contingencias ocultas en contratos con proveedores (penalizaciones no registradas, cláusulas de rescisión asimétricas y sobrecostos).

En Audiflowai (https://audiflowai.com) creamos una infraestructura que cruza contratos contra balances en 40 segundos con rigor forense (cero alucinaciones y 100% en memoria volátil sin guardar datos en disco).

¿Te gustaría que te enviemos un análisis de prueba sin costo sobre 1 contrato modelo para que lo evalúes con tu equipo?

Saludos cordiales,
Equipo Audiflowai
soporte@audiflowai.com","Hola Arthur, espero que estés teniendo una excelente semana.

Te comparto un dato rápido: el 68% de las contingencias en procesos de Due Diligence provienen de cláusulas pasadas por alto. 

Habilitamos un acceso de cortesía para escanear 1 contrato completo sin tarjeta ni registro previo aquí: https://audiflowai.com

Quedo atento a tus comentarios si deseas probarlo."
143,"Andres","Ramirez","Capital Finance Group","Contralor Financiero Corporativo (CPA)","https://www.linkedin.com/in/andres-ramirez-controller-143","controller.andres.ramirez143@vertextrading.de","Hola Andres, un gusto conectar. Veo tu liderazgo como Contralor Financiero Corporativo (CPA) en Capital Finance Group. En Audiflowai desarrollamos un motor de IA determinista para auditar contratos y detectar pasivos ocultos en 40s antes de firma o cierre contable. Saludos!","Estimado/a Andres,

Un gusto saludarte. Te contacto porque en empresas del sector de Capital Finance Group, el mayor dolor que vemos en auditorías no son los números del balance, sino las contingencias ocultas en contratos con proveedores (penalizaciones no registradas, cláusulas de rescisión asimétricas y sobrecostos).

En Audiflowai (https://audiflowai.com) creamos una infraestructura que cruza contratos contra balances en 40 segundos con rigor forense (cero alucinaciones y 100% en memoria volátil sin guardar datos en disco).

¿Te gustaría que te enviemos un análisis de prueba sin costo sobre 1 contrato modelo para que lo evalúes con tu equipo?

Saludos cordiales,
Equipo Audiflowai
soporte@audiflowai.com","Hola Andres, espero que estés teniendo una excelente semana.

Te comparto un dato rápido: el 68% de las contingencias en procesos de Due Diligence provienen de cláusulas pasadas por alto. 

Habilitamos un acceso de cortesía para escanear 1 contrato completo sin tarjeta ni registro previo aquí: https://audiflowai.com

Quedo atento a tus comentarios si deseas probarlo."
144,"Noah","Smith","London Accounting Partners","Senior Financial Controller & Accounting Head","https://www.linkedin.com/in/noah-smith-controller-144","controller.noah.smith144@guzmanpartners.cr","Hola Noah, un gusto conectar. Veo tu liderazgo como Senior Financial Controller & Accounting Head en London Accounting Partners. En Audiflowai desarrollamos un motor de IA determinista para auditar contratos y detectar pasivos ocultos en 40s antes de firma o cierre contable. Saludos!","Estimado/a Noah,

Un gusto saludarte. Te contacto porque en empresas del sector de London Accounting Partners, el mayor dolor que vemos en auditorías no son los números del balance, sino las contingencias ocultas en contratos con proveedores (penalizaciones no registradas, cláusulas de rescisión asimétricas y sobrecostos).

En Audiflowai (https://audiflowai.com) creamos una infraestructura que cruza contratos contra balances en 40 segundos con rigor forense (cero alucinaciones y 100% en memoria volátil sin guardar datos en disco).

¿Te gustaría que te enviemos un análisis de prueba sin costo sobre 1 contrato modelo para que lo evalúes con tu equipo?

Saludos cordiales,
Equipo Audiflowai
soporte@audiflowai.com","Hola Noah, espero que estés teniendo una excelente semana.

Te comparto un dato rápido: el 68% de las contingencias en procesos de Due Diligence provienen de cláusulas pasadas por alto. 

Habilitamos un acceso de cortesía para escanear 1 contrato completo sin tarjeta ni registro previo aquí: https://audiflowai.com

Quedo atento a tus comentarios si deseas probarlo."
145,"Gonzalo","Morales","Contraloria Central SV","Contralor Financiero Corporativo (CPA)","https://www.linkedin.com/in/gonzalo-morales-controller-145","controller.gonzalo.morales145@alvaradoholdings.sv","Hola Gonzalo, un gusto conectar. Veo tu liderazgo como Contralor Financiero Corporativo (CPA) en Contraloria Central SV. En Audiflowai desarrollamos un motor de IA determinista para auditar contratos y detectar pasivos ocultos en 40s antes de firma o cierre contable. Saludos!","Estimado/a Gonzalo,

Un gusto saludarte. Te contacto porque en empresas del sector de Contraloria Central SV, el mayor dolor que vemos en auditorías no son los números del balance, sino las contingencias ocultas en contratos con proveedores (penalizaciones no registradas, cláusulas de rescisión asimétricas y sobrecostos).

En Audiflowai (https://audiflowai.com) creamos una infraestructura que cruza contratos contra balances en 40 segundos con rigor forense (cero alucinaciones y 100% en memoria volátil sin guardar datos en disco).

¿Te gustaría que te enviemos un análisis de prueba sin costo sobre 1 contrato modelo para que lo evalúes con tu equipo?

Saludos cordiales,
Equipo Audiflowai
soporte@audiflowai.com","Hola Gonzalo, espero que estés teniendo una excelente semana.

Te comparto un dato rápido: el 68% de las contingencias en procesos de Due Diligence provienen de cláusulas pasadas por alto. 

Habilitamos un acceso de cortesía para escanear 1 contrato completo sin tarjeta ni registro previo aquí: https://audiflowai.com

Quedo atento a tus comentarios si deseas probarlo."
146,"Stefan","Moore","Accounting & Tax Advisors MX","Senior Financial Controller & Accounting Head","https://www.linkedin.com/in/stefan-moore-controller-146","controller.stefan.moore146@vargasretail.co","Hola Stefan, un gusto conectar. Veo tu liderazgo como Senior Financial Controller & Accounting Head en Accounting & Tax Advisors MX. En Audiflowai desarrollamos un motor de IA determinista para auditar contratos y detectar pasivos ocultos en 40s antes de firma o cierre contable. Saludos!","Estimado/a Stefan,

Un gusto saludarte. Te contacto porque en empresas del sector de Accounting & Tax Advisors MX, el mayor dolor que vemos en auditorías no son los números del balance, sino las contingencias ocultas en contratos con proveedores (penalizaciones no registradas, cláusulas de rescisión asimétricas y sobrecostos).

En Audiflowai (https://audiflowai.com) creamos una infraestructura que cruza contratos contra balances en 40 segundos con rigor forense (cero alucinaciones y 100% en memoria volátil sin guardar datos en disco).

¿Te gustaría que te enviemos un análisis de prueba sin costo sobre 1 contrato modelo para que lo evalúes con tu equipo?

Saludos cordiales,
Equipo Audiflowai
soporte@audiflowai.com","Hola Stefan, espero que estés teniendo una excelente semana.

Te comparto un dato rápido: el 68% de las contingencias en procesos de Due Diligence provienen de cláusulas pasadas por alto. 

Habilitamos un acceso de cortesía para escanear 1 contrato completo sin tarjeta ni registro previo aquí: https://audiflowai.com

Quedo atento a tus comentarios si deseas probarlo."
147,"Catalina","Guzman","Nordic Controllers AS","Contralor Financiero Corporativo (CPA)","https://www.linkedin.com/in/catalina-guzman-controller-147","controller.catalina.guzman147@delgadogroup.cl","Hola Catalina, un gusto conectar. Veo tu liderazgo como Contralor Financiero Corporativo (CPA) en Nordic Controllers AS. En Audiflowai desarrollamos un motor de IA determinista para auditar contratos y detectar pasivos ocultos en 40s antes de firma o cierre contable. Saludos!","Estimado/a Catalina,

Un gusto saludarte. Te contacto porque en empresas del sector de Nordic Controllers AS, el mayor dolor que vemos en auditorías no son los números del balance, sino las contingencias ocultas en contratos con proveedores (penalizaciones no registradas, cláusulas de rescisión asimétricas y sobrecostos).

En Audiflowai (https://audiflowai.com) creamos una infraestructura que cruza contratos contra balances en 40 segundos con rigor forense (cero alucinaciones y 100% en memoria volátil sin guardar datos en disco).

¿Te gustaría que te enviemos un análisis de prueba sin costo sobre 1 contrato modelo para que lo evalúes con tu equipo?

Saludos cordiales,
Equipo Audiflowai
soporte@audiflowai.com","Hola Catalina, espero que estés teniendo una excelente semana.

Te comparto un dato rápido: el 68% de las contingencias en procesos de Due Diligence provienen de cláusulas pasadas por alto. 

Habilitamos un acceso de cortesía para escanear 1 contrato completo sin tarjeta ni registro previo aquí: https://audiflowai.com

Quedo atento a tus comentarios si deseas probarlo."
148,"Isabelle","Weber","Capital Finance Group","Senior Financial Controller & Accounting Head","https://www.linkedin.com/in/isabelle-weber-controller-148","controller.isabelle.weber148@vertextrading.de","Hola Isabelle, un gusto conectar. Veo tu liderazgo como Senior Financial Controller & Accounting Head en Capital Finance Group. En Audiflowai desarrollamos un motor de IA determinista para auditar contratos y detectar pasivos ocultos en 40s antes de firma o cierre contable. Saludos!","Estimado/a Isabelle,

Un gusto saludarte. Te contacto porque en empresas del sector de Capital Finance Group, el mayor dolor que vemos en auditorías no son los números del balance, sino las contingencias ocultas en contratos con proveedores (penalizaciones no registradas, cláusulas de rescisión asimétricas y sobrecostos).

En Audiflowai (https://audiflowai.com) creamos una infraestructura que cruza contratos contra balances en 40 segundos con rigor forense (cero alucinaciones y 100% en memoria volátil sin guardar datos en disco).

¿Te gustaría que te enviemos un análisis de prueba sin costo sobre 1 contrato modelo para que lo evalúes con tu equipo?

Saludos cordiales,
Equipo Audiflowai
soporte@audiflowai.com","Hola Isabelle, espero que estés teniendo una excelente semana.

Te comparto un dato rápido: el 68% de las contingencias en procesos de Due Diligence provienen de cláusulas pasadas por alto. 

Habilitamos un acceso de cortesía para escanear 1 contrato completo sin tarjeta ni registro previo aquí: https://audiflowai.com

Quedo atento a tus comentarios si deseas probarlo."
149,"Adriana","Ramirez","London Accounting Partners","Contralor Financiero Corporativo (CPA)","https://www.linkedin.com/in/adriana-ramirez-controller-149","controller.adriana.ramirez149@guzmanpartners.cr","Hola Adriana, un gusto conectar. Veo tu liderazgo como Contralor Financiero Corporativo (CPA) en London Accounting Partners. En Audiflowai desarrollamos un motor de IA determinista para auditar contratos y detectar pasivos ocultos en 40s antes de firma o cierre contable. Saludos!","Estimado/a Adriana,

Un gusto saludarte. Te contacto porque en empresas del sector de London Accounting Partners, el mayor dolor que vemos en auditorías no son los números del balance, sino las contingencias ocultas en contratos con proveedores (penalizaciones no registradas, cláusulas de rescisión asimétricas y sobrecostos).

En Audiflowai (https://audiflowai.com) creamos una infraestructura que cruza contratos contra balances en 40 segundos con rigor forense (cero alucinaciones y 100% en memoria volátil sin guardar datos en disco).

¿Te gustaría que te enviemos un análisis de prueba sin costo sobre 1 contrato modelo para que lo evalúes con tu equipo?

Saludos cordiales,
Equipo Audiflowai
soporte@audiflowai.com","Hola Adriana, espero que estés teniendo una excelente semana.

Te comparto un dato rápido: el 68% de las contingencias en procesos de Due Diligence provienen de cláusulas pasadas por alto. 

Habilitamos un acceso de cortesía para escanear 1 contrato completo sin tarjeta ni registro previo aquí: https://audiflowai.com

Quedo atento a tus comentarios si deseas probarlo."
150,"Alexander","Smith","Contraloria Central SV","Senior Financial Controller & Accounting Head","https://www.linkedin.com/in/alexander-smith-controller-150","controller.alexander.smith150@alvaradoholdings.sv","Hola Alexander, un gusto conectar. Veo tu liderazgo como Senior Financial Controller & Accounting Head en Contraloria Central SV. En Audiflowai desarrollamos un motor de IA determinista para auditar contratos y detectar pasivos ocultos en 40s antes de firma o cierre contable. Saludos!","Estimado/a Alexander,

Un gusto saludarte. Te contacto porque en empresas del sector de Contraloria Central SV, el mayor dolor que vemos en auditorías no son los números del balance, sino las contingencias ocultas en contratos con proveedores (penalizaciones no registradas, cláusulas de rescisión asimétricas y sobrecostos).

En Audiflowai (https://audiflowai.com) creamos una infraestructura que cruza contratos contra balances en 40 segundos con rigor forense (cero alucinaciones y 100% en memoria volátil sin guardar datos en disco).

¿Te gustaría que te enviemos un análisis de prueba sin costo sobre 1 contrato modelo para que lo evalúes con tu equipo?

Saludos cordiales,
Equipo Audiflowai
soporte@audiflowai.com","Hola Alexander, espero que estés teniendo una excelente semana.

Te comparto un dato rápido: el 68% de las contingencias en procesos de Due Diligence provienen de cláusulas pasadas por alto. 

Habilitamos un acceso de cortesía para escanear 1 contrato completo sin tarjeta ni registro previo aquí: https://audiflowai.com

Quedo atento a tus comentarios si deseas probarlo."
151,"Roberto","Morales","Accounting & Tax Advisors MX","Contralor Financiero Corporativo (CPA)","https://www.linkedin.com/in/roberto-morales-controller-151","controller.roberto.morales151@vargasretail.co","Hola Roberto, un gusto conectar. Veo tu liderazgo como Contralor Financiero Corporativo (CPA) en Accounting & Tax Advisors MX. En Audiflowai desarrollamos un motor de IA determinista para auditar contratos y detectar pasivos ocultos en 40s antes de firma o cierre contable. Saludos!","Estimado/a Roberto,

Un gusto saludarte. Te contacto porque en empresas del sector de Accounting & Tax Advisors MX, el mayor dolor que vemos en auditorías no son los números del balance, sino las contingencias ocultas en contratos con proveedores (penalizaciones no registradas, cláusulas de rescisión asimétricas y sobrecostos).

En Audiflowai (https://audiflowai.com) creamos una infraestructura que cruza contratos contra balances en 40 segundos con rigor forense (cero alucinaciones y 100% en memoria volátil sin guardar datos en disco).

¿Te gustaría que te enviemos un análisis de prueba sin costo sobre 1 contrato modelo para que lo evalúes con tu equipo?

Saludos cordiales,
Equipo Audiflowai
soporte@audiflowai.com","Hola Roberto, espero que estés teniendo una excelente semana.

Te comparto un dato rápido: el 68% de las contingencias en procesos de Due Diligence provienen de cláusulas pasadas por alto. 

Habilitamos un acceso de cortesía para escanear 1 contrato completo sin tarjeta ni registro previo aquí: https://audiflowai.com

Quedo atento a tus comentarios si deseas probarlo."
152,"Oliver","Moore","Nordic Controllers AS","Senior Financial Controller & Accounting Head","https://www.linkedin.com/in/oliver-moore-controller-152","controller.oliver.moore152@delgadogroup.cl","Hola Oliver, un gusto conectar. Veo tu liderazgo como Senior Financial Controller & Accounting Head en Nordic Controllers AS. En Audiflowai desarrollamos un motor de IA determinista para auditar contratos y detectar pasivos ocultos en 40s antes de firma o cierre contable. Saludos!","Estimado/a Oliver,

Un gusto saludarte. Te contacto porque en empresas del sector de Nordic Controllers AS, el mayor dolor que vemos en auditorías no son los números del balance, sino las contingencias ocultas en contratos con proveedores (penalizaciones no registradas, cláusulas de rescisión asimétricas y sobrecostos).

En Audiflowai (https://audiflowai.com) creamos una infraestructura que cruza contratos contra balances en 40 segundos con rigor forense (cero alucinaciones y 100% en memoria volátil sin guardar datos en disco).

¿Te gustaría que te enviemos un análisis de prueba sin costo sobre 1 contrato modelo para que lo evalúes con tu equipo?

Saludos cordiales,
Equipo Audiflowai
soporte@audiflowai.com","Hola Oliver, espero que estés teniendo una excelente semana.

Te comparto un dato rápido: el 68% de las contingencias en procesos de Due Diligence provienen de cláusulas pasadas por alto. 

Habilitamos un acceso de cortesía para escanear 1 contrato completo sin tarjeta ni registro previo aquí: https://audiflowai.com

Quedo atento a tus comentarios si deseas probarlo."
153,"Mateo","Guzman","Capital Finance Group","Contralor Financiero Corporativo (CPA)","https://www.linkedin.com/in/mateo-guzman-controller-153","controller.mateo.guzman153@vertextrading.de","Hola Mateo, un gusto conectar. Veo tu liderazgo como Contralor Financiero Corporativo (CPA) en Capital Finance Group. En Audiflowai desarrollamos un motor de IA determinista para auditar contratos y detectar pasivos ocultos en 40s antes de firma o cierre contable. Saludos!","Estimado/a Mateo,

Un gusto saludarte. Te contacto porque en empresas del sector de Capital Finance Group, el mayor dolor que vemos en auditorías no son los números del balance, sino las contingencias ocultas en contratos con proveedores (penalizaciones no registradas, cláusulas de rescisión asimétricas y sobrecostos).

En Audiflowai (https://audiflowai.com) creamos una infraestructura que cruza contratos contra balances en 40 segundos con rigor forense (cero alucinaciones y 100% en memoria volátil sin guardar datos en disco).

¿Te gustaría que te enviemos un análisis de prueba sin costo sobre 1 contrato modelo para que lo evalúes con tu equipo?

Saludos cordiales,
Equipo Audiflowai
soporte@audiflowai.com","Hola Mateo, espero que estés teniendo una excelente semana.

Te comparto un dato rápido: el 68% de las contingencias en procesos de Due Diligence provienen de cláusulas pasadas por alto. 

Habilitamos un acceso de cortesía para escanear 1 contrato completo sin tarjeta ni registro previo aquí: https://audiflowai.com

Quedo atento a tus comentarios si deseas probarlo."
154,"Benjamin","Weber","London Accounting Partners","Senior Financial Controller & Accounting Head","https://www.linkedin.com/in/benjamin-weber-controller-154","controller.benjamin.weber154@guzmanpartners.cr","Hola Benjamin, un gusto conectar. Veo tu liderazgo como Senior Financial Controller & Accounting Head en London Accounting Partners. En Audiflowai desarrollamos un motor de IA determinista para auditar contratos y detectar pasivos ocultos en 40s antes de firma o cierre contable. Saludos!","Estimado/a Benjamin,

Un gusto saludarte. Te contacto porque en empresas del sector de London Accounting Partners, el mayor dolor que vemos en auditorías no son los números del balance, sino las contingencias ocultas en contratos con proveedores (penalizaciones no registradas, cláusulas de rescisión asimétricas y sobrecostos).

En Audiflowai (https://audiflowai.com) creamos una infraestructura que cruza contratos contra balances en 40 segundos con rigor forense (cero alucinaciones y 100% en memoria volátil sin guardar datos en disco).

¿Te gustaría que te enviemos un análisis de prueba sin costo sobre 1 contrato modelo para que lo evalúes con tu equipo?

Saludos cordiales,
Equipo Audiflowai
soporte@audiflowai.com","Hola Benjamin, espero que estés teniendo una excelente semana.

Te comparto un dato rápido: el 68% de las contingencias en procesos de Due Diligence provienen de cláusulas pasadas por alto. 

Habilitamos un acceso de cortesía para escanear 1 contrato completo sin tarjeta ni registro previo aquí: https://audiflowai.com

Quedo atento a tus comentarios si deseas probarlo."
155,"Diego","Ramirez","Contraloria Central SV","Contralor Financiero Corporativo (CPA)","https://www.linkedin.com/in/diego-ramirez-controller-155","controller.diego.ramirez155@alvaradoholdings.sv","Hola Diego, un gusto conectar. Veo tu liderazgo como Contralor Financiero Corporativo (CPA) en Contraloria Central SV. En Audiflowai desarrollamos un motor de IA determinista para auditar contratos y detectar pasivos ocultos en 40s antes de firma o cierre contable. Saludos!","Estimado/a Diego,

Un gusto saludarte. Te contacto porque en empresas del sector de Contraloria Central SV, el mayor dolor que vemos en auditorías no son los números del balance, sino las contingencias ocultas en contratos con proveedores (penalizaciones no registradas, cláusulas de rescisión asimétricas y sobrecostos).

En Audiflowai (https://audiflowai.com) creamos una infraestructura que cruza contratos contra balances en 40 segundos con rigor forense (cero alucinaciones y 100% en memoria volátil sin guardar datos en disco).

¿Te gustaría que te enviemos un análisis de prueba sin costo sobre 1 contrato modelo para que lo evalúes con tu equipo?

Saludos cordiales,
Equipo Audiflowai
soporte@audiflowai.com","Hola Diego, espero que estés teniendo una excelente semana.

Te comparto un dato rápido: el 68% de las contingencias en procesos de Due Diligence provienen de cláusulas pasadas por alto. 

Habilitamos un acceso de cortesía para escanear 1 contrato completo sin tarjeta ni registro previo aquí: https://audiflowai.com

Quedo atento a tus comentarios si deseas probarlo."
156,"Sebastian","Smith","Accounting & Tax Advisors MX","Senior Financial Controller & Accounting Head","https://www.linkedin.com/in/sebastian-smith-controller-156","controller.sebastian.smith156@vargasretail.co","Hola Sebastian, un gusto conectar. Veo tu liderazgo como Senior Financial Controller & Accounting Head en Accounting & Tax Advisors MX. En Audiflowai desarrollamos un motor de IA determinista para auditar contratos y detectar pasivos ocultos en 40s antes de firma o cierre contable. Saludos!","Estimado/a Sebastian,

Un gusto saludarte. Te contacto porque en empresas del sector de Accounting & Tax Advisors MX, el mayor dolor que vemos en auditorías no son los números del balance, sino las contingencias ocultas en contratos con proveedores (penalizaciones no registradas, cláusulas de rescisión asimétricas y sobrecostos).

En Audiflowai (https://audiflowai.com) creamos una infraestructura que cruza contratos contra balances en 40 segundos con rigor forense (cero alucinaciones y 100% en memoria volátil sin guardar datos en disco).

¿Te gustaría que te enviemos un análisis de prueba sin costo sobre 1 contrato modelo para que lo evalúes con tu equipo?

Saludos cordiales,
Equipo Audiflowai
soporte@audiflowai.com","Hola Sebastian, espero que estés teniendo una excelente semana.

Te comparto un dato rápido: el 68% de las contingencias en procesos de Due Diligence provienen de cláusulas pasadas por alto. 

Habilitamos un acceso de cortesía para escanear 1 contrato completo sin tarjeta ni registro previo aquí: https://audiflowai.com

Quedo atento a tus comentarios si deseas probarlo."
157,"Gabriel","Morales","Nordic Controllers AS","Contralor Financiero Corporativo (CPA)","https://www.linkedin.com/in/gabriel-morales-controller-157","controller.gabriel.morales157@delgadogroup.cl","Hola Gabriel, un gusto conectar. Veo tu liderazgo como Contralor Financiero Corporativo (CPA) en Nordic Controllers AS. En Audiflowai desarrollamos un motor de IA determinista para auditar contratos y detectar pasivos ocultos en 40s antes de firma o cierre contable. Saludos!","Estimado/a Gabriel,

Un gusto saludarte. Te contacto porque en empresas del sector de Nordic Controllers AS, el mayor dolor que vemos en auditorías no son los números del balance, sino las contingencias ocultas en contratos con proveedores (penalizaciones no registradas, cláusulas de rescisión asimétricas y sobrecostos).

En Audiflowai (https://audiflowai.com) creamos una infraestructura que cruza contratos contra balances en 40 segundos con rigor forense (cero alucinaciones y 100% en memoria volátil sin guardar datos en disco).

¿Te gustaría que te enviemos un análisis de prueba sin costo sobre 1 contrato modelo para que lo evalúes con tu equipo?

Saludos cordiales,
Equipo Audiflowai
soporte@audiflowai.com","Hola Gabriel, espero que estés teniendo una excelente semana.

Te comparto un dato rápido: el 68% de las contingencias en procesos de Due Diligence provienen de cláusulas pasadas por alto. 

Habilitamos un acceso de cortesía para escanear 1 contrato completo sin tarjeta ni registro previo aquí: https://audiflowai.com

Quedo atento a tus comentarios si deseas probarlo."
158,"Liam","Moore","Capital Finance Group","Senior Financial Controller & Accounting Head","https://www.linkedin.com/in/liam-moore-controller-158","controller.liam.moore158@vertextrading.de","Hola Liam, un gusto conectar. Veo tu liderazgo como Senior Financial Controller & Accounting Head en Capital Finance Group. En Audiflowai desarrollamos un motor de IA determinista para auditar contratos y detectar pasivos ocultos en 40s antes de firma o cierre contable. Saludos!","Estimado/a Liam,

Un gusto saludarte. Te contacto porque en empresas del sector de Capital Finance Group, el mayor dolor que vemos en auditorías no son los números del balance, sino las contingencias ocultas en contratos con proveedores (penalizaciones no registradas, cláusulas de rescisión asimétricas y sobrecostos).

En Audiflowai (https://audiflowai.com) creamos una infraestructura que cruza contratos contra balances en 40 segundos con rigor forense (cero alucinaciones y 100% en memoria volátil sin guardar datos en disco).

¿Te gustaría que te enviemos un análisis de prueba sin costo sobre 1 contrato modelo para que lo evalúes con tu equipo?

Saludos cordiales,
Equipo Audiflowai
soporte@audiflowai.com","Hola Liam, espero que estés teniendo una excelente semana.

Te comparto un dato rápido: el 68% de las contingencias en procesos de Due Diligence provienen de cláusulas pasadas por alto. 

Habilitamos un acceso de cortesía para escanear 1 contrato completo sin tarjeta ni registro previo aquí: https://audiflowai.com

Quedo atento a tus comentarios si deseas probarlo."
159,"Rodrigo","Guzman","London Accounting Partners","Contralor Financiero Corporativo (CPA)","https://www.linkedin.com/in/rodrigo-guzman-controller-159","controller.rodrigo.guzman159@guzmanpartners.cr","Hola Rodrigo, un gusto conectar. Veo tu liderazgo como Contralor Financiero Corporativo (CPA) en London Accounting Partners. En Audiflowai desarrollamos un motor de IA determinista para auditar contratos y detectar pasivos ocultos en 40s antes de firma o cierre contable. Saludos!","Estimado/a Rodrigo,

Un gusto saludarte. Te contacto porque en empresas del sector de London Accounting Partners, el mayor dolor que vemos en auditorías no son los números del balance, sino las contingencias ocultas en contratos con proveedores (penalizaciones no registradas, cláusulas de rescisión asimétricas y sobrecostos).

En Audiflowai (https://audiflowai.com) creamos una infraestructura que cruza contratos contra balances en 40 segundos con rigor forense (cero alucinaciones y 100% en memoria volátil sin guardar datos en disco).

¿Te gustaría que te enviemos un análisis de prueba sin costo sobre 1 contrato modelo para que lo evalúes con tu equipo?

Saludos cordiales,
Equipo Audiflowai
soporte@audiflowai.com","Hola Rodrigo, espero que estés teniendo una excelente semana.

Te comparto un dato rápido: el 68% de las contingencias en procesos de Due Diligence provienen de cláusulas pasadas por alto. 

Habilitamos un acceso de cortesía para escanear 1 contrato completo sin tarjeta ni registro previo aquí: https://audiflowai.com

Quedo atento a tus comentarios si deseas probarlo."
160,"Thomas","Weber","Contraloria Central SV","Senior Financial Controller & Accounting Head","https://www.linkedin.com/in/thomas-weber-controller-160","controller.thomas.weber160@alvaradoholdings.sv","Hola Thomas, un gusto conectar. Veo tu liderazgo como Senior Financial Controller & Accounting Head en Contraloria Central SV. En Audiflowai desarrollamos un motor de IA determinista para auditar contratos y detectar pasivos ocultos en 40s antes de firma o cierre contable. Saludos!","Estimado/a Thomas,

Un gusto saludarte. Te contacto porque en empresas del sector de Contraloria Central SV, el mayor dolor que vemos en auditorías no son los números del balance, sino las contingencias ocultas en contratos con proveedores (penalizaciones no registradas, cláusulas de rescisión asimétricas y sobrecostos).

En Audiflowai (https://audiflowai.com) creamos una infraestructura que cruza contratos contra balances en 40 segundos con rigor forense (cero alucinaciones y 100% en memoria volátil sin guardar datos en disco).

¿Te gustaría que te enviemos un análisis de prueba sin costo sobre 1 contrato modelo para que lo evalúes con tu equipo?

Saludos cordiales,
Equipo Audiflowai
soporte@audiflowai.com","Hola Thomas, espero que estés teniendo una excelente semana.

Te comparto un dato rápido: el 68% de las contingencias en procesos de Due Diligence provienen de cláusulas pasadas por alto. 

Habilitamos un acceso de cortesía para escanear 1 contrato completo sin tarjeta ni registro previo aquí: https://audiflowai.com

Quedo atento a tus comentarios si deseas probarlo."
161,"Esteban","Ramirez","Accounting & Tax Advisors MX","Contralor Financiero Corporativo (CPA)","https://www.linkedin.com/in/esteban-ramirez-controller-161","controller.esteban.ramirez161@vargasretail.co","Hola Esteban, un gusto conectar. Veo tu liderazgo como Contralor Financiero Corporativo (CPA) en Accounting & Tax Advisors MX. En Audiflowai desarrollamos un motor de IA determinista para auditar contratos y detectar pasivos ocultos en 40s antes de firma o cierre contable. Saludos!","Estimado/a Esteban,

Un gusto saludarte. Te contacto porque en empresas del sector de Accounting & Tax Advisors MX, el mayor dolor que vemos en auditorías no son los números del balance, sino las contingencias ocultas en contratos con proveedores (penalizaciones no registradas, cláusulas de rescisión asimétricas y sobrecostos).

En Audiflowai (https://audiflowai.com) creamos una infraestructura que cruza contratos contra balances en 40 segundos con rigor forense (cero alucinaciones y 100% en memoria volátil sin guardar datos en disco).

¿Te gustaría que te enviemos un análisis de prueba sin costo sobre 1 contrato modelo para que lo evalúes con tu equipo?

Saludos cordiales,
Equipo Audiflowai
soporte@audiflowai.com","Hola Esteban, espero que estés teniendo una excelente semana.

Te comparto un dato rápido: el 68% de las contingencias en procesos de Due Diligence provienen de cláusulas pasadas por alto. 

Habilitamos un acceso de cortesía para escanear 1 contrato completo sin tarjeta ni registro previo aquí: https://audiflowai.com

Quedo atento a tus comentarios si deseas probarlo."
162,"Astrid","Smith","Nordic Controllers AS","Senior Financial Controller & Accounting Head","https://www.linkedin.com/in/astrid-smith-controller-162","controller.astrid.smith162@delgadogroup.cl","Hola Astrid, un gusto conectar. Veo tu liderazgo como Senior Financial Controller & Accounting Head en Nordic Controllers AS. En Audiflowai desarrollamos un motor de IA determinista para auditar contratos y detectar pasivos ocultos en 40s antes de firma o cierre contable. Saludos!","Estimado/a Astrid,

Un gusto saludarte. Te contacto porque en empresas del sector de Nordic Controllers AS, el mayor dolor que vemos en auditorías no son los números del balance, sino las contingencias ocultas en contratos con proveedores (penalizaciones no registradas, cláusulas de rescisión asimétricas y sobrecostos).

En Audiflowai (https://audiflowai.com) creamos una infraestructura que cruza contratos contra balances en 40 segundos con rigor forense (cero alucinaciones y 100% en memoria volátil sin guardar datos en disco).

¿Te gustaría que te enviemos un análisis de prueba sin costo sobre 1 contrato modelo para que lo evalúes con tu equipo?

Saludos cordiales,
Equipo Audiflowai
soporte@audiflowai.com","Hola Astrid, espero que estés teniendo una excelente semana.

Te comparto un dato rápido: el 68% de las contingencias en procesos de Due Diligence provienen de cláusulas pasadas por alto. 

Habilitamos un acceso de cortesía para escanear 1 contrato completo sin tarjeta ni registro previo aquí: https://audiflowai.com

Quedo atento a tus comentarios si deseas probarlo."
163,"Lorena","Morales","Capital Finance Group","Contralor Financiero Corporativo (CPA)","https://www.linkedin.com/in/lorena-morales-controller-163","controller.lorena.morales163@vertextrading.de","Hola Lorena, un gusto conectar. Veo tu liderazgo como Contralor Financiero Corporativo (CPA) en Capital Finance Group. En Audiflowai desarrollamos un motor de IA determinista para auditar contratos y detectar pasivos ocultos en 40s antes de firma o cierre contable. Saludos!","Estimado/a Lorena,

Un gusto saludarte. Te contacto porque en empresas del sector de Capital Finance Group, el mayor dolor que vemos en auditorías no son los números del balance, sino las contingencias ocultas en contratos con proveedores (penalizaciones no registradas, cláusulas de rescisión asimétricas y sobrecostos).

En Audiflowai (https://audiflowai.com) creamos una infraestructura que cruza contratos contra balances en 40 segundos con rigor forense (cero alucinaciones y 100% en memoria volátil sin guardar datos en disco).

¿Te gustaría que te enviemos un análisis de prueba sin costo sobre 1 contrato modelo para que lo evalúes con tu equipo?

Saludos cordiales,
Equipo Audiflowai
soporte@audiflowai.com","Hola Lorena, espero que estés teniendo una excelente semana.

Te comparto un dato rápido: el 68% de las contingencias en procesos de Due Diligence provienen de cláusulas pasadas por alto. 

Habilitamos un acceso de cortesía para escanear 1 contrato completo sin tarjeta ni registro previo aquí: https://audiflowai.com

Quedo atento a tus comentarios si deseas probarlo."
164,"Hans","Moore","London Accounting Partners","Senior Financial Controller & Accounting Head","https://www.linkedin.com/in/hans-moore-controller-164","controller.hans.moore164@guzmanpartners.cr","Hola Hans, un gusto conectar. Veo tu liderazgo como Senior Financial Controller & Accounting Head en London Accounting Partners. En Audiflowai desarrollamos un motor de IA determinista para auditar contratos y detectar pasivos ocultos en 40s antes de firma o cierre contable. Saludos!","Estimado/a Hans,

Un gusto saludarte. Te contacto porque en empresas del sector de London Accounting Partners, el mayor dolor que vemos en auditorías no son los números del balance, sino las contingencias ocultas en contratos con proveedores (penalizaciones no registradas, cláusulas de rescisión asimétricas y sobrecostos).

En Audiflowai (https://audiflowai.com) creamos una infraestructura que cruza contratos contra balances en 40 segundos con rigor forense (cero alucinaciones y 100% en memoria volátil sin guardar datos en disco).

¿Te gustaría que te enviemos un análisis de prueba sin costo sobre 1 contrato modelo para que lo evalúes con tu equipo?

Saludos cordiales,
Equipo Audiflowai
soporte@audiflowai.com","Hola Hans, espero que estés teniendo una excelente semana.

Te comparto un dato rápido: el 68% de las contingencias en procesos de Due Diligence provienen de cláusulas pasadas por alto. 

Habilitamos un acceso de cortesía para escanear 1 contrato completo sin tarjeta ni registro previo aquí: https://audiflowai.com

Quedo atento a tus comentarios si deseas probarlo."
165,"Carlos","Guzman","Contraloria Central SV","Contralor Financiero Corporativo (CPA)","https://www.linkedin.com/in/carlos-guzman-controller-165","controller.carlos.guzman165@alvaradoholdings.sv","Hola Carlos, un gusto conectar. Veo tu liderazgo como Contralor Financiero Corporativo (CPA) en Contraloria Central SV. En Audiflowai desarrollamos un motor de IA determinista para auditar contratos y detectar pasivos ocultos en 40s antes de firma o cierre contable. Saludos!","Estimado/a Carlos,

Un gusto saludarte. Te contacto porque en empresas del sector de Contraloria Central SV, el mayor dolor que vemos en auditorías no son los números del balance, sino las contingencias ocultas en contratos con proveedores (penalizaciones no registradas, cláusulas de rescisión asimétricas y sobrecostos).

En Audiflowai (https://audiflowai.com) creamos una infraestructura que cruza contratos contra balances en 40 segundos con rigor forense (cero alucinaciones y 100% en memoria volátil sin guardar datos en disco).

¿Te gustaría que te enviemos un análisis de prueba sin costo sobre 1 contrato modelo para que lo evalúes con tu equipo?

Saludos cordiales,
Equipo Audiflowai
soporte@audiflowai.com","Hola Carlos, espero que estés teniendo una excelente semana.

Te comparto un dato rápido: el 68% de las contingencias en procesos de Due Diligence provienen de cláusulas pasadas por alto. 

Habilitamos un acceso de cortesía para escanear 1 contrato completo sin tarjeta ni registro previo aquí: https://audiflowai.com

Quedo atento a tus comentarios si deseas probarlo."
166,"William","Weber","Accounting & Tax Advisors MX","Senior Financial Controller & Accounting Head","https://www.linkedin.com/in/william-weber-controller-166","controller.william.weber166@vargasretail.co","Hola William, un gusto conectar. Veo tu liderazgo como Senior Financial Controller & Accounting Head en Accounting & Tax Advisors MX. En Audiflowai desarrollamos un motor de IA determinista para auditar contratos y detectar pasivos ocultos en 40s antes de firma o cierre contable. Saludos!","Estimado/a William,

Un gusto saludarte. Te contacto porque en empresas del sector de Accounting & Tax Advisors MX, el mayor dolor que vemos en auditorías no son los números del balance, sino las contingencias ocultas en contratos con proveedores (penalizaciones no registradas, cláusulas de rescisión asimétricas y sobrecostos).

En Audiflowai (https://audiflowai.com) creamos una infraestructura que cruza contratos contra balances en 40 segundos con rigor forense (cero alucinaciones y 100% en memoria volátil sin guardar datos en disco).

¿Te gustaría que te enviemos un análisis de prueba sin costo sobre 1 contrato modelo para que lo evalúes con tu equipo?

Saludos cordiales,
Equipo Audiflowai
soporte@audiflowai.com","Hola William, espero que estés teniendo una excelente semana.

Te comparto un dato rápido: el 68% de las contingencias en procesos de Due Diligence provienen de cláusulas pasadas por alto. 

Habilitamos un acceso de cortesía para escanear 1 contrato completo sin tarjeta ni registro previo aquí: https://audiflowai.com

Quedo atento a tus comentarios si deseas probarlo."
167,"Javier","Ramirez","Nordic Controllers AS","Contralor Financiero Corporativo (CPA)","https://www.linkedin.com/in/javier-ramirez-controller-167","controller.javier.ramirez167@delgadogroup.cl","Hola Javier, un gusto conectar. Veo tu liderazgo como Contralor Financiero Corporativo (CPA) en Nordic Controllers AS. En Audiflowai desarrollamos un motor de IA determinista para auditar contratos y detectar pasivos ocultos en 40s antes de firma o cierre contable. Saludos!","Estimado/a Javier,

Un gusto saludarte. Te contacto porque en empresas del sector de Nordic Controllers AS, el mayor dolor que vemos en auditorías no son los números del balance, sino las contingencias ocultas en contratos con proveedores (penalizaciones no registradas, cláusulas de rescisión asimétricas y sobrecostos).

En Audiflowai (https://audiflowai.com) creamos una infraestructura que cruza contratos contra balances en 40 segundos con rigor forense (cero alucinaciones y 100% en memoria volátil sin guardar datos en disco).

¿Te gustaría que te enviemos un análisis de prueba sin costo sobre 1 contrato modelo para que lo evalúes con tu equipo?

Saludos cordiales,
Equipo Audiflowai
soporte@audiflowai.com","Hola Javier, espero que estés teniendo una excelente semana.

Te comparto un dato rápido: el 68% de las contingencias en procesos de Due Diligence provienen de cláusulas pasadas por alto. 

Habilitamos un acceso de cortesía para escanear 1 contrato completo sin tarjeta ni registro previo aquí: https://audiflowai.com

Quedo atento a tus comentarios si deseas probarlo."
168,"Lucas","Smith","Capital Finance Group","Senior Financial Controller & Accounting Head","https://www.linkedin.com/in/lucas-smith-controller-168","controller.lucas.smith168@vertextrading.de","Hola Lucas, un gusto conectar. Veo tu liderazgo como Senior Financial Controller & Accounting Head en Capital Finance Group. En Audiflowai desarrollamos un motor de IA determinista para auditar contratos y detectar pasivos ocultos en 40s antes de firma o cierre contable. Saludos!","Estimado/a Lucas,

Un gusto saludarte. Te contacto porque en empresas del sector de Capital Finance Group, el mayor dolor que vemos en auditorías no son los números del balance, sino las contingencias ocultas en contratos con proveedores (penalizaciones no registradas, cláusulas de rescisión asimétricas y sobrecostos).

En Audiflowai (https://audiflowai.com) creamos una infraestructura que cruza contratos contra balances en 40 segundos con rigor forense (cero alucinaciones y 100% en memoria volátil sin guardar datos en disco).

¿Te gustaría que te enviemos un análisis de prueba sin costo sobre 1 contrato modelo para que lo evalúes con tu equipo?

Saludos cordiales,
Equipo Audiflowai
soporte@audiflowai.com","Hola Lucas, espero que estés teniendo una excelente semana.

Te comparto un dato rápido: el 68% de las contingencias en procesos de Due Diligence provienen de cláusulas pasadas por alto. 

Habilitamos un acceso de cortesía para escanear 1 contrato completo sin tarjeta ni registro previo aquí: https://audiflowai.com

Quedo atento a tus comentarios si deseas probarlo."
169,"Alejandro","Morales","London Accounting Partners","Contralor Financiero Corporativo (CPA)","https://www.linkedin.com/in/alejandro-morales-controller-169","controller.alejandro.morales169@guzmanpartners.cr","Hola Alejandro, un gusto conectar. Veo tu liderazgo como Contralor Financiero Corporativo (CPA) en London Accounting Partners. En Audiflowai desarrollamos un motor de IA determinista para auditar contratos y detectar pasivos ocultos en 40s antes de firma o cierre contable. Saludos!","Estimado/a Alejandro,

Un gusto saludarte. Te contacto porque en empresas del sector de London Accounting Partners, el mayor dolor que vemos en auditorías no son los números del balance, sino las contingencias ocultas en contratos con proveedores (penalizaciones no registradas, cláusulas de rescisión asimétricas y sobrecostos).

En Audiflowai (https://audiflowai.com) creamos una infraestructura que cruza contratos contra balances en 40 segundos con rigor forense (cero alucinaciones y 100% en memoria volátil sin guardar datos en disco).

¿Te gustaría que te enviemos un análisis de prueba sin costo sobre 1 contrato modelo para que lo evalúes con tu equipo?

Saludos cordiales,
Equipo Audiflowai
soporte@audiflowai.com","Hola Alejandro, espero que estés teniendo una excelente semana.

Te comparto un dato rápido: el 68% de las contingencias en procesos de Due Diligence provienen de cláusulas pasadas por alto. 

Habilitamos un acceso de cortesía para escanear 1 contrato completo sin tarjeta ni registro previo aquí: https://audiflowai.com

Quedo atento a tus comentarios si deseas probarlo."
170,"Henry","Moore","Contraloria Central SV","Senior Financial Controller & Accounting Head","https://www.linkedin.com/in/henry-moore-controller-170","controller.henry.moore170@alvaradoholdings.sv","Hola Henry, un gusto conectar. Veo tu liderazgo como Senior Financial Controller & Accounting Head en Contraloria Central SV. En Audiflowai desarrollamos un motor de IA determinista para auditar contratos y detectar pasivos ocultos en 40s antes de firma o cierre contable. Saludos!","Estimado/a Henry,

Un gusto saludarte. Te contacto porque en empresas del sector de Contraloria Central SV, el mayor dolor que vemos en auditorías no son los números del balance, sino las contingencias ocultas en contratos con proveedores (penalizaciones no registradas, cláusulas de rescisión asimétricas y sobrecostos).

En Audiflowai (https://audiflowai.com) creamos una infraestructura que cruza contratos contra balances en 40 segundos con rigor forense (cero alucinaciones y 100% en memoria volátil sin guardar datos en disco).

¿Te gustaría que te enviemos un análisis de prueba sin costo sobre 1 contrato modelo para que lo evalúes con tu equipo?

Saludos cordiales,
Equipo Audiflowai
soporte@audiflowai.com","Hola Henry, espero que estés teniendo una excelente semana.

Te comparto un dato rápido: el 68% de las contingencias en procesos de Due Diligence provienen de cláusulas pasadas por alto. 

Habilitamos un acceso de cortesía para escanear 1 contrato completo sin tarjeta ni registro previo aquí: https://audiflowai.com

Quedo atento a tus comentarios si deseas probarlo."
171,"Fernando","Guzman","Accounting & Tax Advisors MX","Contralor Financiero Corporativo (CPA)","https://www.linkedin.com/in/fernando-guzman-controller-171","controller.fernando.guzman171@vargasretail.co","Hola Fernando, un gusto conectar. Veo tu liderazgo como Contralor Financiero Corporativo (CPA) en Accounting & Tax Advisors MX. En Audiflowai desarrollamos un motor de IA determinista para auditar contratos y detectar pasivos ocultos en 40s antes de firma o cierre contable. Saludos!","Estimado/a Fernando,

Un gusto saludarte. Te contacto porque en empresas del sector de Accounting & Tax Advisors MX, el mayor dolor que vemos en auditorías no son los números del balance, sino las contingencias ocultas en contratos con proveedores (penalizaciones no registradas, cláusulas de rescisión asimétricas y sobrecostos).

En Audiflowai (https://audiflowai.com) creamos una infraestructura que cruza contratos contra balances en 40 segundos con rigor forense (cero alucinaciones y 100% en memoria volátil sin guardar datos en disco).

¿Te gustaría que te enviemos un análisis de prueba sin costo sobre 1 contrato modelo para que lo evalúes con tu equipo?

Saludos cordiales,
Equipo Audiflowai
soporte@audiflowai.com","Hola Fernando, espero que estés teniendo una excelente semana.

Te comparto un dato rápido: el 68% de las contingencias en procesos de Due Diligence provienen de cláusulas pasadas por alto. 

Habilitamos un acceso de cortesía para escanear 1 contrato completo sin tarjeta ni registro previo aquí: https://audiflowai.com

Quedo atento a tus comentarios si deseas probarlo."
172,"Arthur","Weber","Nordic Controllers AS","Senior Financial Controller & Accounting Head","https://www.linkedin.com/in/arthur-weber-controller-172","controller.arthur.weber172@delgadogroup.cl","Hola Arthur, un gusto conectar. Veo tu liderazgo como Senior Financial Controller & Accounting Head en Nordic Controllers AS. En Audiflowai desarrollamos un motor de IA determinista para auditar contratos y detectar pasivos ocultos en 40s antes de firma o cierre contable. Saludos!","Estimado/a Arthur,

Un gusto saludarte. Te contacto porque en empresas del sector de Nordic Controllers AS, el mayor dolor que vemos en auditorías no son los números del balance, sino las contingencias ocultas en contratos con proveedores (penalizaciones no registradas, cláusulas de rescisión asimétricas y sobrecostos).

En Audiflowai (https://audiflowai.com) creamos una infraestructura que cruza contratos contra balances en 40 segundos con rigor forense (cero alucinaciones y 100% en memoria volátil sin guardar datos en disco).

¿Te gustaría que te enviemos un análisis de prueba sin costo sobre 1 contrato modelo para que lo evalúes con tu equipo?

Saludos cordiales,
Equipo Audiflowai
soporte@audiflowai.com","Hola Arthur, espero que estés teniendo una excelente semana.

Te comparto un dato rápido: el 68% de las contingencias en procesos de Due Diligence provienen de cláusulas pasadas por alto. 

Habilitamos un acceso de cortesía para escanear 1 contrato completo sin tarjeta ni registro previo aquí: https://audiflowai.com

Quedo atento a tus comentarios si deseas probarlo."
173,"Andres","Ramirez","Capital Finance Group","Contralor Financiero Corporativo (CPA)","https://www.linkedin.com/in/andres-ramirez-controller-173","controller.andres.ramirez173@vertextrading.de","Hola Andres, un gusto conectar. Veo tu liderazgo como Contralor Financiero Corporativo (CPA) en Capital Finance Group. En Audiflowai desarrollamos un motor de IA determinista para auditar contratos y detectar pasivos ocultos en 40s antes de firma o cierre contable. Saludos!","Estimado/a Andres,

Un gusto saludarte. Te contacto porque en empresas del sector de Capital Finance Group, el mayor dolor que vemos en auditorías no son los números del balance, sino las contingencias ocultas en contratos con proveedores (penalizaciones no registradas, cláusulas de rescisión asimétricas y sobrecostos).

En Audiflowai (https://audiflowai.com) creamos una infraestructura que cruza contratos contra balances en 40 segundos con rigor forense (cero alucinaciones y 100% en memoria volátil sin guardar datos en disco).

¿Te gustaría que te enviemos un análisis de prueba sin costo sobre 1 contrato modelo para que lo evalúes con tu equipo?

Saludos cordiales,
Equipo Audiflowai
soporte@audiflowai.com","Hola Andres, espero que estés teniendo una excelente semana.

Te comparto un dato rápido: el 68% de las contingencias en procesos de Due Diligence provienen de cláusulas pasadas por alto. 

Habilitamos un acceso de cortesía para escanear 1 contrato completo sin tarjeta ni registro previo aquí: https://audiflowai.com

Quedo atento a tus comentarios si deseas probarlo."
174,"Noah","Smith","London Accounting Partners","Senior Financial Controller & Accounting Head","https://www.linkedin.com/in/noah-smith-controller-174","controller.noah.smith174@guzmanpartners.cr","Hola Noah, un gusto conectar. Veo tu liderazgo como Senior Financial Controller & Accounting Head en London Accounting Partners. En Audiflowai desarrollamos un motor de IA determinista para auditar contratos y detectar pasivos ocultos en 40s antes de firma o cierre contable. Saludos!","Estimado/a Noah,

Un gusto saludarte. Te contacto porque en empresas del sector de London Accounting Partners, el mayor dolor que vemos en auditorías no son los números del balance, sino las contingencias ocultas en contratos con proveedores (penalizaciones no registradas, cláusulas de rescisión asimétricas y sobrecostos).

En Audiflowai (https://audiflowai.com) creamos una infraestructura que cruza contratos contra balances en 40 segundos con rigor forense (cero alucinaciones y 100% en memoria volátil sin guardar datos en disco).

¿Te gustaría que te enviemos un análisis de prueba sin costo sobre 1 contrato modelo para que lo evalúes con tu equipo?

Saludos cordiales,
Equipo Audiflowai
soporte@audiflowai.com","Hola Noah, espero que estés teniendo una excelente semana.

Te comparto un dato rápido: el 68% de las contingencias en procesos de Due Diligence provienen de cláusulas pasadas por alto. 

Habilitamos un acceso de cortesía para escanear 1 contrato completo sin tarjeta ni registro previo aquí: https://audiflowai.com

Quedo atento a tus comentarios si deseas probarlo."
175,"Gonzalo","Morales","Contraloria Central SV","Contralor Financiero Corporativo (CPA)","https://www.linkedin.com/in/gonzalo-morales-controller-175","controller.gonzalo.morales175@alvaradoholdings.sv","Hola Gonzalo, un gusto conectar. Veo tu liderazgo como Contralor Financiero Corporativo (CPA) en Contraloria Central SV. En Audiflowai desarrollamos un motor de IA determinista para auditar contratos y detectar pasivos ocultos en 40s antes de firma o cierre contable. Saludos!","Estimado/a Gonzalo,

Un gusto saludarte. Te contacto porque en empresas del sector de Contraloria Central SV, el mayor dolor que vemos en auditorías no son los números del balance, sino las contingencias ocultas en contratos con proveedores (penalizaciones no registradas, cláusulas de rescisión asimétricas y sobrecostos).

En Audiflowai (https://audiflowai.com) creamos una infraestructura que cruza contratos contra balances en 40 segundos con rigor forense (cero alucinaciones y 100% en memoria volátil sin guardar datos en disco).

¿Te gustaría que te enviemos un análisis de prueba sin costo sobre 1 contrato modelo para que lo evalúes con tu equipo?

Saludos cordiales,
Equipo Audiflowai
soporte@audiflowai.com","Hola Gonzalo, espero que estés teniendo una excelente semana.

Te comparto un dato rápido: el 68% de las contingencias en procesos de Due Diligence provienen de cláusulas pasadas por alto. 

Habilitamos un acceso de cortesía para escanear 1 contrato completo sin tarjeta ni registro previo aquí: https://audiflowai.com

Quedo atento a tus comentarios si deseas probarlo."
176,"Stefan","Moore","Accounting & Tax Advisors MX","Senior Financial Controller & Accounting Head","https://www.linkedin.com/in/stefan-moore-controller-176","controller.stefan.moore176@vargasretail.co","Hola Stefan, un gusto conectar. Veo tu liderazgo como Senior Financial Controller & Accounting Head en Accounting & Tax Advisors MX. En Audiflowai desarrollamos un motor de IA determinista para auditar contratos y detectar pasivos ocultos en 40s antes de firma o cierre contable. Saludos!","Estimado/a Stefan,

Un gusto saludarte. Te contacto porque en empresas del sector de Accounting & Tax Advisors MX, el mayor dolor que vemos en auditorías no son los números del balance, sino las contingencias ocultas en contratos con proveedores (penalizaciones no registradas, cláusulas de rescisión asimétricas y sobrecostos).

En Audiflowai (https://audiflowai.com) creamos una infraestructura que cruza contratos contra balances en 40 segundos con rigor forense (cero alucinaciones y 100% en memoria volátil sin guardar datos en disco).

¿Te gustaría que te enviemos un análisis de prueba sin costo sobre 1 contrato modelo para que lo evalúes con tu equipo?

Saludos cordiales,
Equipo Audiflowai
soporte@audiflowai.com","Hola Stefan, espero que estés teniendo una excelente semana.

Te comparto un dato rápido: el 68% de las contingencias en procesos de Due Diligence provienen de cláusulas pasadas por alto. 

Habilitamos un acceso de cortesía para escanear 1 contrato completo sin tarjeta ni registro previo aquí: https://audiflowai.com

Quedo atento a tus comentarios si deseas probarlo."
177,"Catalina","Guzman","Nordic Controllers AS","Contralor Financiero Corporativo (CPA)","https://www.linkedin.com/in/catalina-guzman-controller-177","controller.catalina.guzman177@delgadogroup.cl","Hola Catalina, un gusto conectar. Veo tu liderazgo como Contralor Financiero Corporativo (CPA) en Nordic Controllers AS. En Audiflowai desarrollamos un motor de IA determinista para auditar contratos y detectar pasivos ocultos en 40s antes de firma o cierre contable. Saludos!","Estimado/a Catalina,

Un gusto saludarte. Te contacto porque en empresas del sector de Nordic Controllers AS, el mayor dolor que vemos en auditorías no son los números del balance, sino las contingencias ocultas en contratos con proveedores (penalizaciones no registradas, cláusulas de rescisión asimétricas y sobrecostos).

En Audiflowai (https://audiflowai.com) creamos una infraestructura que cruza contratos contra balances en 40 segundos con rigor forense (cero alucinaciones y 100% en memoria volátil sin guardar datos en disco).

¿Te gustaría que te enviemos un análisis de prueba sin costo sobre 1 contrato modelo para que lo evalúes con tu equipo?

Saludos cordiales,
Equipo Audiflowai
soporte@audiflowai.com","Hola Catalina, espero que estés teniendo una excelente semana.

Te comparto un dato rápido: el 68% de las contingencias en procesos de Due Diligence provienen de cláusulas pasadas por alto. 

Habilitamos un acceso de cortesía para escanear 1 contrato completo sin tarjeta ni registro previo aquí: https://audiflowai.com

Quedo atento a tus comentarios si deseas probarlo."
178,"Isabelle","Weber","Capital Finance Group","Senior Financial Controller & Accounting Head","https://www.linkedin.com/in/isabelle-weber-controller-178","controller.isabelle.weber178@vertextrading.de","Hola Isabelle, un gusto conectar. Veo tu liderazgo como Senior Financial Controller & Accounting Head en Capital Finance Group. En Audiflowai desarrollamos un motor de IA determinista para auditar contratos y detectar pasivos ocultos en 40s antes de firma o cierre contable. Saludos!","Estimado/a Isabelle,

Un gusto saludarte. Te contacto porque en empresas del sector de Capital Finance Group, el mayor dolor que vemos en auditorías no son los números del balance, sino las contingencias ocultas en contratos con proveedores (penalizaciones no registradas, cláusulas de rescisión asimétricas y sobrecostos).

En Audiflowai (https://audiflowai.com) creamos una infraestructura que cruza contratos contra balances en 40 segundos con rigor forense (cero alucinaciones y 100% en memoria volátil sin guardar datos en disco).

¿Te gustaría que te enviemos un análisis de prueba sin costo sobre 1 contrato modelo para que lo evalúes con tu equipo?

Saludos cordiales,
Equipo Audiflowai
soporte@audiflowai.com","Hola Isabelle, espero que estés teniendo una excelente semana.

Te comparto un dato rápido: el 68% de las contingencias en procesos de Due Diligence provienen de cláusulas pasadas por alto. 

Habilitamos un acceso de cortesía para escanear 1 contrato completo sin tarjeta ni registro previo aquí: https://audiflowai.com

Quedo atento a tus comentarios si deseas probarlo."
179,"Adriana","Ramirez","London Accounting Partners","Contralor Financiero Corporativo (CPA)","https://www.linkedin.com/in/adriana-ramirez-controller-179","controller.adriana.ramirez179@guzmanpartners.cr","Hola Adriana, un gusto conectar. Veo tu liderazgo como Contralor Financiero Corporativo (CPA) en London Accounting Partners. En Audiflowai desarrollamos un motor de IA determinista para auditar contratos y detectar pasivos ocultos en 40s antes de firma o cierre contable. Saludos!","Estimado/a Adriana,

Un gusto saludarte. Te contacto porque en empresas del sector de London Accounting Partners, el mayor dolor que vemos en auditorías no son los números del balance, sino las contingencias ocultas en contratos con proveedores (penalizaciones no registradas, cláusulas de rescisión asimétricas y sobrecostos).

En Audiflowai (https://audiflowai.com) creamos una infraestructura que cruza contratos contra balances en 40 segundos con rigor forense (cero alucinaciones y 100% en memoria volátil sin guardar datos en disco).

¿Te gustaría que te enviemos un análisis de prueba sin costo sobre 1 contrato modelo para que lo evalúes con tu equipo?

Saludos cordiales,
Equipo Audiflowai
soporte@audiflowai.com","Hola Adriana, espero que estés teniendo una excelente semana.

Te comparto un dato rápido: el 68% de las contingencias en procesos de Due Diligence provienen de cláusulas pasadas por alto. 

Habilitamos un acceso de cortesía para escanear 1 contrato completo sin tarjeta ni registro previo aquí: https://audiflowai.com

Quedo atento a tus comentarios si deseas probarlo."
180,"Alexander","Smith","Contraloria Central SV","Senior Financial Controller & Accounting Head","https://www.linkedin.com/in/alexander-smith-controller-180","controller.alexander.smith180@alvaradoholdings.sv","Hola Alexander, un gusto conectar. Veo tu liderazgo como Senior Financial Controller & Accounting Head en Contraloria Central SV. En Audiflowai desarrollamos un motor de IA determinista para auditar contratos y detectar pasivos ocultos en 40s antes de firma o cierre contable. Saludos!","Estimado/a Alexander,

Un gusto saludarte. Te contacto porque en empresas del sector de Contraloria Central SV, el mayor dolor que vemos en auditorías no son los números del balance, sino las contingencias ocultas en contratos con proveedores (penalizaciones no registradas, cláusulas de rescisión asimétricas y sobrecostos).

En Audiflowai (https://audiflowai.com) creamos una infraestructura que cruza contratos contra balances en 40 segundos con rigor forense (cero alucinaciones y 100% en memoria volátil sin guardar datos en disco).

¿Te gustaría que te enviemos un análisis de prueba sin costo sobre 1 contrato modelo para que lo evalúes con tu equipo?

Saludos cordiales,
Equipo Audiflowai
soporte@audiflowai.com","Hola Alexander, espero que estés teniendo una excelente semana.

Te comparto un dato rápido: el 68% de las contingencias en procesos de Due Diligence provienen de cláusulas pasadas por alto. 

Habilitamos un acceso de cortesía para escanear 1 contrato completo sin tarjeta ni registro previo aquí: https://audiflowai.com

Quedo atento a tus comentarios si deseas probarlo."
181,"Roberto","Morales","Accounting & Tax Advisors MX","Contralor Financiero Corporativo (CPA)","https://www.linkedin.com/in/roberto-morales-controller-181","controller.roberto.morales181@vargasretail.co","Hola Roberto, un gusto conectar. Veo tu liderazgo como Contralor Financiero Corporativo (CPA) en Accounting & Tax Advisors MX. En Audiflowai desarrollamos un motor de IA determinista para auditar contratos y detectar pasivos ocultos en 40s antes de firma o cierre contable. Saludos!","Estimado/a Roberto,

Un gusto saludarte. Te contacto porque en empresas del sector de Accounting & Tax Advisors MX, el mayor dolor que vemos en auditorías no son los números del balance, sino las contingencias ocultas en contratos con proveedores (penalizaciones no registradas, cláusulas de rescisión asimétricas y sobrecostos).

En Audiflowai (https://audiflowai.com) creamos una infraestructura que cruza contratos contra balances en 40 segundos con rigor forense (cero alucinaciones y 100% en memoria volátil sin guardar datos en disco).

¿Te gustaría que te enviemos un análisis de prueba sin costo sobre 1 contrato modelo para que lo evalúes con tu equipo?

Saludos cordiales,
Equipo Audiflowai
soporte@audiflowai.com","Hola Roberto, espero que estés teniendo una excelente semana.

Te comparto un dato rápido: el 68% de las contingencias en procesos de Due Diligence provienen de cláusulas pasadas por alto. 

Habilitamos un acceso de cortesía para escanear 1 contrato completo sin tarjeta ni registro previo aquí: https://audiflowai.com

Quedo atento a tus comentarios si deseas probarlo."
182,"Oliver","Moore","Nordic Controllers AS","Senior Financial Controller & Accounting Head","https://www.linkedin.com/in/oliver-moore-controller-182","controller.oliver.moore182@delgadogroup.cl","Hola Oliver, un gusto conectar. Veo tu liderazgo como Senior Financial Controller & Accounting Head en Nordic Controllers AS. En Audiflowai desarrollamos un motor de IA determinista para auditar contratos y detectar pasivos ocultos en 40s antes de firma o cierre contable. Saludos!","Estimado/a Oliver,

Un gusto saludarte. Te contacto porque en empresas del sector de Nordic Controllers AS, el mayor dolor que vemos en auditorías no son los números del balance, sino las contingencias ocultas en contratos con proveedores (penalizaciones no registradas, cláusulas de rescisión asimétricas y sobrecostos).

En Audiflowai (https://audiflowai.com) creamos una infraestructura que cruza contratos contra balances en 40 segundos con rigor forense (cero alucinaciones y 100% en memoria volátil sin guardar datos en disco).

¿Te gustaría que te enviemos un análisis de prueba sin costo sobre 1 contrato modelo para que lo evalúes con tu equipo?

Saludos cordiales,
Equipo Audiflowai
soporte@audiflowai.com","Hola Oliver, espero que estés teniendo una excelente semana.

Te comparto un dato rápido: el 68% de las contingencias en procesos de Due Diligence provienen de cláusulas pasadas por alto. 

Habilitamos un acceso de cortesía para escanear 1 contrato completo sin tarjeta ni registro previo aquí: https://audiflowai.com

Quedo atento a tus comentarios si deseas probarlo."
183,"Mateo","Guzman","Capital Finance Group","Contralor Financiero Corporativo (CPA)","https://www.linkedin.com/in/mateo-guzman-controller-183","controller.mateo.guzman183@vertextrading.de","Hola Mateo, un gusto conectar. Veo tu liderazgo como Contralor Financiero Corporativo (CPA) en Capital Finance Group. En Audiflowai desarrollamos un motor de IA determinista para auditar contratos y detectar pasivos ocultos en 40s antes de firma o cierre contable. Saludos!","Estimado/a Mateo,

Un gusto saludarte. Te contacto porque en empresas del sector de Capital Finance Group, el mayor dolor que vemos en auditorías no son los números del balance, sino las contingencias ocultas en contratos con proveedores (penalizaciones no registradas, cláusulas de rescisión asimétricas y sobrecostos).

En Audiflowai (https://audiflowai.com) creamos una infraestructura que cruza contratos contra balances en 40 segundos con rigor forense (cero alucinaciones y 100% en memoria volátil sin guardar datos en disco).

¿Te gustaría que te enviemos un análisis de prueba sin costo sobre 1 contrato modelo para que lo evalúes con tu equipo?

Saludos cordiales,
Equipo Audiflowai
soporte@audiflowai.com","Hola Mateo, espero que estés teniendo una excelente semana.

Te comparto un dato rápido: el 68% de las contingencias en procesos de Due Diligence provienen de cláusulas pasadas por alto. 

Habilitamos un acceso de cortesía para escanear 1 contrato completo sin tarjeta ni registro previo aquí: https://audiflowai.com

Quedo atento a tus comentarios si deseas probarlo."
184,"Benjamin","Weber","London Accounting Partners","Senior Financial Controller & Accounting Head","https://www.linkedin.com/in/benjamin-weber-controller-184","controller.benjamin.weber184@guzmanpartners.cr","Hola Benjamin, un gusto conectar. Veo tu liderazgo como Senior Financial Controller & Accounting Head en London Accounting Partners. En Audiflowai desarrollamos un motor de IA determinista para auditar contratos y detectar pasivos ocultos en 40s antes de firma o cierre contable. Saludos!","Estimado/a Benjamin,

Un gusto saludarte. Te contacto porque en empresas del sector de London Accounting Partners, el mayor dolor que vemos en auditorías no son los números del balance, sino las contingencias ocultas en contratos con proveedores (penalizaciones no registradas, cláusulas de rescisión asimétricas y sobrecostos).

En Audiflowai (https://audiflowai.com) creamos una infraestructura que cruza contratos contra balances en 40 segundos con rigor forense (cero alucinaciones y 100% en memoria volátil sin guardar datos en disco).

¿Te gustaría que te enviemos un análisis de prueba sin costo sobre 1 contrato modelo para que lo evalúes con tu equipo?

Saludos cordiales,
Equipo Audiflowai
soporte@audiflowai.com","Hola Benjamin, espero que estés teniendo una excelente semana.

Te comparto un dato rápido: el 68% de las contingencias en procesos de Due Diligence provienen de cláusulas pasadas por alto. 

Habilitamos un acceso de cortesía para escanear 1 contrato completo sin tarjeta ni registro previo aquí: https://audiflowai.com

Quedo atento a tus comentarios si deseas probarlo."
185,"Diego","Ramirez","Contraloria Central SV","Contralor Financiero Corporativo (CPA)","https://www.linkedin.com/in/diego-ramirez-controller-185","controller.diego.ramirez185@alvaradoholdings.sv","Hola Diego, un gusto conectar. Veo tu liderazgo como Contralor Financiero Corporativo (CPA) en Contraloria Central SV. En Audiflowai desarrollamos un motor de IA determinista para auditar contratos y detectar pasivos ocultos en 40s antes de firma o cierre contable. Saludos!","Estimado/a Diego,

Un gusto saludarte. Te contacto porque en empresas del sector de Contraloria Central SV, el mayor dolor que vemos en auditorías no son los números del balance, sino las contingencias ocultas en contratos con proveedores (penalizaciones no registradas, cláusulas de rescisión asimétricas y sobrecostos).

En Audiflowai (https://audiflowai.com) creamos una infraestructura que cruza contratos contra balances en 40 segundos con rigor forense (cero alucinaciones y 100% en memoria volátil sin guardar datos en disco).

¿Te gustaría que te enviemos un análisis de prueba sin costo sobre 1 contrato modelo para que lo evalúes con tu equipo?

Saludos cordiales,
Equipo Audiflowai
soporte@audiflowai.com","Hola Diego, espero que estés teniendo una excelente semana.

Te comparto un dato rápido: el 68% de las contingencias en procesos de Due Diligence provienen de cláusulas pasadas por alto. 

Habilitamos un acceso de cortesía para escanear 1 contrato completo sin tarjeta ni registro previo aquí: https://audiflowai.com

Quedo atento a tus comentarios si deseas probarlo."
186,"Sebastian","Smith","Accounting & Tax Advisors MX","Senior Financial Controller & Accounting Head","https://www.linkedin.com/in/sebastian-smith-controller-186","controller.sebastian.smith186@vargasretail.co","Hola Sebastian, un gusto conectar. Veo tu liderazgo como Senior Financial Controller & Accounting Head en Accounting & Tax Advisors MX. En Audiflowai desarrollamos un motor de IA determinista para auditar contratos y detectar pasivos ocultos en 40s antes de firma o cierre contable. Saludos!","Estimado/a Sebastian,

Un gusto saludarte. Te contacto porque en empresas del sector de Accounting & Tax Advisors MX, el mayor dolor que vemos en auditorías no son los números del balance, sino las contingencias ocultas en contratos con proveedores (penalizaciones no registradas, cláusulas de rescisión asimétricas y sobrecostos).

En Audiflowai (https://audiflowai.com) creamos una infraestructura que cruza contratos contra balances en 40 segundos con rigor forense (cero alucinaciones y 100% en memoria volátil sin guardar datos en disco).

¿Te gustaría que te enviemos un análisis de prueba sin costo sobre 1 contrato modelo para que lo evalúes con tu equipo?

Saludos cordiales,
Equipo Audiflowai
soporte@audiflowai.com","Hola Sebastian, espero que estés teniendo una excelente semana.

Te comparto un dato rápido: el 68% de las contingencias en procesos de Due Diligence provienen de cláusulas pasadas por alto. 

Habilitamos un acceso de cortesía para escanear 1 contrato completo sin tarjeta ni registro previo aquí: https://audiflowai.com

Quedo atento a tus comentarios si deseas probarlo."
187,"Gabriel","Morales","Nordic Controllers AS","Contralor Financiero Corporativo (CPA)","https://www.linkedin.com/in/gabriel-morales-controller-187","controller.gabriel.morales187@delgadogroup.cl","Hola Gabriel, un gusto conectar. Veo tu liderazgo como Contralor Financiero Corporativo (CPA) en Nordic Controllers AS. En Audiflowai desarrollamos un motor de IA determinista para auditar contratos y detectar pasivos ocultos en 40s antes de firma o cierre contable. Saludos!","Estimado/a Gabriel,

Un gusto saludarte. Te contacto porque en empresas del sector de Nordic Controllers AS, el mayor dolor que vemos en auditorías no son los números del balance, sino las contingencias ocultas en contratos con proveedores (penalizaciones no registradas, cláusulas de rescisión asimétricas y sobrecostos).

En Audiflowai (https://audiflowai.com) creamos una infraestructura que cruza contratos contra balances en 40 segundos con rigor forense (cero alucinaciones y 100% en memoria volátil sin guardar datos en disco).

¿Te gustaría que te enviemos un análisis de prueba sin costo sobre 1 contrato modelo para que lo evalúes con tu equipo?

Saludos cordiales,
Equipo Audiflowai
soporte@audiflowai.com","Hola Gabriel, espero que estés teniendo una excelente semana.

Te comparto un dato rápido: el 68% de las contingencias en procesos de Due Diligence provienen de cláusulas pasadas por alto. 

Habilitamos un acceso de cortesía para escanear 1 contrato completo sin tarjeta ni registro previo aquí: https://audiflowai.com

Quedo atento a tus comentarios si deseas probarlo."
188,"Liam","Moore","Capital Finance Group","Senior Financial Controller & Accounting Head","https://www.linkedin.com/in/liam-moore-controller-188","controller.liam.moore188@vertextrading.de","Hola Liam, un gusto conectar. Veo tu liderazgo como Senior Financial Controller & Accounting Head en Capital Finance Group. En Audiflowai desarrollamos un motor de IA determinista para auditar contratos y detectar pasivos ocultos en 40s antes de firma o cierre contable. Saludos!","Estimado/a Liam,

Un gusto saludarte. Te contacto porque en empresas del sector de Capital Finance Group, el mayor dolor que vemos en auditorías no son los números del balance, sino las contingencias ocultas en contratos con proveedores (penalizaciones no registradas, cláusulas de rescisión asimétricas y sobrecostos).

En Audiflowai (https://audiflowai.com) creamos una infraestructura que cruza contratos contra balances en 40 segundos con rigor forense (cero alucinaciones y 100% en memoria volátil sin guardar datos en disco).

¿Te gustaría que te enviemos un análisis de prueba sin costo sobre 1 contrato modelo para que lo evalúes con tu equipo?

Saludos cordiales,
Equipo Audiflowai
soporte@audiflowai.com","Hola Liam, espero que estés teniendo una excelente semana.

Te comparto un dato rápido: el 68% de las contingencias en procesos de Due Diligence provienen de cláusulas pasadas por alto. 

Habilitamos un acceso de cortesía para escanear 1 contrato completo sin tarjeta ni registro previo aquí: https://audiflowai.com

Quedo atento a tus comentarios si deseas probarlo."
189,"Rodrigo","Guzman","London Accounting Partners","Contralor Financiero Corporativo (CPA)","https://www.linkedin.com/in/rodrigo-guzman-controller-189","controller.rodrigo.guzman189@guzmanpartners.cr","Hola Rodrigo, un gusto conectar. Veo tu liderazgo como Contralor Financiero Corporativo (CPA) en London Accounting Partners. En Audiflowai desarrollamos un motor de IA determinista para auditar contratos y detectar pasivos ocultos en 40s antes de firma o cierre contable. Saludos!","Estimado/a Rodrigo,

Un gusto saludarte. Te contacto porque en empresas del sector de London Accounting Partners, el mayor dolor que vemos en auditorías no son los números del balance, sino las contingencias ocultas en contratos con proveedores (penalizaciones no registradas, cláusulas de rescisión asimétricas y sobrecostos).

En Audiflowai (https://audiflowai.com) creamos una infraestructura que cruza contratos contra balances en 40 segundos con rigor forense (cero alucinaciones y 100% en memoria volátil sin guardar datos en disco).

¿Te gustaría que te enviemos un análisis de prueba sin costo sobre 1 contrato modelo para que lo evalúes con tu equipo?

Saludos cordiales,
Equipo Audiflowai
soporte@audiflowai.com","Hola Rodrigo, espero que estés teniendo una excelente semana.

Te comparto un dato rápido: el 68% de las contingencias en procesos de Due Diligence provienen de cláusulas pasadas por alto. 

Habilitamos un acceso de cortesía para escanear 1 contrato completo sin tarjeta ni registro previo aquí: https://audiflowai.com

Quedo atento a tus comentarios si deseas probarlo."
190,"Thomas","Weber","Contraloria Central SV","Senior Financial Controller & Accounting Head","https://www.linkedin.com/in/thomas-weber-controller-190","controller.thomas.weber190@alvaradoholdings.sv","Hola Thomas, un gusto conectar. Veo tu liderazgo como Senior Financial Controller & Accounting Head en Contraloria Central SV. En Audiflowai desarrollamos un motor de IA determinista para auditar contratos y detectar pasivos ocultos en 40s antes de firma o cierre contable. Saludos!","Estimado/a Thomas,

Un gusto saludarte. Te contacto porque en empresas del sector de Contraloria Central SV, el mayor dolor que vemos en auditorías no son los números del balance, sino las contingencias ocultas en contratos con proveedores (penalizaciones no registradas, cláusulas de rescisión asimétricas y sobrecostos).

En Audiflowai (https://audiflowai.com) creamos una infraestructura que cruza contratos contra balances en 40 segundos con rigor forense (cero alucinaciones y 100% en memoria volátil sin guardar datos en disco).

¿Te gustaría que te enviemos un análisis de prueba sin costo sobre 1 contrato modelo para que lo evalúes con tu equipo?

Saludos cordiales,
Equipo Audiflowai
soporte@audiflowai.com","Hola Thomas, espero que estés teniendo una excelente semana.

Te comparto un dato rápido: el 68% de las contingencias en procesos de Due Diligence provienen de cláusulas pasadas por alto. 

Habilitamos un acceso de cortesía para escanear 1 contrato completo sin tarjeta ni registro previo aquí: https://audiflowai.com

Quedo atento a tus comentarios si deseas probarlo."
191,"Esteban","Ramirez","Accounting & Tax Advisors MX","Contralor Financiero Corporativo (CPA)","https://www.linkedin.com/in/esteban-ramirez-controller-191","controller.esteban.ramirez191@vargasretail.co","Hola Esteban, un gusto conectar. Veo tu liderazgo como Contralor Financiero Corporativo (CPA) en Accounting & Tax Advisors MX. En Audiflowai desarrollamos un motor de IA determinista para auditar contratos y detectar pasivos ocultos en 40s antes de firma o cierre contable. Saludos!","Estimado/a Esteban,

Un gusto saludarte. Te contacto porque en empresas del sector de Accounting & Tax Advisors MX, el mayor dolor que vemos en auditorías no son los números del balance, sino las contingencias ocultas en contratos con proveedores (penalizaciones no registradas, cláusulas de rescisión asimétricas y sobrecostos).

En Audiflowai (https://audiflowai.com) creamos una infraestructura que cruza contratos contra balances en 40 segundos con rigor forense (cero alucinaciones y 100% en memoria volátil sin guardar datos en disco).

¿Te gustaría que te enviemos un análisis de prueba sin costo sobre 1 contrato modelo para que lo evalúes con tu equipo?

Saludos cordiales,
Equipo Audiflowai
soporte@audiflowai.com","Hola Esteban, espero que estés teniendo una excelente semana.

Te comparto un dato rápido: el 68% de las contingencias en procesos de Due Diligence provienen de cláusulas pasadas por alto. 

Habilitamos un acceso de cortesía para escanear 1 contrato completo sin tarjeta ni registro previo aquí: https://audiflowai.com

Quedo atento a tus comentarios si deseas probarlo."
192,"Astrid","Smith","Nordic Controllers AS","Senior Financial Controller & Accounting Head","https://www.linkedin.com/in/astrid-smith-controller-192","controller.astrid.smith192@delgadogroup.cl","Hola Astrid, un gusto conectar. Veo tu liderazgo como Senior Financial Controller & Accounting Head en Nordic Controllers AS. En Audiflowai desarrollamos un motor de IA determinista para auditar contratos y detectar pasivos ocultos en 40s antes de firma o cierre contable. Saludos!","Estimado/a Astrid,

Un gusto saludarte. Te contacto porque en empresas del sector de Nordic Controllers AS, el mayor dolor que vemos en auditorías no son los números del balance, sino las contingencias ocultas en contratos con proveedores (penalizaciones no registradas, cláusulas de rescisión asimétricas y sobrecostos).

En Audiflowai (https://audiflowai.com) creamos una infraestructura que cruza contratos contra balances en 40 segundos con rigor forense (cero alucinaciones y 100% en memoria volátil sin guardar datos en disco).

¿Te gustaría que te enviemos un análisis de prueba sin costo sobre 1 contrato modelo para que lo evalúes con tu equipo?

Saludos cordiales,
Equipo Audiflowai
soporte@audiflowai.com","Hola Astrid, espero que estés teniendo una excelente semana.

Te comparto un dato rápido: el 68% de las contingencias en procesos de Due Diligence provienen de cláusulas pasadas por alto. 

Habilitamos un acceso de cortesía para escanear 1 contrato completo sin tarjeta ni registro previo aquí: https://audiflowai.com

Quedo atento a tus comentarios si deseas probarlo."
193,"Lorena","Morales","Capital Finance Group","Contralor Financiero Corporativo (CPA)","https://www.linkedin.com/in/lorena-morales-controller-193","controller.lorena.morales193@vertextrading.de","Hola Lorena, un gusto conectar. Veo tu liderazgo como Contralor Financiero Corporativo (CPA) en Capital Finance Group. En Audiflowai desarrollamos un motor de IA determinista para auditar contratos y detectar pasivos ocultos en 40s antes de firma o cierre contable. Saludos!","Estimado/a Lorena,

Un gusto saludarte. Te contacto porque en empresas del sector de Capital Finance Group, el mayor dolor que vemos en auditorías no son los números del balance, sino las contingencias ocultas en contratos con proveedores (penalizaciones no registradas, cláusulas de rescisión asimétricas y sobrecostos).

En Audiflowai (https://audiflowai.com) creamos una infraestructura que cruza contratos contra balances en 40 segundos con rigor forense (cero alucinaciones y 100% en memoria volátil sin guardar datos en disco).

¿Te gustaría que te enviemos un análisis de prueba sin costo sobre 1 contrato modelo para que lo evalúes con tu equipo?

Saludos cordiales,
Equipo Audiflowai
soporte@audiflowai.com","Hola Lorena, espero que estés teniendo una excelente semana.

Te comparto un dato rápido: el 68% de las contingencias en procesos de Due Diligence provienen de cláusulas pasadas por alto. 

Habilitamos un acceso de cortesía para escanear 1 contrato completo sin tarjeta ni registro previo aquí: https://audiflowai.com

Quedo atento a tus comentarios si deseas probarlo."
194,"Hans","Moore","London Accounting Partners","Senior Financial Controller & Accounting Head","https://www.linkedin.com/in/hans-moore-controller-194","controller.hans.moore194@guzmanpartners.cr","Hola Hans, un gusto conectar. Veo tu liderazgo como Senior Financial Controller & Accounting Head en London Accounting Partners. En Audiflowai desarrollamos un motor de IA determinista para auditar contratos y detectar pasivos ocultos en 40s antes de firma o cierre contable. Saludos!","Estimado/a Hans,

Un gusto saludarte. Te contacto porque en empresas del sector de London Accounting Partners, el mayor dolor que vemos en auditorías no son los números del balance, sino las contingencias ocultas en contratos con proveedores (penalizaciones no registradas, cláusulas de rescisión asimétricas y sobrecostos).

En Audiflowai (https://audiflowai.com) creamos una infraestructura que cruza contratos contra balances en 40 segundos con rigor forense (cero alucinaciones y 100% en memoria volátil sin guardar datos en disco).

¿Te gustaría que te enviemos un análisis de prueba sin costo sobre 1 contrato modelo para que lo evalúes con tu equipo?

Saludos cordiales,
Equipo Audiflowai
soporte@audiflowai.com","Hola Hans, espero que estés teniendo una excelente semana.

Te comparto un dato rápido: el 68% de las contingencias en procesos de Due Diligence provienen de cláusulas pasadas por alto. 

Habilitamos un acceso de cortesía para escanear 1 contrato completo sin tarjeta ni registro previo aquí: https://audiflowai.com

Quedo atento a tus comentarios si deseas probarlo."
195,"Carlos","Guzman","Contraloria Central SV","Contralor Financiero Corporativo (CPA)","https://www.linkedin.com/in/carlos-guzman-controller-195","controller.carlos.guzman195@alvaradoholdings.sv","Hola Carlos, un gusto conectar. Veo tu liderazgo como Contralor Financiero Corporativo (CPA) en Contraloria Central SV. En Audiflowai desarrollamos un motor de IA determinista para auditar contratos y detectar pasivos ocultos en 40s antes de firma o cierre contable. Saludos!","Estimado/a Carlos,

Un gusto saludarte. Te contacto porque en empresas del sector de Contraloria Central SV, el mayor dolor que vemos en auditorías no son los números del balance, sino las contingencias ocultas en contratos con proveedores (penalizaciones no registradas, cláusulas de rescisión asimétricas y sobrecostos).

En Audiflowai (https://audiflowai.com) creamos una infraestructura que cruza contratos contra balances en 40 segundos con rigor forense (cero alucinaciones y 100% en memoria volátil sin guardar datos en disco).

¿Te gustaría que te enviemos un análisis de prueba sin costo sobre 1 contrato modelo para que lo evalúes con tu equipo?

Saludos cordiales,
Equipo Audiflowai
soporte@audiflowai.com","Hola Carlos, espero que estés teniendo una excelente semana.

Te comparto un dato rápido: el 68% de las contingencias en procesos de Due Diligence provienen de cláusulas pasadas por alto. 

Habilitamos un acceso de cortesía para escanear 1 contrato completo sin tarjeta ni registro previo aquí: https://audiflowai.com

Quedo atento a tus comentarios si deseas probarlo."
196,"William","Weber","Accounting & Tax Advisors MX","Senior Financial Controller & Accounting Head","https://www.linkedin.com/in/william-weber-controller-196","controller.william.weber196@vargasretail.co","Hola William, un gusto conectar. Veo tu liderazgo como Senior Financial Controller & Accounting Head en Accounting & Tax Advisors MX. En Audiflowai desarrollamos un motor de IA determinista para auditar contratos y detectar pasivos ocultos en 40s antes de firma o cierre contable. Saludos!","Estimado/a William,

Un gusto saludarte. Te contacto porque en empresas del sector de Accounting & Tax Advisors MX, el mayor dolor que vemos en auditorías no son los números del balance, sino las contingencias ocultas en contratos con proveedores (penalizaciones no registradas, cláusulas de rescisión asimétricas y sobrecostos).

En Audiflowai (https://audiflowai.com) creamos una infraestructura que cruza contratos contra balances en 40 segundos con rigor forense (cero alucinaciones y 100% en memoria volátil sin guardar datos en disco).

¿Te gustaría que te enviemos un análisis de prueba sin costo sobre 1 contrato modelo para que lo evalúes con tu equipo?

Saludos cordiales,
Equipo Audiflowai
soporte@audiflowai.com","Hola William, espero que estés teniendo una excelente semana.

Te comparto un dato rápido: el 68% de las contingencias en procesos de Due Diligence provienen de cláusulas pasadas por alto. 

Habilitamos un acceso de cortesía para escanear 1 contrato completo sin tarjeta ni registro previo aquí: https://audiflowai.com

Quedo atento a tus comentarios si deseas probarlo."
197,"Javier","Ramirez","Nordic Controllers AS","Contralor Financiero Corporativo (CPA)","https://www.linkedin.com/in/javier-ramirez-controller-197","controller.javier.ramirez197@delgadogroup.cl","Hola Javier, un gusto conectar. Veo tu liderazgo como Contralor Financiero Corporativo (CPA) en Nordic Controllers AS. En Audiflowai desarrollamos un motor de IA determinista para auditar contratos y detectar pasivos ocultos en 40s antes de firma o cierre contable. Saludos!","Estimado/a Javier,

Un gusto saludarte. Te contacto porque en empresas del sector de Nordic Controllers AS, el mayor dolor que vemos en auditorías no son los números del balance, sino las contingencias ocultas en contratos con proveedores (penalizaciones no registradas, cláusulas de rescisión asimétricas y sobrecostos).

En Audiflowai (https://audiflowai.com) creamos una infraestructura que cruza contratos contra balances en 40 segundos con rigor forense (cero alucinaciones y 100% en memoria volátil sin guardar datos en disco).

¿Te gustaría que te enviemos un análisis de prueba sin costo sobre 1 contrato modelo para que lo evalúes con tu equipo?

Saludos cordiales,
Equipo Audiflowai
soporte@audiflowai.com","Hola Javier, espero que estés teniendo una excelente semana.

Te comparto un dato rápido: el 68% de las contingencias en procesos de Due Diligence provienen de cláusulas pasadas por alto. 

Habilitamos un acceso de cortesía para escanear 1 contrato completo sin tarjeta ni registro previo aquí: https://audiflowai.com

Quedo atento a tus comentarios si deseas probarlo."
198,"Lucas","Smith","Capital Finance Group","Senior Financial Controller & Accounting Head","https://www.linkedin.com/in/lucas-smith-controller-198","controller.lucas.smith198@vertextrading.de","Hola Lucas, un gusto conectar. Veo tu liderazgo como Senior Financial Controller & Accounting Head en Capital Finance Group. En Audiflowai desarrollamos un motor de IA determinista para auditar contratos y detectar pasivos ocultos en 40s antes de firma o cierre contable. Saludos!","Estimado/a Lucas,

Un gusto saludarte. Te contacto porque en empresas del sector de Capital Finance Group, el mayor dolor que vemos en auditorías no son los números del balance, sino las contingencias ocultas en contratos con proveedores (penalizaciones no registradas, cláusulas de rescisión asimétricas y sobrecostos).

En Audiflowai (https://audiflowai.com) creamos una infraestructura que cruza contratos contra balances en 40 segundos con rigor forense (cero alucinaciones y 100% en memoria volátil sin guardar datos en disco).

¿Te gustaría que te enviemos un análisis de prueba sin costo sobre 1 contrato modelo para que lo evalúes con tu equipo?

Saludos cordiales,
Equipo Audiflowai
soporte@audiflowai.com","Hola Lucas, espero que estés teniendo una excelente semana.

Te comparto un dato rápido: el 68% de las contingencias en procesos de Due Diligence provienen de cláusulas pasadas por alto. 

Habilitamos un acceso de cortesía para escanear 1 contrato completo sin tarjeta ni registro previo aquí: https://audiflowai.com

Quedo atento a tus comentarios si deseas probarlo."
199,"Alejandro","Morales","London Accounting Partners","Contralor Financiero Corporativo (CPA)","https://www.linkedin.com/in/alejandro-morales-controller-199","controller.alejandro.morales199@guzmanpartners.cr","Hola Alejandro, un gusto conectar. Veo tu liderazgo como Contralor Financiero Corporativo (CPA) en London Accounting Partners. En Audiflowai desarrollamos un motor de IA determinista para auditar contratos y detectar pasivos ocultos en 40s antes de firma o cierre contable. Saludos!","Estimado/a Alejandro,

Un gusto saludarte. Te contacto porque en empresas del sector de London Accounting Partners, el mayor dolor que vemos en auditorías no son los números del balance, sino las contingencias ocultas en contratos con proveedores (penalizaciones no registradas, cláusulas de rescisión asimétricas y sobrecostos).

En Audiflowai (https://audiflowai.com) creamos una infraestructura que cruza contratos contra balances en 40 segundos con rigor forense (cero alucinaciones y 100% en memoria volátil sin guardar datos en disco).

¿Te gustaría que te enviemos un análisis de prueba sin costo sobre 1 contrato modelo para que lo evalúes con tu equipo?

Saludos cordiales,
Equipo Audiflowai
soporte@audiflowai.com","Hola Alejandro, espero que estés teniendo una excelente semana.

Te comparto un dato rápido: el 68% de las contingencias en procesos de Due Diligence provienen de cláusulas pasadas por alto. 

Habilitamos un acceso de cortesía para escanear 1 contrato completo sin tarjeta ni registro previo aquí: https://audiflowai.com

Quedo atento a tus comentarios si deseas probarlo."
200,"Henry","Moore","Contraloria Central SV","Senior Financial Controller & Accounting Head","https://www.linkedin.com/in/henry-moore-controller-200","controller.henry.moore200@alvaradoholdings.sv","Hola Henry, un gusto conectar. Veo tu liderazgo como Senior Financial Controller & Accounting Head en Contraloria Central SV. En Audiflowai desarrollamos un motor de IA determinista para auditar contratos y detectar pasivos ocultos en 40s antes de firma o cierre contable. Saludos!","Estimado/a Henry,

Un gusto saludarte. Te contacto porque en empresas del sector de Contraloria Central SV, el mayor dolor que vemos en auditorías no son los números del balance, sino las contingencias ocultas en contratos con proveedores (penalizaciones no registradas, cláusulas de rescisión asimétricas y sobrecostos).

En Audiflowai (https://audiflowai.com) creamos una infraestructura que cruza contratos contra balances en 40 segundos con rigor forense (cero alucinaciones y 100% en memoria volátil sin guardar datos en disco).

¿Te gustaría que te enviemos un análisis de prueba sin costo sobre 1 contrato modelo para que lo evalúes con tu equipo?

Saludos cordiales,
Equipo Audiflowai
soporte@audiflowai.com","Hola Henry, espero que estés teniendo una excelente semana.

Te comparto un dato rápido: el 68% de las contingencias en procesos de Due Diligence provienen de cláusulas pasadas por alto. 

Habilitamos un acceso de cortesía para escanear 1 contrato completo sin tarjeta ni registro previo aquí: https://audiflowai.com

Quedo atento a tus comentarios si deseas probarlo."
201,"Fernando","Guzman","Accounting & Tax Advisors MX","Contralor Financiero Corporativo (CPA)","https://www.linkedin.com/in/fernando-guzman-controller-201","controller.fernando.guzman201@vargasretail.co","Hola Fernando, un gusto conectar. Veo tu liderazgo como Contralor Financiero Corporativo (CPA) en Accounting & Tax Advisors MX. En Audiflowai desarrollamos un motor de IA determinista para auditar contratos y detectar pasivos ocultos en 40s antes de firma o cierre contable. Saludos!","Estimado/a Fernando,

Un gusto saludarte. Te contacto porque en empresas del sector de Accounting & Tax Advisors MX, el mayor dolor que vemos en auditorías no son los números del balance, sino las contingencias ocultas en contratos con proveedores (penalizaciones no registradas, cláusulas de rescisión asimétricas y sobrecostos).

En Audiflowai (https://audiflowai.com) creamos una infraestructura que cruza contratos contra balances en 40 segundos con rigor forense (cero alucinaciones y 100% en memoria volátil sin guardar datos en disco).

¿Te gustaría que te enviemos un análisis de prueba sin costo sobre 1 contrato modelo para que lo evalúes con tu equipo?

Saludos cordiales,
Equipo Audiflowai
soporte@audiflowai.com","Hola Fernando, espero que estés teniendo una excelente semana.

Te comparto un dato rápido: el 68% de las contingencias en procesos de Due Diligence provienen de cláusulas pasadas por alto. 

Habilitamos un acceso de cortesía para escanear 1 contrato completo sin tarjeta ni registro previo aquí: https://audiflowai.com

Quedo atento a tus comentarios si deseas probarlo."
202,"Arthur","Weber","Nordic Controllers AS","Senior Financial Controller & Accounting Head","https://www.linkedin.com/in/arthur-weber-controller-202","controller.arthur.weber202@delgadogroup.cl","Hola Arthur, un gusto conectar. Veo tu liderazgo como Senior Financial Controller & Accounting Head en Nordic Controllers AS. En Audiflowai desarrollamos un motor de IA determinista para auditar contratos y detectar pasivos ocultos en 40s antes de firma o cierre contable. Saludos!","Estimado/a Arthur,

Un gusto saludarte. Te contacto porque en empresas del sector de Nordic Controllers AS, el mayor dolor que vemos en auditorías no son los números del balance, sino las contingencias ocultas en contratos con proveedores (penalizaciones no registradas, cláusulas de rescisión asimétricas y sobrecostos).

En Audiflowai (https://audiflowai.com) creamos una infraestructura que cruza contratos contra balances en 40 segundos con rigor forense (cero alucinaciones y 100% en memoria volátil sin guardar datos en disco).

¿Te gustaría que te enviemos un análisis de prueba sin costo sobre 1 contrato modelo para que lo evalúes con tu equipo?

Saludos cordiales,
Equipo Audiflowai
soporte@audiflowai.com","Hola Arthur, espero que estés teniendo una excelente semana.

Te comparto un dato rápido: el 68% de las contingencias en procesos de Due Diligence provienen de cláusulas pasadas por alto. 

Habilitamos un acceso de cortesía para escanear 1 contrato completo sin tarjeta ni registro previo aquí: https://audiflowai.com

Quedo atento a tus comentarios si deseas probarlo."
203,"Andres","Ramirez","Capital Finance Group","Contralor Financiero Corporativo (CPA)","https://www.linkedin.com/in/andres-ramirez-controller-203","controller.andres.ramirez203@vertextrading.de","Hola Andres, un gusto conectar. Veo tu liderazgo como Contralor Financiero Corporativo (CPA) en Capital Finance Group. En Audiflowai desarrollamos un motor de IA determinista para auditar contratos y detectar pasivos ocultos en 40s antes de firma o cierre contable. Saludos!","Estimado/a Andres,

Un gusto saludarte. Te contacto porque en empresas del sector de Capital Finance Group, el mayor dolor que vemos en auditorías no son los números del balance, sino las contingencias ocultas en contratos con proveedores (penalizaciones no registradas, cláusulas de rescisión asimétricas y sobrecostos).

En Audiflowai (https://audiflowai.com) creamos una infraestructura que cruza contratos contra balances en 40 segundos con rigor forense (cero alucinaciones y 100% en memoria volátil sin guardar datos en disco).

¿Te gustaría que te enviemos un análisis de prueba sin costo sobre 1 contrato modelo para que lo evalúes con tu equipo?

Saludos cordiales,
Equipo Audiflowai
soporte@audiflowai.com","Hola Andres, espero que estés teniendo una excelente semana.

Te comparto un dato rápido: el 68% de las contingencias en procesos de Due Diligence provienen de cláusulas pasadas por alto. 

Habilitamos un acceso de cortesía para escanear 1 contrato completo sin tarjeta ni registro previo aquí: https://audiflowai.com

Quedo atento a tus comentarios si deseas probarlo."
204,"Noah","Smith","London Accounting Partners","Senior Financial Controller & Accounting Head","https://www.linkedin.com/in/noah-smith-controller-204","controller.noah.smith204@guzmanpartners.cr","Hola Noah, un gusto conectar. Veo tu liderazgo como Senior Financial Controller & Accounting Head en London Accounting Partners. En Audiflowai desarrollamos un motor de IA determinista para auditar contratos y detectar pasivos ocultos en 40s antes de firma o cierre contable. Saludos!","Estimado/a Noah,

Un gusto saludarte. Te contacto porque en empresas del sector de London Accounting Partners, el mayor dolor que vemos en auditorías no son los números del balance, sino las contingencias ocultas en contratos con proveedores (penalizaciones no registradas, cláusulas de rescisión asimétricas y sobrecostos).

En Audiflowai (https://audiflowai.com) creamos una infraestructura que cruza contratos contra balances en 40 segundos con rigor forense (cero alucinaciones y 100% en memoria volátil sin guardar datos en disco).

¿Te gustaría que te enviemos un análisis de prueba sin costo sobre 1 contrato modelo para que lo evalúes con tu equipo?

Saludos cordiales,
Equipo Audiflowai
soporte@audiflowai.com","Hola Noah, espero que estés teniendo una excelente semana.

Te comparto un dato rápido: el 68% de las contingencias en procesos de Due Diligence provienen de cláusulas pasadas por alto. 

Habilitamos un acceso de cortesía para escanear 1 contrato completo sin tarjeta ni registro previo aquí: https://audiflowai.com

Quedo atento a tus comentarios si deseas probarlo."
205,"Gonzalo","Morales","Contraloria Central SV","Contralor Financiero Corporativo (CPA)","https://www.linkedin.com/in/gonzalo-morales-controller-205","controller.gonzalo.morales205@alvaradoholdings.sv","Hola Gonzalo, un gusto conectar. Veo tu liderazgo como Contralor Financiero Corporativo (CPA) en Contraloria Central SV. En Audiflowai desarrollamos un motor de IA determinista para auditar contratos y detectar pasivos ocultos en 40s antes de firma o cierre contable. Saludos!","Estimado/a Gonzalo,

Un gusto saludarte. Te contacto porque en empresas del sector de Contraloria Central SV, el mayor dolor que vemos en auditorías no son los números del balance, sino las contingencias ocultas en contratos con proveedores (penalizaciones no registradas, cláusulas de rescisión asimétricas y sobrecostos).

En Audiflowai (https://audiflowai.com) creamos una infraestructura que cruza contratos contra balances en 40 segundos con rigor forense (cero alucinaciones y 100% en memoria volátil sin guardar datos en disco).

¿Te gustaría que te enviemos un análisis de prueba sin costo sobre 1 contrato modelo para que lo evalúes con tu equipo?

Saludos cordiales,
Equipo Audiflowai
soporte@audiflowai.com","Hola Gonzalo, espero que estés teniendo una excelente semana.

Te comparto un dato rápido: el 68% de las contingencias en procesos de Due Diligence provienen de cláusulas pasadas por alto. 

Habilitamos un acceso de cortesía para escanear 1 contrato completo sin tarjeta ni registro previo aquí: https://audiflowai.com

Quedo atento a tus comentarios si deseas probarlo."
206,"Stefan","Moore","Accounting & Tax Advisors MX","Senior Financial Controller & Accounting Head","https://www.linkedin.com/in/stefan-moore-controller-206","controller.stefan.moore206@vargasretail.co","Hola Stefan, un gusto conectar. Veo tu liderazgo como Senior Financial Controller & Accounting Head en Accounting & Tax Advisors MX. En Audiflowai desarrollamos un motor de IA determinista para auditar contratos y detectar pasivos ocultos en 40s antes de firma o cierre contable. Saludos!","Estimado/a Stefan,

Un gusto saludarte. Te contacto porque en empresas del sector de Accounting & Tax Advisors MX, el mayor dolor que vemos en auditorías no son los números del balance, sino las contingencias ocultas en contratos con proveedores (penalizaciones no registradas, cláusulas de rescisión asimétricas y sobrecostos).

En Audiflowai (https://audiflowai.com) creamos una infraestructura que cruza contratos contra balances en 40 segundos con rigor forense (cero alucinaciones y 100% en memoria volátil sin guardar datos en disco).

¿Te gustaría que te enviemos un análisis de prueba sin costo sobre 1 contrato modelo para que lo evalúes con tu equipo?

Saludos cordiales,
Equipo Audiflowai
soporte@audiflowai.com","Hola Stefan, espero que estés teniendo una excelente semana.

Te comparto un dato rápido: el 68% de las contingencias en procesos de Due Diligence provienen de cláusulas pasadas por alto. 

Habilitamos un acceso de cortesía para escanear 1 contrato completo sin tarjeta ni registro previo aquí: https://audiflowai.com

Quedo atento a tus comentarios si deseas probarlo."
207,"Catalina","Guzman","Nordic Controllers AS","Contralor Financiero Corporativo (CPA)","https://www.linkedin.com/in/catalina-guzman-controller-207","controller.catalina.guzman207@delgadogroup.cl","Hola Catalina, un gusto conectar. Veo tu liderazgo como Contralor Financiero Corporativo (CPA) en Nordic Controllers AS. En Audiflowai desarrollamos un motor de IA determinista para auditar contratos y detectar pasivos ocultos en 40s antes de firma o cierre contable. Saludos!","Estimado/a Catalina,

Un gusto saludarte. Te contacto porque en empresas del sector de Nordic Controllers AS, el mayor dolor que vemos en auditorías no son los números del balance, sino las contingencias ocultas en contratos con proveedores (penalizaciones no registradas, cláusulas de rescisión asimétricas y sobrecostos).

En Audiflowai (https://audiflowai.com) creamos una infraestructura que cruza contratos contra balances en 40 segundos con rigor forense (cero alucinaciones y 100% en memoria volátil sin guardar datos en disco).

¿Te gustaría que te enviemos un análisis de prueba sin costo sobre 1 contrato modelo para que lo evalúes con tu equipo?

Saludos cordiales,
Equipo Audiflowai
soporte@audiflowai.com","Hola Catalina, espero que estés teniendo una excelente semana.

Te comparto un dato rápido: el 68% de las contingencias en procesos de Due Diligence provienen de cláusulas pasadas por alto. 

Habilitamos un acceso de cortesía para escanear 1 contrato completo sin tarjeta ni registro previo aquí: https://audiflowai.com

Quedo atento a tus comentarios si deseas probarlo."
208,"Isabelle","Weber","Capital Finance Group","Senior Financial Controller & Accounting Head","https://www.linkedin.com/in/isabelle-weber-controller-208","controller.isabelle.weber208@vertextrading.de","Hola Isabelle, un gusto conectar. Veo tu liderazgo como Senior Financial Controller & Accounting Head en Capital Finance Group. En Audiflowai desarrollamos un motor de IA determinista para auditar contratos y detectar pasivos ocultos en 40s antes de firma o cierre contable. Saludos!","Estimado/a Isabelle,

Un gusto saludarte. Te contacto porque en empresas del sector de Capital Finance Group, el mayor dolor que vemos en auditorías no son los números del balance, sino las contingencias ocultas en contratos con proveedores (penalizaciones no registradas, cláusulas de rescisión asimétricas y sobrecostos).

En Audiflowai (https://audiflowai.com) creamos una infraestructura que cruza contratos contra balances en 40 segundos con rigor forense (cero alucinaciones y 100% en memoria volátil sin guardar datos en disco).

¿Te gustaría que te enviemos un análisis de prueba sin costo sobre 1 contrato modelo para que lo evalúes con tu equipo?

Saludos cordiales,
Equipo Audiflowai
soporte@audiflowai.com","Hola Isabelle, espero que estés teniendo una excelente semana.

Te comparto un dato rápido: el 68% de las contingencias en procesos de Due Diligence provienen de cláusulas pasadas por alto. 

Habilitamos un acceso de cortesía para escanear 1 contrato completo sin tarjeta ni registro previo aquí: https://audiflowai.com

Quedo atento a tus comentarios si deseas probarlo."
209,"Adriana","Ramirez","London Accounting Partners","Contralor Financiero Corporativo (CPA)","https://www.linkedin.com/in/adriana-ramirez-controller-209","controller.adriana.ramirez209@guzmanpartners.cr","Hola Adriana, un gusto conectar. Veo tu liderazgo como Contralor Financiero Corporativo (CPA) en London Accounting Partners. En Audiflowai desarrollamos un motor de IA determinista para auditar contratos y detectar pasivos ocultos en 40s antes de firma o cierre contable. Saludos!","Estimado/a Adriana,

Un gusto saludarte. Te contacto porque en empresas del sector de London Accounting Partners, el mayor dolor que vemos en auditorías no son los números del balance, sino las contingencias ocultas en contratos con proveedores (penalizaciones no registradas, cláusulas de rescisión asimétricas y sobrecostos).

En Audiflowai (https://audiflowai.com) creamos una infraestructura que cruza contratos contra balances en 40 segundos con rigor forense (cero alucinaciones y 100% en memoria volátil sin guardar datos en disco).

¿Te gustaría que te enviemos un análisis de prueba sin costo sobre 1 contrato modelo para que lo evalúes con tu equipo?

Saludos cordiales,
Equipo Audiflowai
soporte@audiflowai.com","Hola Adriana, espero que estés teniendo una excelente semana.

Te comparto un dato rápido: el 68% de las contingencias en procesos de Due Diligence provienen de cláusulas pasadas por alto. 

Habilitamos un acceso de cortesía para escanear 1 contrato completo sin tarjeta ni registro previo aquí: https://audiflowai.com

Quedo atento a tus comentarios si deseas probarlo."
210,"Alexander","Smith","Contraloria Central SV","Senior Financial Controller & Accounting Head","https://www.linkedin.com/in/alexander-smith-controller-210","controller.alexander.smith210@alvaradoholdings.sv","Hola Alexander, un gusto conectar. Veo tu liderazgo como Senior Financial Controller & Accounting Head en Contraloria Central SV. En Audiflowai desarrollamos un motor de IA determinista para auditar contratos y detectar pasivos ocultos en 40s antes de firma o cierre contable. Saludos!","Estimado/a Alexander,

Un gusto saludarte. Te contacto porque en empresas del sector de Contraloria Central SV, el mayor dolor que vemos en auditorías no son los números del balance, sino las contingencias ocultas en contratos con proveedores (penalizaciones no registradas, cláusulas de rescisión asimétricas y sobrecostos).

En Audiflowai (https://audiflowai.com) creamos una infraestructura que cruza contratos contra balances en 40 segundos con rigor forense (cero alucinaciones y 100% en memoria volátil sin guardar datos en disco).

¿Te gustaría que te enviemos un análisis de prueba sin costo sobre 1 contrato modelo para que lo evalúes con tu equipo?

Saludos cordiales,
Equipo Audiflowai
soporte@audiflowai.com","Hola Alexander, espero que estés teniendo una excelente semana.

Te comparto un dato rápido: el 68% de las contingencias en procesos de Due Diligence provienen de cláusulas pasadas por alto. 

Habilitamos un acceso de cortesía para escanear 1 contrato completo sin tarjeta ni registro previo aquí: https://audiflowai.com

Quedo atento a tus comentarios si deseas probarlo."
211,"Roberto","Morales","Accounting & Tax Advisors MX","Contralor Financiero Corporativo (CPA)","https://www.linkedin.com/in/roberto-morales-controller-211","controller.roberto.morales211@vargasretail.co","Hola Roberto, un gusto conectar. Veo tu liderazgo como Contralor Financiero Corporativo (CPA) en Accounting & Tax Advisors MX. En Audiflowai desarrollamos un motor de IA determinista para auditar contratos y detectar pasivos ocultos en 40s antes de firma o cierre contable. Saludos!","Estimado/a Roberto,

Un gusto saludarte. Te contacto porque en empresas del sector de Accounting & Tax Advisors MX, el mayor dolor que vemos en auditorías no son los números del balance, sino las contingencias ocultas en contratos con proveedores (penalizaciones no registradas, cláusulas de rescisión asimétricas y sobrecostos).

En Audiflowai (https://audiflowai.com) creamos una infraestructura que cruza contratos contra balances en 40 segundos con rigor forense (cero alucinaciones y 100% en memoria volátil sin guardar datos en disco).

¿Te gustaría que te enviemos un análisis de prueba sin costo sobre 1 contrato modelo para que lo evalúes con tu equipo?

Saludos cordiales,
Equipo Audiflowai
soporte@audiflowai.com","Hola Roberto, espero que estés teniendo una excelente semana.

Te comparto un dato rápido: el 68% de las contingencias en procesos de Due Diligence provienen de cláusulas pasadas por alto. 

Habilitamos un acceso de cortesía para escanear 1 contrato completo sin tarjeta ni registro previo aquí: https://audiflowai.com

Quedo atento a tus comentarios si deseas probarlo."
212,"Oliver","Moore","Nordic Controllers AS","Senior Financial Controller & Accounting Head","https://www.linkedin.com/in/oliver-moore-controller-212","controller.oliver.moore212@delgadogroup.cl","Hola Oliver, un gusto conectar. Veo tu liderazgo como Senior Financial Controller & Accounting Head en Nordic Controllers AS. En Audiflowai desarrollamos un motor de IA determinista para auditar contratos y detectar pasivos ocultos en 40s antes de firma o cierre contable. Saludos!","Estimado/a Oliver,

Un gusto saludarte. Te contacto porque en empresas del sector de Nordic Controllers AS, el mayor dolor que vemos en auditorías no son los números del balance, sino las contingencias ocultas en contratos con proveedores (penalizaciones no registradas, cláusulas de rescisión asimétricas y sobrecostos).

En Audiflowai (https://audiflowai.com) creamos una infraestructura que cruza contratos contra balances en 40 segundos con rigor forense (cero alucinaciones y 100% en memoria volátil sin guardar datos en disco).

¿Te gustaría que te enviemos un análisis de prueba sin costo sobre 1 contrato modelo para que lo evalúes con tu equipo?

Saludos cordiales,
Equipo Audiflowai
soporte@audiflowai.com","Hola Oliver, espero que estés teniendo una excelente semana.

Te comparto un dato rápido: el 68% de las contingencias en procesos de Due Diligence provienen de cláusulas pasadas por alto. 

Habilitamos un acceso de cortesía para escanear 1 contrato completo sin tarjeta ni registro previo aquí: https://audiflowai.com

Quedo atento a tus comentarios si deseas probarlo."
213,"Mateo","Guzman","Capital Finance Group","Contralor Financiero Corporativo (CPA)","https://www.linkedin.com/in/mateo-guzman-controller-213","controller.mateo.guzman213@vertextrading.de","Hola Mateo, un gusto conectar. Veo tu liderazgo como Contralor Financiero Corporativo (CPA) en Capital Finance Group. En Audiflowai desarrollamos un motor de IA determinista para auditar contratos y detectar pasivos ocultos en 40s antes de firma o cierre contable. Saludos!","Estimado/a Mateo,

Un gusto saludarte. Te contacto porque en empresas del sector de Capital Finance Group, el mayor dolor que vemos en auditorías no son los números del balance, sino las contingencias ocultas en contratos con proveedores (penalizaciones no registradas, cláusulas de rescisión asimétricas y sobrecostos).

En Audiflowai (https://audiflowai.com) creamos una infraestructura que cruza contratos contra balances en 40 segundos con rigor forense (cero alucinaciones y 100% en memoria volátil sin guardar datos en disco).

¿Te gustaría que te enviemos un análisis de prueba sin costo sobre 1 contrato modelo para que lo evalúes con tu equipo?

Saludos cordiales,
Equipo Audiflowai
soporte@audiflowai.com","Hola Mateo, espero que estés teniendo una excelente semana.

Te comparto un dato rápido: el 68% de las contingencias en procesos de Due Diligence provienen de cláusulas pasadas por alto. 

Habilitamos un acceso de cortesía para escanear 1 contrato completo sin tarjeta ni registro previo aquí: https://audiflowai.com

Quedo atento a tus comentarios si deseas probarlo."
214,"Benjamin","Weber","London Accounting Partners","Senior Financial Controller & Accounting Head","https://www.linkedin.com/in/benjamin-weber-controller-214","controller.benjamin.weber214@guzmanpartners.cr","Hola Benjamin, un gusto conectar. Veo tu liderazgo como Senior Financial Controller & Accounting Head en London Accounting Partners. En Audiflowai desarrollamos un motor de IA determinista para auditar contratos y detectar pasivos ocultos en 40s antes de firma o cierre contable. Saludos!","Estimado/a Benjamin,

Un gusto saludarte. Te contacto porque en empresas del sector de London Accounting Partners, el mayor dolor que vemos en auditorías no son los números del balance, sino las contingencias ocultas en contratos con proveedores (penalizaciones no registradas, cláusulas de rescisión asimétricas y sobrecostos).

En Audiflowai (https://audiflowai.com) creamos una infraestructura que cruza contratos contra balances en 40 segundos con rigor forense (cero alucinaciones y 100% en memoria volátil sin guardar datos en disco).

¿Te gustaría que te enviemos un análisis de prueba sin costo sobre 1 contrato modelo para que lo evalúes con tu equipo?

Saludos cordiales,
Equipo Audiflowai
soporte@audiflowai.com","Hola Benjamin, espero que estés teniendo una excelente semana.

Te comparto un dato rápido: el 68% de las contingencias en procesos de Due Diligence provienen de cláusulas pasadas por alto. 

Habilitamos un acceso de cortesía para escanear 1 contrato completo sin tarjeta ni registro previo aquí: https://audiflowai.com

Quedo atento a tus comentarios si deseas probarlo."
215,"Diego","Ramirez","Contraloria Central SV","Contralor Financiero Corporativo (CPA)","https://www.linkedin.com/in/diego-ramirez-controller-215","controller.diego.ramirez215@alvaradoholdings.sv","Hola Diego, un gusto conectar. Veo tu liderazgo como Contralor Financiero Corporativo (CPA) en Contraloria Central SV. En Audiflowai desarrollamos un motor de IA determinista para auditar contratos y detectar pasivos ocultos en 40s antes de firma o cierre contable. Saludos!","Estimado/a Diego,

Un gusto saludarte. Te contacto porque en empresas del sector de Contraloria Central SV, el mayor dolor que vemos en auditorías no son los números del balance, sino las contingencias ocultas en contratos con proveedores (penalizaciones no registradas, cláusulas de rescisión asimétricas y sobrecostos).

En Audiflowai (https://audiflowai.com) creamos una infraestructura que cruza contratos contra balances en 40 segundos con rigor forense (cero alucinaciones y 100% en memoria volátil sin guardar datos en disco).

¿Te gustaría que te enviemos un análisis de prueba sin costo sobre 1 contrato modelo para que lo evalúes con tu equipo?

Saludos cordiales,
Equipo Audiflowai
soporte@audiflowai.com","Hola Diego, espero que estés teniendo una excelente semana.

Te comparto un dato rápido: el 68% de las contingencias en procesos de Due Diligence provienen de cláusulas pasadas por alto. 

Habilitamos un acceso de cortesía para escanear 1 contrato completo sin tarjeta ni registro previo aquí: https://audiflowai.com

Quedo atento a tus comentarios si deseas probarlo."
216,"Sebastian","Smith","Accounting & Tax Advisors MX","Senior Financial Controller & Accounting Head","https://www.linkedin.com/in/sebastian-smith-controller-216","controller.sebastian.smith216@vargasretail.co","Hola Sebastian, un gusto conectar. Veo tu liderazgo como Senior Financial Controller & Accounting Head en Accounting & Tax Advisors MX. En Audiflowai desarrollamos un motor de IA determinista para auditar contratos y detectar pasivos ocultos en 40s antes de firma o cierre contable. Saludos!","Estimado/a Sebastian,

Un gusto saludarte. Te contacto porque en empresas del sector de Accounting & Tax Advisors MX, el mayor dolor que vemos en auditorías no son los números del balance, sino las contingencias ocultas en contratos con proveedores (penalizaciones no registradas, cláusulas de rescisión asimétricas y sobrecostos).

En Audiflowai (https://audiflowai.com) creamos una infraestructura que cruza contratos contra balances en 40 segundos con rigor forense (cero alucinaciones y 100% en memoria volátil sin guardar datos en disco).

¿Te gustaría que te enviemos un análisis de prueba sin costo sobre 1 contrato modelo para que lo evalúes con tu equipo?

Saludos cordiales,
Equipo Audiflowai
soporte@audiflowai.com","Hola Sebastian, espero que estés teniendo una excelente semana.

Te comparto un dato rápido: el 68% de las contingencias en procesos de Due Diligence provienen de cláusulas pasadas por alto. 

Habilitamos un acceso de cortesía para escanear 1 contrato completo sin tarjeta ni registro previo aquí: https://audiflowai.com

Quedo atento a tus comentarios si deseas probarlo."
217,"Gabriel","Morales","Nordic Controllers AS","Contralor Financiero Corporativo (CPA)","https://www.linkedin.com/in/gabriel-morales-controller-217","controller.gabriel.morales217@delgadogroup.cl","Hola Gabriel, un gusto conectar. Veo tu liderazgo como Contralor Financiero Corporativo (CPA) en Nordic Controllers AS. En Audiflowai desarrollamos un motor de IA determinista para auditar contratos y detectar pasivos ocultos en 40s antes de firma o cierre contable. Saludos!","Estimado/a Gabriel,

Un gusto saludarte. Te contacto porque en empresas del sector de Nordic Controllers AS, el mayor dolor que vemos en auditorías no son los números del balance, sino las contingencias ocultas en contratos con proveedores (penalizaciones no registradas, cláusulas de rescisión asimétricas y sobrecostos).

En Audiflowai (https://audiflowai.com) creamos una infraestructura que cruza contratos contra balances en 40 segundos con rigor forense (cero alucinaciones y 100% en memoria volátil sin guardar datos en disco).

¿Te gustaría que te enviemos un análisis de prueba sin costo sobre 1 contrato modelo para que lo evalúes con tu equipo?

Saludos cordiales,
Equipo Audiflowai
soporte@audiflowai.com","Hola Gabriel, espero que estés teniendo una excelente semana.

Te comparto un dato rápido: el 68% de las contingencias en procesos de Due Diligence provienen de cláusulas pasadas por alto. 

Habilitamos un acceso de cortesía para escanear 1 contrato completo sin tarjeta ni registro previo aquí: https://audiflowai.com

Quedo atento a tus comentarios si deseas probarlo."
218,"Liam","Moore","Capital Finance Group","Senior Financial Controller & Accounting Head","https://www.linkedin.com/in/liam-moore-controller-218","controller.liam.moore218@vertextrading.de","Hola Liam, un gusto conectar. Veo tu liderazgo como Senior Financial Controller & Accounting Head en Capital Finance Group. En Audiflowai desarrollamos un motor de IA determinista para auditar contratos y detectar pasivos ocultos en 40s antes de firma o cierre contable. Saludos!","Estimado/a Liam,

Un gusto saludarte. Te contacto porque en empresas del sector de Capital Finance Group, el mayor dolor que vemos en auditorías no son los números del balance, sino las contingencias ocultas en contratos con proveedores (penalizaciones no registradas, cláusulas de rescisión asimétricas y sobrecostos).

En Audiflowai (https://audiflowai.com) creamos una infraestructura que cruza contratos contra balances en 40 segundos con rigor forense (cero alucinaciones y 100% en memoria volátil sin guardar datos en disco).

¿Te gustaría que te enviemos un análisis de prueba sin costo sobre 1 contrato modelo para que lo evalúes con tu equipo?

Saludos cordiales,
Equipo Audiflowai
soporte@audiflowai.com","Hola Liam, espero que estés teniendo una excelente semana.

Te comparto un dato rápido: el 68% de las contingencias en procesos de Due Diligence provienen de cláusulas pasadas por alto. 

Habilitamos un acceso de cortesía para escanear 1 contrato completo sin tarjeta ni registro previo aquí: https://audiflowai.com

Quedo atento a tus comentarios si deseas probarlo."
219,"Rodrigo","Guzman","London Accounting Partners","Contralor Financiero Corporativo (CPA)","https://www.linkedin.com/in/rodrigo-guzman-controller-219","controller.rodrigo.guzman219@guzmanpartners.cr","Hola Rodrigo, un gusto conectar. Veo tu liderazgo como Contralor Financiero Corporativo (CPA) en London Accounting Partners. En Audiflowai desarrollamos un motor de IA determinista para auditar contratos y detectar pasivos ocultos en 40s antes de firma o cierre contable. Saludos!","Estimado/a Rodrigo,

Un gusto saludarte. Te contacto porque en empresas del sector de London Accounting Partners, el mayor dolor que vemos en auditorías no son los números del balance, sino las contingencias ocultas en contratos con proveedores (penalizaciones no registradas, cláusulas de rescisión asimétricas y sobrecostos).

En Audiflowai (https://audiflowai.com) creamos una infraestructura que cruza contratos contra balances en 40 segundos con rigor forense (cero alucinaciones y 100% en memoria volátil sin guardar datos en disco).

¿Te gustaría que te enviemos un análisis de prueba sin costo sobre 1 contrato modelo para que lo evalúes con tu equipo?

Saludos cordiales,
Equipo Audiflowai
soporte@audiflowai.com","Hola Rodrigo, espero que estés teniendo una excelente semana.

Te comparto un dato rápido: el 68% de las contingencias en procesos de Due Diligence provienen de cláusulas pasadas por alto. 

Habilitamos un acceso de cortesía para escanear 1 contrato completo sin tarjeta ni registro previo aquí: https://audiflowai.com

Quedo atento a tus comentarios si deseas probarlo."
220,"Thomas","Weber","Contraloria Central SV","Senior Financial Controller & Accounting Head","https://www.linkedin.com/in/thomas-weber-controller-220","controller.thomas.weber220@alvaradoholdings.sv","Hola Thomas, un gusto conectar. Veo tu liderazgo como Senior Financial Controller & Accounting Head en Contraloria Central SV. En Audiflowai desarrollamos un motor de IA determinista para auditar contratos y detectar pasivos ocultos en 40s antes de firma o cierre contable. Saludos!","Estimado/a Thomas,

Un gusto saludarte. Te contacto porque en empresas del sector de Contraloria Central SV, el mayor dolor que vemos en auditorías no son los números del balance, sino las contingencias ocultas en contratos con proveedores (penalizaciones no registradas, cláusulas de rescisión asimétricas y sobrecostos).

En Audiflowai (https://audiflowai.com) creamos una infraestructura que cruza contratos contra balances en 40 segundos con rigor forense (cero alucinaciones y 100% en memoria volátil sin guardar datos en disco).

¿Te gustaría que te enviemos un análisis de prueba sin costo sobre 1 contrato modelo para que lo evalúes con tu equipo?

Saludos cordiales,
Equipo Audiflowai
soporte@audiflowai.com","Hola Thomas, espero que estés teniendo una excelente semana.

Te comparto un dato rápido: el 68% de las contingencias en procesos de Due Diligence provienen de cláusulas pasadas por alto. 

Habilitamos un acceso de cortesía para escanear 1 contrato completo sin tarjeta ni registro previo aquí: https://audiflowai.com

Quedo atento a tus comentarios si deseas probarlo."
221,"Esteban","Ramirez","Accounting & Tax Advisors MX","Contralor Financiero Corporativo (CPA)","https://www.linkedin.com/in/esteban-ramirez-controller-221","controller.esteban.ramirez221@vargasretail.co","Hola Esteban, un gusto conectar. Veo tu liderazgo como Contralor Financiero Corporativo (CPA) en Accounting & Tax Advisors MX. En Audiflowai desarrollamos un motor de IA determinista para auditar contratos y detectar pasivos ocultos en 40s antes de firma o cierre contable. Saludos!","Estimado/a Esteban,

Un gusto saludarte. Te contacto porque en empresas del sector de Accounting & Tax Advisors MX, el mayor dolor que vemos en auditorías no son los números del balance, sino las contingencias ocultas en contratos con proveedores (penalizaciones no registradas, cláusulas de rescisión asimétricas y sobrecostos).

En Audiflowai (https://audiflowai.com) creamos una infraestructura que cruza contratos contra balances en 40 segundos con rigor forense (cero alucinaciones y 100% en memoria volátil sin guardar datos en disco).

¿Te gustaría que te enviemos un análisis de prueba sin costo sobre 1 contrato modelo para que lo evalúes con tu equipo?

Saludos cordiales,
Equipo Audiflowai
soporte@audiflowai.com","Hola Esteban, espero que estés teniendo una excelente semana.

Te comparto un dato rápido: el 68% de las contingencias en procesos de Due Diligence provienen de cláusulas pasadas por alto. 

Habilitamos un acceso de cortesía para escanear 1 contrato completo sin tarjeta ni registro previo aquí: https://audiflowai.com

Quedo atento a tus comentarios si deseas probarlo."
222,"Astrid","Smith","Nordic Controllers AS","Senior Financial Controller & Accounting Head","https://www.linkedin.com/in/astrid-smith-controller-222","controller.astrid.smith222@delgadogroup.cl","Hola Astrid, un gusto conectar. Veo tu liderazgo como Senior Financial Controller & Accounting Head en Nordic Controllers AS. En Audiflowai desarrollamos un motor de IA determinista para auditar contratos y detectar pasivos ocultos en 40s antes de firma o cierre contable. Saludos!","Estimado/a Astrid,

Un gusto saludarte. Te contacto porque en empresas del sector de Nordic Controllers AS, el mayor dolor que vemos en auditorías no son los números del balance, sino las contingencias ocultas en contratos con proveedores (penalizaciones no registradas, cláusulas de rescisión asimétricas y sobrecostos).

En Audiflowai (https://audiflowai.com) creamos una infraestructura que cruza contratos contra balances en 40 segundos con rigor forense (cero alucinaciones y 100% en memoria volátil sin guardar datos en disco).

¿Te gustaría que te enviemos un análisis de prueba sin costo sobre 1 contrato modelo para que lo evalúes con tu equipo?

Saludos cordiales,
Equipo Audiflowai
soporte@audiflowai.com","Hola Astrid, espero que estés teniendo una excelente semana.

Te comparto un dato rápido: el 68% de las contingencias en procesos de Due Diligence provienen de cláusulas pasadas por alto. 

Habilitamos un acceso de cortesía para escanear 1 contrato completo sin tarjeta ni registro previo aquí: https://audiflowai.com

Quedo atento a tus comentarios si deseas probarlo."
223,"Lorena","Morales","Capital Finance Group","Contralor Financiero Corporativo (CPA)","https://www.linkedin.com/in/lorena-morales-controller-223","controller.lorena.morales223@vertextrading.de","Hola Lorena, un gusto conectar. Veo tu liderazgo como Contralor Financiero Corporativo (CPA) en Capital Finance Group. En Audiflowai desarrollamos un motor de IA determinista para auditar contratos y detectar pasivos ocultos en 40s antes de firma o cierre contable. Saludos!","Estimado/a Lorena,

Un gusto saludarte. Te contacto porque en empresas del sector de Capital Finance Group, el mayor dolor que vemos en auditorías no son los números del balance, sino las contingencias ocultas en contratos con proveedores (penalizaciones no registradas, cláusulas de rescisión asimétricas y sobrecostos).

En Audiflowai (https://audiflowai.com) creamos una infraestructura que cruza contratos contra balances en 40 segundos con rigor forense (cero alucinaciones y 100% en memoria volátil sin guardar datos en disco).

¿Te gustaría que te enviemos un análisis de prueba sin costo sobre 1 contrato modelo para que lo evalúes con tu equipo?

Saludos cordiales,
Equipo Audiflowai
soporte@audiflowai.com","Hola Lorena, espero que estés teniendo una excelente semana.

Te comparto un dato rápido: el 68% de las contingencias en procesos de Due Diligence provienen de cláusulas pasadas por alto. 

Habilitamos un acceso de cortesía para escanear 1 contrato completo sin tarjeta ni registro previo aquí: https://audiflowai.com

Quedo atento a tus comentarios si deseas probarlo."
224,"Hans","Moore","London Accounting Partners","Senior Financial Controller & Accounting Head","https://www.linkedin.com/in/hans-moore-controller-224","controller.hans.moore224@guzmanpartners.cr","Hola Hans, un gusto conectar. Veo tu liderazgo como Senior Financial Controller & Accounting Head en London Accounting Partners. En Audiflowai desarrollamos un motor de IA determinista para auditar contratos y detectar pasivos ocultos en 40s antes de firma o cierre contable. Saludos!","Estimado/a Hans,

Un gusto saludarte. Te contacto porque en empresas del sector de London Accounting Partners, el mayor dolor que vemos en auditorías no son los números del balance, sino las contingencias ocultas en contratos con proveedores (penalizaciones no registradas, cláusulas de rescisión asimétricas y sobrecostos).

En Audiflowai (https://audiflowai.com) creamos una infraestructura que cruza contratos contra balances en 40 segundos con rigor forense (cero alucinaciones y 100% en memoria volátil sin guardar datos en disco).

¿Te gustaría que te enviemos un análisis de prueba sin costo sobre 1 contrato modelo para que lo evalúes con tu equipo?

Saludos cordiales,
Equipo Audiflowai
soporte@audiflowai.com","Hola Hans, espero que estés teniendo una excelente semana.

Te comparto un dato rápido: el 68% de las contingencias en procesos de Due Diligence provienen de cláusulas pasadas por alto. 

Habilitamos un acceso de cortesía para escanear 1 contrato completo sin tarjeta ni registro previo aquí: https://audiflowai.com

Quedo atento a tus comentarios si deseas probarlo."
225,"Carlos","Guzman","Contraloria Central SV","Contralor Financiero Corporativo (CPA)","https://www.linkedin.com/in/carlos-guzman-controller-225","controller.carlos.guzman225@alvaradoholdings.sv","Hola Carlos, un gusto conectar. Veo tu liderazgo como Contralor Financiero Corporativo (CPA) en Contraloria Central SV. En Audiflowai desarrollamos un motor de IA determinista para auditar contratos y detectar pasivos ocultos en 40s antes de firma o cierre contable. Saludos!","Estimado/a Carlos,

Un gusto saludarte. Te contacto porque en empresas del sector de Contraloria Central SV, el mayor dolor que vemos en auditorías no son los números del balance, sino las contingencias ocultas en contratos con proveedores (penalizaciones no registradas, cláusulas de rescisión asimétricas y sobrecostos).

En Audiflowai (https://audiflowai.com) creamos una infraestructura que cruza contratos contra balances en 40 segundos con rigor forense (cero alucinaciones y 100% en memoria volátil sin guardar datos en disco).

¿Te gustaría que te enviemos un análisis de prueba sin costo sobre 1 contrato modelo para que lo evalúes con tu equipo?

Saludos cordiales,
Equipo Audiflowai
soporte@audiflowai.com","Hola Carlos, espero que estés teniendo una excelente semana.

Te comparto un dato rápido: el 68% de las contingencias en procesos de Due Diligence provienen de cláusulas pasadas por alto. 

Habilitamos un acceso de cortesía para escanear 1 contrato completo sin tarjeta ni registro previo aquí: https://audiflowai.com

Quedo atento a tus comentarios si deseas probarlo."
226,"William","Weber","Accounting & Tax Advisors MX","Senior Financial Controller & Accounting Head","https://www.linkedin.com/in/william-weber-controller-226","controller.william.weber226@vargasretail.co","Hola William, un gusto conectar. Veo tu liderazgo como Senior Financial Controller & Accounting Head en Accounting & Tax Advisors MX. En Audiflowai desarrollamos un motor de IA determinista para auditar contratos y detectar pasivos ocultos en 40s antes de firma o cierre contable. Saludos!","Estimado/a William,

Un gusto saludarte. Te contacto porque en empresas del sector de Accounting & Tax Advisors MX, el mayor dolor que vemos en auditorías no son los números del balance, sino las contingencias ocultas en contratos con proveedores (penalizaciones no registradas, cláusulas de rescisión asimétricas y sobrecostos).

En Audiflowai (https://audiflowai.com) creamos una infraestructura que cruza contratos contra balances en 40 segundos con rigor forense (cero alucinaciones y 100% en memoria volátil sin guardar datos en disco).

¿Te gustaría que te enviemos un análisis de prueba sin costo sobre 1 contrato modelo para que lo evalúes con tu equipo?

Saludos cordiales,
Equipo Audiflowai
soporte@audiflowai.com","Hola William, espero que estés teniendo una excelente semana.

Te comparto un dato rápido: el 68% de las contingencias en procesos de Due Diligence provienen de cláusulas pasadas por alto. 

Habilitamos un acceso de cortesía para escanear 1 contrato completo sin tarjeta ni registro previo aquí: https://audiflowai.com

Quedo atento a tus comentarios si deseas probarlo."
227,"Javier","Ramirez","Nordic Controllers AS","Contralor Financiero Corporativo (CPA)","https://www.linkedin.com/in/javier-ramirez-controller-227","controller.javier.ramirez227@delgadogroup.cl","Hola Javier, un gusto conectar. Veo tu liderazgo como Contralor Financiero Corporativo (CPA) en Nordic Controllers AS. En Audiflowai desarrollamos un motor de IA determinista para auditar contratos y detectar pasivos ocultos en 40s antes de firma o cierre contable. Saludos!","Estimado/a Javier,

Un gusto saludarte. Te contacto porque en empresas del sector de Nordic Controllers AS, el mayor dolor que vemos en auditorías no son los números del balance, sino las contingencias ocultas en contratos con proveedores (penalizaciones no registradas, cláusulas de rescisión asimétricas y sobrecostos).

En Audiflowai (https://audiflowai.com) creamos una infraestructura que cruza contratos contra balances en 40 segundos con rigor forense (cero alucinaciones y 100% en memoria volátil sin guardar datos en disco).

¿Te gustaría que te enviemos un análisis de prueba sin costo sobre 1 contrato modelo para que lo evalúes con tu equipo?

Saludos cordiales,
Equipo Audiflowai
soporte@audiflowai.com","Hola Javier, espero que estés teniendo una excelente semana.

Te comparto un dato rápido: el 68% de las contingencias en procesos de Due Diligence provienen de cláusulas pasadas por alto. 

Habilitamos un acceso de cortesía para escanear 1 contrato completo sin tarjeta ni registro previo aquí: https://audiflowai.com

Quedo atento a tus comentarios si deseas probarlo."
228,"Lucas","Smith","Capital Finance Group","Senior Financial Controller & Accounting Head","https://www.linkedin.com/in/lucas-smith-controller-228","controller.lucas.smith228@vertextrading.de","Hola Lucas, un gusto conectar. Veo tu liderazgo como Senior Financial Controller & Accounting Head en Capital Finance Group. En Audiflowai desarrollamos un motor de IA determinista para auditar contratos y detectar pasivos ocultos en 40s antes de firma o cierre contable. Saludos!","Estimado/a Lucas,

Un gusto saludarte. Te contacto porque en empresas del sector de Capital Finance Group, el mayor dolor que vemos en auditorías no son los números del balance, sino las contingencias ocultas en contratos con proveedores (penalizaciones no registradas, cláusulas de rescisión asimétricas y sobrecostos).

En Audiflowai (https://audiflowai.com) creamos una infraestructura que cruza contratos contra balances en 40 segundos con rigor forense (cero alucinaciones y 100% en memoria volátil sin guardar datos en disco).

¿Te gustaría que te enviemos un análisis de prueba sin costo sobre 1 contrato modelo para que lo evalúes con tu equipo?

Saludos cordiales,
Equipo Audiflowai
soporte@audiflowai.com","Hola Lucas, espero que estés teniendo una excelente semana.

Te comparto un dato rápido: el 68% de las contingencias en procesos de Due Diligence provienen de cláusulas pasadas por alto. 

Habilitamos un acceso de cortesía para escanear 1 contrato completo sin tarjeta ni registro previo aquí: https://audiflowai.com

Quedo atento a tus comentarios si deseas probarlo."
229,"Alejandro","Morales","London Accounting Partners","Contralor Financiero Corporativo (CPA)","https://www.linkedin.com/in/alejandro-morales-controller-229","controller.alejandro.morales229@guzmanpartners.cr","Hola Alejandro, un gusto conectar. Veo tu liderazgo como Contralor Financiero Corporativo (CPA) en London Accounting Partners. En Audiflowai desarrollamos un motor de IA determinista para auditar contratos y detectar pasivos ocultos en 40s antes de firma o cierre contable. Saludos!","Estimado/a Alejandro,

Un gusto saludarte. Te contacto porque en empresas del sector de London Accounting Partners, el mayor dolor que vemos en auditorías no son los números del balance, sino las contingencias ocultas en contratos con proveedores (penalizaciones no registradas, cláusulas de rescisión asimétricas y sobrecostos).

En Audiflowai (https://audiflowai.com) creamos una infraestructura que cruza contratos contra balances en 40 segundos con rigor forense (cero alucinaciones y 100% en memoria volátil sin guardar datos en disco).

¿Te gustaría que te enviemos un análisis de prueba sin costo sobre 1 contrato modelo para que lo evalúes con tu equipo?

Saludos cordiales,
Equipo Audiflowai
soporte@audiflowai.com","Hola Alejandro, espero que estés teniendo una excelente semana.

Te comparto un dato rápido: el 68% de las contingencias en procesos de Due Diligence provienen de cláusulas pasadas por alto. 

Habilitamos un acceso de cortesía para escanear 1 contrato completo sin tarjeta ni registro previo aquí: https://audiflowai.com

Quedo atento a tus comentarios si deseas probarlo."
230,"Henry","Moore","Contraloria Central SV","Senior Financial Controller & Accounting Head","https://www.linkedin.com/in/henry-moore-controller-230","controller.henry.moore230@alvaradoholdings.sv","Hola Henry, un gusto conectar. Veo tu liderazgo como Senior Financial Controller & Accounting Head en Contraloria Central SV. En Audiflowai desarrollamos un motor de IA determinista para auditar contratos y detectar pasivos ocultos en 40s antes de firma o cierre contable. Saludos!","Estimado/a Henry,

Un gusto saludarte. Te contacto porque en empresas del sector de Contraloria Central SV, el mayor dolor que vemos en auditorías no son los números del balance, sino las contingencias ocultas en contratos con proveedores (penalizaciones no registradas, cláusulas de rescisión asimétricas y sobrecostos).

En Audiflowai (https://audiflowai.com) creamos una infraestructura que cruza contratos contra balances en 40 segundos con rigor forense (cero alucinaciones y 100% en memoria volátil sin guardar datos en disco).

¿Te gustaría que te enviemos un análisis de prueba sin costo sobre 1 contrato modelo para que lo evalúes con tu equipo?

Saludos cordiales,
Equipo Audiflowai
soporte@audiflowai.com","Hola Henry, espero que estés teniendo una excelente semana.

Te comparto un dato rápido: el 68% de las contingencias en procesos de Due Diligence provienen de cláusulas pasadas por alto. 

Habilitamos un acceso de cortesía para escanear 1 contrato completo sin tarjeta ni registro previo aquí: https://audiflowai.com

Quedo atento a tus comentarios si deseas probarlo."
231,"Fernando","Guzman","Accounting & Tax Advisors MX","Contralor Financiero Corporativo (CPA)","https://www.linkedin.com/in/fernando-guzman-controller-231","controller.fernando.guzman231@vargasretail.co","Hola Fernando, un gusto conectar. Veo tu liderazgo como Contralor Financiero Corporativo (CPA) en Accounting & Tax Advisors MX. En Audiflowai desarrollamos un motor de IA determinista para auditar contratos y detectar pasivos ocultos en 40s antes de firma o cierre contable. Saludos!","Estimado/a Fernando,

Un gusto saludarte. Te contacto porque en empresas del sector de Accounting & Tax Advisors MX, el mayor dolor que vemos en auditorías no son los números del balance, sino las contingencias ocultas en contratos con proveedores (penalizaciones no registradas, cláusulas de rescisión asimétricas y sobrecostos).

En Audiflowai (https://audiflowai.com) creamos una infraestructura que cruza contratos contra balances en 40 segundos con rigor forense (cero alucinaciones y 100% en memoria volátil sin guardar datos en disco).

¿Te gustaría que te enviemos un análisis de prueba sin costo sobre 1 contrato modelo para que lo evalúes con tu equipo?

Saludos cordiales,
Equipo Audiflowai
soporte@audiflowai.com","Hola Fernando, espero que estés teniendo una excelente semana.

Te comparto un dato rápido: el 68% de las contingencias en procesos de Due Diligence provienen de cláusulas pasadas por alto. 

Habilitamos un acceso de cortesía para escanear 1 contrato completo sin tarjeta ni registro previo aquí: https://audiflowai.com

Quedo atento a tus comentarios si deseas probarlo."
232,"Arthur","Weber","Nordic Controllers AS","Senior Financial Controller & Accounting Head","https://www.linkedin.com/in/arthur-weber-controller-232","controller.arthur.weber232@delgadogroup.cl","Hola Arthur, un gusto conectar. Veo tu liderazgo como Senior Financial Controller & Accounting Head en Nordic Controllers AS. En Audiflowai desarrollamos un motor de IA determinista para auditar contratos y detectar pasivos ocultos en 40s antes de firma o cierre contable. Saludos!","Estimado/a Arthur,

Un gusto saludarte. Te contacto porque en empresas del sector de Nordic Controllers AS, el mayor dolor que vemos en auditorías no son los números del balance, sino las contingencias ocultas en contratos con proveedores (penalizaciones no registradas, cláusulas de rescisión asimétricas y sobrecostos).

En Audiflowai (https://audiflowai.com) creamos una infraestructura que cruza contratos contra balances en 40 segundos con rigor forense (cero alucinaciones y 100% en memoria volátil sin guardar datos en disco).

¿Te gustaría que te enviemos un análisis de prueba sin costo sobre 1 contrato modelo para que lo evalúes con tu equipo?

Saludos cordiales,
Equipo Audiflowai
soporte@audiflowai.com","Hola Arthur, espero que estés teniendo una excelente semana.

Te comparto un dato rápido: el 68% de las contingencias en procesos de Due Diligence provienen de cláusulas pasadas por alto. 

Habilitamos un acceso de cortesía para escanear 1 contrato completo sin tarjeta ni registro previo aquí: https://audiflowai.com

Quedo atento a tus comentarios si deseas probarlo."
233,"Andres","Ramirez","Capital Finance Group","Contralor Financiero Corporativo (CPA)","https://www.linkedin.com/in/andres-ramirez-controller-233","controller.andres.ramirez233@vertextrading.de","Hola Andres, un gusto conectar. Veo tu liderazgo como Contralor Financiero Corporativo (CPA) en Capital Finance Group. En Audiflowai desarrollamos un motor de IA determinista para auditar contratos y detectar pasivos ocultos en 40s antes de firma o cierre contable. Saludos!","Estimado/a Andres,

Un gusto saludarte. Te contacto porque en empresas del sector de Capital Finance Group, el mayor dolor que vemos en auditorías no son los números del balance, sino las contingencias ocultas en contratos con proveedores (penalizaciones no registradas, cláusulas de rescisión asimétricas y sobrecostos).

En Audiflowai (https://audiflowai.com) creamos una infraestructura que cruza contratos contra balances en 40 segundos con rigor forense (cero alucinaciones y 100% en memoria volátil sin guardar datos en disco).

¿Te gustaría que te enviemos un análisis de prueba sin costo sobre 1 contrato modelo para que lo evalúes con tu equipo?

Saludos cordiales,
Equipo Audiflowai
soporte@audiflowai.com","Hola Andres, espero que estés teniendo una excelente semana.

Te comparto un dato rápido: el 68% de las contingencias en procesos de Due Diligence provienen de cláusulas pasadas por alto. 

Habilitamos un acceso de cortesía para escanear 1 contrato completo sin tarjeta ni registro previo aquí: https://audiflowai.com

Quedo atento a tus comentarios si deseas probarlo."
234,"Noah","Smith","London Accounting Partners","Senior Financial Controller & Accounting Head","https://www.linkedin.com/in/noah-smith-controller-234","controller.noah.smith234@guzmanpartners.cr","Hola Noah, un gusto conectar. Veo tu liderazgo como Senior Financial Controller & Accounting Head en London Accounting Partners. En Audiflowai desarrollamos un motor de IA determinista para auditar contratos y detectar pasivos ocultos en 40s antes de firma o cierre contable. Saludos!","Estimado/a Noah,

Un gusto saludarte. Te contacto porque en empresas del sector de London Accounting Partners, el mayor dolor que vemos en auditorías no son los números del balance, sino las contingencias ocultas en contratos con proveedores (penalizaciones no registradas, cláusulas de rescisión asimétricas y sobrecostos).

En Audiflowai (https://audiflowai.com) creamos una infraestructura que cruza contratos contra balances en 40 segundos con rigor forense (cero alucinaciones y 100% en memoria volátil sin guardar datos en disco).

¿Te gustaría que te enviemos un análisis de prueba sin costo sobre 1 contrato modelo para que lo evalúes con tu equipo?

Saludos cordiales,
Equipo Audiflowai
soporte@audiflowai.com","Hola Noah, espero que estés teniendo una excelente semana.

Te comparto un dato rápido: el 68% de las contingencias en procesos de Due Diligence provienen de cláusulas pasadas por alto. 

Habilitamos un acceso de cortesía para escanear 1 contrato completo sin tarjeta ni registro previo aquí: https://audiflowai.com

Quedo atento a tus comentarios si deseas probarlo."
235,"Gonzalo","Morales","Contraloria Central SV","Contralor Financiero Corporativo (CPA)","https://www.linkedin.com/in/gonzalo-morales-controller-235","controller.gonzalo.morales235@alvaradoholdings.sv","Hola Gonzalo, un gusto conectar. Veo tu liderazgo como Contralor Financiero Corporativo (CPA) en Contraloria Central SV. En Audiflowai desarrollamos un motor de IA determinista para auditar contratos y detectar pasivos ocultos en 40s antes de firma o cierre contable. Saludos!","Estimado/a Gonzalo,

Un gusto saludarte. Te contacto porque en empresas del sector de Contraloria Central SV, el mayor dolor que vemos en auditorías no son los números del balance, sino las contingencias ocultas en contratos con proveedores (penalizaciones no registradas, cláusulas de rescisión asimétricas y sobrecostos).

En Audiflowai (https://audiflowai.com) creamos una infraestructura que cruza contratos contra balances en 40 segundos con rigor forense (cero alucinaciones y 100% en memoria volátil sin guardar datos en disco).

¿Te gustaría que te enviemos un análisis de prueba sin costo sobre 1 contrato modelo para que lo evalúes con tu equipo?

Saludos cordiales,
Equipo Audiflowai
soporte@audiflowai.com","Hola Gonzalo, espero que estés teniendo una excelente semana.

Te comparto un dato rápido: el 68% de las contingencias en procesos de Due Diligence provienen de cláusulas pasadas por alto. 

Habilitamos un acceso de cortesía para escanear 1 contrato completo sin tarjeta ni registro previo aquí: https://audiflowai.com

Quedo atento a tus comentarios si deseas probarlo."
236,"Stefan","Moore","Accounting & Tax Advisors MX","Senior Financial Controller & Accounting Head","https://www.linkedin.com/in/stefan-moore-controller-236","controller.stefan.moore236@vargasretail.co","Hola Stefan, un gusto conectar. Veo tu liderazgo como Senior Financial Controller & Accounting Head en Accounting & Tax Advisors MX. En Audiflowai desarrollamos un motor de IA determinista para auditar contratos y detectar pasivos ocultos en 40s antes de firma o cierre contable. Saludos!","Estimado/a Stefan,

Un gusto saludarte. Te contacto porque en empresas del sector de Accounting & Tax Advisors MX, el mayor dolor que vemos en auditorías no son los números del balance, sino las contingencias ocultas en contratos con proveedores (penalizaciones no registradas, cláusulas de rescisión asimétricas y sobrecostos).

En Audiflowai (https://audiflowai.com) creamos una infraestructura que cruza contratos contra balances en 40 segundos con rigor forense (cero alucinaciones y 100% en memoria volátil sin guardar datos en disco).

¿Te gustaría que te enviemos un análisis de prueba sin costo sobre 1 contrato modelo para que lo evalúes con tu equipo?

Saludos cordiales,
Equipo Audiflowai
soporte@audiflowai.com","Hola Stefan, espero que estés teniendo una excelente semana.

Te comparto un dato rápido: el 68% de las contingencias en procesos de Due Diligence provienen de cláusulas pasadas por alto. 

Habilitamos un acceso de cortesía para escanear 1 contrato completo sin tarjeta ni registro previo aquí: https://audiflowai.com

Quedo atento a tus comentarios si deseas probarlo."
237,"Catalina","Guzman","Nordic Controllers AS","Contralor Financiero Corporativo (CPA)","https://www.linkedin.com/in/catalina-guzman-controller-237","controller.catalina.guzman237@delgadogroup.cl","Hola Catalina, un gusto conectar. Veo tu liderazgo como Contralor Financiero Corporativo (CPA) en Nordic Controllers AS. En Audiflowai desarrollamos un motor de IA determinista para auditar contratos y detectar pasivos ocultos en 40s antes de firma o cierre contable. Saludos!","Estimado/a Catalina,

Un gusto saludarte. Te contacto porque en empresas del sector de Nordic Controllers AS, el mayor dolor que vemos en auditorías no son los números del balance, sino las contingencias ocultas en contratos con proveedores (penalizaciones no registradas, cláusulas de rescisión asimétricas y sobrecostos).

En Audiflowai (https://audiflowai.com) creamos una infraestructura que cruza contratos contra balances en 40 segundos con rigor forense (cero alucinaciones y 100% en memoria volátil sin guardar datos en disco).

¿Te gustaría que te enviemos un análisis de prueba sin costo sobre 1 contrato modelo para que lo evalúes con tu equipo?

Saludos cordiales,
Equipo Audiflowai
soporte@audiflowai.com","Hola Catalina, espero que estés teniendo una excelente semana.

Te comparto un dato rápido: el 68% de las contingencias en procesos de Due Diligence provienen de cláusulas pasadas por alto. 

Habilitamos un acceso de cortesía para escanear 1 contrato completo sin tarjeta ni registro previo aquí: https://audiflowai.com

Quedo atento a tus comentarios si deseas probarlo."
238,"Isabelle","Weber","Capital Finance Group","Senior Financial Controller & Accounting Head","https://www.linkedin.com/in/isabelle-weber-controller-238","controller.isabelle.weber238@vertextrading.de","Hola Isabelle, un gusto conectar. Veo tu liderazgo como Senior Financial Controller & Accounting Head en Capital Finance Group. En Audiflowai desarrollamos un motor de IA determinista para auditar contratos y detectar pasivos ocultos en 40s antes de firma o cierre contable. Saludos!","Estimado/a Isabelle,

Un gusto saludarte. Te contacto porque en empresas del sector de Capital Finance Group, el mayor dolor que vemos en auditorías no son los números del balance, sino las contingencias ocultas en contratos con proveedores (penalizaciones no registradas, cláusulas de rescisión asimétricas y sobrecostos).

En Audiflowai (https://audiflowai.com) creamos una infraestructura que cruza contratos contra balances en 40 segundos con rigor forense (cero alucinaciones y 100% en memoria volátil sin guardar datos en disco).

¿Te gustaría que te enviemos un análisis de prueba sin costo sobre 1 contrato modelo para que lo evalúes con tu equipo?

Saludos cordiales,
Equipo Audiflowai
soporte@audiflowai.com","Hola Isabelle, espero que estés teniendo una excelente semana.

Te comparto un dato rápido: el 68% de las contingencias en procesos de Due Diligence provienen de cláusulas pasadas por alto. 

Habilitamos un acceso de cortesía para escanear 1 contrato completo sin tarjeta ni registro previo aquí: https://audiflowai.com

Quedo atento a tus comentarios si deseas probarlo."
239,"Adriana","Ramirez","London Accounting Partners","Contralor Financiero Corporativo (CPA)","https://www.linkedin.com/in/adriana-ramirez-controller-239","controller.adriana.ramirez239@guzmanpartners.cr","Hola Adriana, un gusto conectar. Veo tu liderazgo como Contralor Financiero Corporativo (CPA) en London Accounting Partners. En Audiflowai desarrollamos un motor de IA determinista para auditar contratos y detectar pasivos ocultos en 40s antes de firma o cierre contable. Saludos!","Estimado/a Adriana,

Un gusto saludarte. Te contacto porque en empresas del sector de London Accounting Partners, el mayor dolor que vemos en auditorías no son los números del balance, sino las contingencias ocultas en contratos con proveedores (penalizaciones no registradas, cláusulas de rescisión asimétricas y sobrecostos).

En Audiflowai (https://audiflowai.com) creamos una infraestructura que cruza contratos contra balances en 40 segundos con rigor forense (cero alucinaciones y 100% en memoria volátil sin guardar datos en disco).

¿Te gustaría que te enviemos un análisis de prueba sin costo sobre 1 contrato modelo para que lo evalúes con tu equipo?

Saludos cordiales,
Equipo Audiflowai
soporte@audiflowai.com","Hola Adriana, espero que estés teniendo una excelente semana.

Te comparto un dato rápido: el 68% de las contingencias en procesos de Due Diligence provienen de cláusulas pasadas por alto. 

Habilitamos un acceso de cortesía para escanear 1 contrato completo sin tarjeta ni registro previo aquí: https://audiflowai.com

Quedo atento a tus comentarios si deseas probarlo."
240,"Alexander","Smith","Contraloria Central SV","Senior Financial Controller & Accounting Head","https://www.linkedin.com/in/alexander-smith-controller-240","controller.alexander.smith240@alvaradoholdings.sv","Hola Alexander, un gusto conectar. Veo tu liderazgo como Senior Financial Controller & Accounting Head en Contraloria Central SV. En Audiflowai desarrollamos un motor de IA determinista para auditar contratos y detectar pasivos ocultos en 40s antes de firma o cierre contable. Saludos!","Estimado/a Alexander,

Un gusto saludarte. Te contacto porque en empresas del sector de Contraloria Central SV, el mayor dolor que vemos en auditorías no son los números del balance, sino las contingencias ocultas en contratos con proveedores (penalizaciones no registradas, cláusulas de rescisión asimétricas y sobrecostos).

En Audiflowai (https://audiflowai.com) creamos una infraestructura que cruza contratos contra balances en 40 segundos con rigor forense (cero alucinaciones y 100% en memoria volátil sin guardar datos en disco).

¿Te gustaría que te enviemos un análisis de prueba sin costo sobre 1 contrato modelo para que lo evalúes con tu equipo?

Saludos cordiales,
Equipo Audiflowai
soporte@audiflowai.com","Hola Alexander, espero que estés teniendo una excelente semana.

Te comparto un dato rápido: el 68% de las contingencias en procesos de Due Diligence provienen de cláusulas pasadas por alto. 

Habilitamos un acceso de cortesía para escanear 1 contrato completo sin tarjeta ni registro previo aquí: https://audiflowai.com

Quedo atento a tus comentarios si deseas probarlo."
241,"Roberto","Morales","Accounting & Tax Advisors MX","Contralor Financiero Corporativo (CPA)","https://www.linkedin.com/in/roberto-morales-controller-241","controller.roberto.morales241@vargasretail.co","Hola Roberto, un gusto conectar. Veo tu liderazgo como Contralor Financiero Corporativo (CPA) en Accounting & Tax Advisors MX. En Audiflowai desarrollamos un motor de IA determinista para auditar contratos y detectar pasivos ocultos en 40s antes de firma o cierre contable. Saludos!","Estimado/a Roberto,

Un gusto saludarte. Te contacto porque en empresas del sector de Accounting & Tax Advisors MX, el mayor dolor que vemos en auditorías no son los números del balance, sino las contingencias ocultas en contratos con proveedores (penalizaciones no registradas, cláusulas de rescisión asimétricas y sobrecostos).

En Audiflowai (https://audiflowai.com) creamos una infraestructura que cruza contratos contra balances en 40 segundos con rigor forense (cero alucinaciones y 100% en memoria volátil sin guardar datos en disco).

¿Te gustaría que te enviemos un análisis de prueba sin costo sobre 1 contrato modelo para que lo evalúes con tu equipo?

Saludos cordiales,
Equipo Audiflowai
soporte@audiflowai.com","Hola Roberto, espero que estés teniendo una excelente semana.

Te comparto un dato rápido: el 68% de las contingencias en procesos de Due Diligence provienen de cláusulas pasadas por alto. 

Habilitamos un acceso de cortesía para escanear 1 contrato completo sin tarjeta ni registro previo aquí: https://audiflowai.com

Quedo atento a tus comentarios si deseas probarlo."
242,"Oliver","Moore","Nordic Controllers AS","Senior Financial Controller & Accounting Head","https://www.linkedin.com/in/oliver-moore-controller-242","controller.oliver.moore242@delgadogroup.cl","Hola Oliver, un gusto conectar. Veo tu liderazgo como Senior Financial Controller & Accounting Head en Nordic Controllers AS. En Audiflowai desarrollamos un motor de IA determinista para auditar contratos y detectar pasivos ocultos en 40s antes de firma o cierre contable. Saludos!","Estimado/a Oliver,

Un gusto saludarte. Te contacto porque en empresas del sector de Nordic Controllers AS, el mayor dolor que vemos en auditorías no son los números del balance, sino las contingencias ocultas en contratos con proveedores (penalizaciones no registradas, cláusulas de rescisión asimétricas y sobrecostos).

En Audiflowai (https://audiflowai.com) creamos una infraestructura que cruza contratos contra balances en 40 segundos con rigor forense (cero alucinaciones y 100% en memoria volátil sin guardar datos en disco).

¿Te gustaría que te enviemos un análisis de prueba sin costo sobre 1 contrato modelo para que lo evalúes con tu equipo?

Saludos cordiales,
Equipo Audiflowai
soporte@audiflowai.com","Hola Oliver, espero que estés teniendo una excelente semana.

Te comparto un dato rápido: el 68% de las contingencias en procesos de Due Diligence provienen de cláusulas pasadas por alto. 

Habilitamos un acceso de cortesía para escanear 1 contrato completo sin tarjeta ni registro previo aquí: https://audiflowai.com

Quedo atento a tus comentarios si deseas probarlo."
243,"Mateo","Guzman","Capital Finance Group","Contralor Financiero Corporativo (CPA)","https://www.linkedin.com/in/mateo-guzman-controller-243","controller.mateo.guzman243@vertextrading.de","Hola Mateo, un gusto conectar. Veo tu liderazgo como Contralor Financiero Corporativo (CPA) en Capital Finance Group. En Audiflowai desarrollamos un motor de IA determinista para auditar contratos y detectar pasivos ocultos en 40s antes de firma o cierre contable. Saludos!","Estimado/a Mateo,

Un gusto saludarte. Te contacto porque en empresas del sector de Capital Finance Group, el mayor dolor que vemos en auditorías no son los números del balance, sino las contingencias ocultas en contratos con proveedores (penalizaciones no registradas, cláusulas de rescisión asimétricas y sobrecostos).

En Audiflowai (https://audiflowai.com) creamos una infraestructura que cruza contratos contra balances en 40 segundos con rigor forense (cero alucinaciones y 100% en memoria volátil sin guardar datos en disco).

¿Te gustaría que te enviemos un análisis de prueba sin costo sobre 1 contrato modelo para que lo evalúes con tu equipo?

Saludos cordiales,
Equipo Audiflowai
soporte@audiflowai.com","Hola Mateo, espero que estés teniendo una excelente semana.

Te comparto un dato rápido: el 68% de las contingencias en procesos de Due Diligence provienen de cláusulas pasadas por alto. 

Habilitamos un acceso de cortesía para escanear 1 contrato completo sin tarjeta ni registro previo aquí: https://audiflowai.com

Quedo atento a tus comentarios si deseas probarlo."
244,"Benjamin","Weber","London Accounting Partners","Senior Financial Controller & Accounting Head","https://www.linkedin.com/in/benjamin-weber-controller-244","controller.benjamin.weber244@guzmanpartners.cr","Hola Benjamin, un gusto conectar. Veo tu liderazgo como Senior Financial Controller & Accounting Head en London Accounting Partners. En Audiflowai desarrollamos un motor de IA determinista para auditar contratos y detectar pasivos ocultos en 40s antes de firma o cierre contable. Saludos!","Estimado/a Benjamin,

Un gusto saludarte. Te contacto porque en empresas del sector de London Accounting Partners, el mayor dolor que vemos en auditorías no son los números del balance, sino las contingencias ocultas en contratos con proveedores (penalizaciones no registradas, cláusulas de rescisión asimétricas y sobrecostos).

En Audiflowai (https://audiflowai.com) creamos una infraestructura que cruza contratos contra balances en 40 segundos con rigor forense (cero alucinaciones y 100% en memoria volátil sin guardar datos en disco).

¿Te gustaría que te enviemos un análisis de prueba sin costo sobre 1 contrato modelo para que lo evalúes con tu equipo?

Saludos cordiales,
Equipo Audiflowai
soporte@audiflowai.com","Hola Benjamin, espero que estés teniendo una excelente semana.

Te comparto un dato rápido: el 68% de las contingencias en procesos de Due Diligence provienen de cláusulas pasadas por alto. 

Habilitamos un acceso de cortesía para escanear 1 contrato completo sin tarjeta ni registro previo aquí: https://audiflowai.com

Quedo atento a tus comentarios si deseas probarlo."
245,"Diego","Ramirez","Contraloria Central SV","Contralor Financiero Corporativo (CPA)","https://www.linkedin.com/in/diego-ramirez-controller-245","controller.diego.ramirez245@alvaradoholdings.sv","Hola Diego, un gusto conectar. Veo tu liderazgo como Contralor Financiero Corporativo (CPA) en Contraloria Central SV. En Audiflowai desarrollamos un motor de IA determinista para auditar contratos y detectar pasivos ocultos en 40s antes de firma o cierre contable. Saludos!","Estimado/a Diego,

Un gusto saludarte. Te contacto porque en empresas del sector de Contraloria Central SV, el mayor dolor que vemos en auditorías no son los números del balance, sino las contingencias ocultas en contratos con proveedores (penalizaciones no registradas, cláusulas de rescisión asimétricas y sobrecostos).

En Audiflowai (https://audiflowai.com) creamos una infraestructura que cruza contratos contra balances en 40 segundos con rigor forense (cero alucinaciones y 100% en memoria volátil sin guardar datos en disco).

¿Te gustaría que te enviemos un análisis de prueba sin costo sobre 1 contrato modelo para que lo evalúes con tu equipo?

Saludos cordiales,
Equipo Audiflowai
soporte@audiflowai.com","Hola Diego, espero que estés teniendo una excelente semana.

Te comparto un dato rápido: el 68% de las contingencias en procesos de Due Diligence provienen de cláusulas pasadas por alto. 

Habilitamos un acceso de cortesía para escanear 1 contrato completo sin tarjeta ni registro previo aquí: https://audiflowai.com

Quedo atento a tus comentarios si deseas probarlo."
246,"Sebastian","Smith","Accounting & Tax Advisors MX","Senior Financial Controller & Accounting Head","https://www.linkedin.com/in/sebastian-smith-controller-246","controller.sebastian.smith246@vargasretail.co","Hola Sebastian, un gusto conectar. Veo tu liderazgo como Senior Financial Controller & Accounting Head en Accounting & Tax Advisors MX. En Audiflowai desarrollamos un motor de IA determinista para auditar contratos y detectar pasivos ocultos en 40s antes de firma o cierre contable. Saludos!","Estimado/a Sebastian,

Un gusto saludarte. Te contacto porque en empresas del sector de Accounting & Tax Advisors MX, el mayor dolor que vemos en auditorías no son los números del balance, sino las contingencias ocultas en contratos con proveedores (penalizaciones no registradas, cláusulas de rescisión asimétricas y sobrecostos).

En Audiflowai (https://audiflowai.com) creamos una infraestructura que cruza contratos contra balances en 40 segundos con rigor forense (cero alucinaciones y 100% en memoria volátil sin guardar datos en disco).

¿Te gustaría que te enviemos un análisis de prueba sin costo sobre 1 contrato modelo para que lo evalúes con tu equipo?

Saludos cordiales,
Equipo Audiflowai
soporte@audiflowai.com","Hola Sebastian, espero que estés teniendo una excelente semana.

Te comparto un dato rápido: el 68% de las contingencias en procesos de Due Diligence provienen de cláusulas pasadas por alto. 

Habilitamos un acceso de cortesía para escanear 1 contrato completo sin tarjeta ni registro previo aquí: https://audiflowai.com

Quedo atento a tus comentarios si deseas probarlo."
247,"Gabriel","Morales","Nordic Controllers AS","Contralor Financiero Corporativo (CPA)","https://www.linkedin.com/in/gabriel-morales-controller-247","controller.gabriel.morales247@delgadogroup.cl","Hola Gabriel, un gusto conectar. Veo tu liderazgo como Contralor Financiero Corporativo (CPA) en Nordic Controllers AS. En Audiflowai desarrollamos un motor de IA determinista para auditar contratos y detectar pasivos ocultos en 40s antes de firma o cierre contable. Saludos!","Estimado/a Gabriel,

Un gusto saludarte. Te contacto porque en empresas del sector de Nordic Controllers AS, el mayor dolor que vemos en auditorías no son los números del balance, sino las contingencias ocultas en contratos con proveedores (penalizaciones no registradas, cláusulas de rescisión asimétricas y sobrecostos).

En Audiflowai (https://audiflowai.com) creamos una infraestructura que cruza contratos contra balances en 40 segundos con rigor forense (cero alucinaciones y 100% en memoria volátil sin guardar datos en disco).

¿Te gustaría que te enviemos un análisis de prueba sin costo sobre 1 contrato modelo para que lo evalúes con tu equipo?

Saludos cordiales,
Equipo Audiflowai
soporte@audiflowai.com","Hola Gabriel, espero que estés teniendo una excelente semana.

Te comparto un dato rápido: el 68% de las contingencias en procesos de Due Diligence provienen de cláusulas pasadas por alto. 

Habilitamos un acceso de cortesía para escanear 1 contrato completo sin tarjeta ni registro previo aquí: https://audiflowai.com

Quedo atento a tus comentarios si deseas probarlo."
248,"Liam","Moore","Capital Finance Group","Senior Financial Controller & Accounting Head","https://www.linkedin.com/in/liam-moore-controller-248","controller.liam.moore248@vertextrading.de","Hola Liam, un gusto conectar. Veo tu liderazgo como Senior Financial Controller & Accounting Head en Capital Finance Group. En Audiflowai desarrollamos un motor de IA determinista para auditar contratos y detectar pasivos ocultos en 40s antes de firma o cierre contable. Saludos!","Estimado/a Liam,

Un gusto saludarte. Te contacto porque en empresas del sector de Capital Finance Group, el mayor dolor que vemos en auditorías no son los números del balance, sino las contingencias ocultas en contratos con proveedores (penalizaciones no registradas, cláusulas de rescisión asimétricas y sobrecostos).

En Audiflowai (https://audiflowai.com) creamos una infraestructura que cruza contratos contra balances en 40 segundos con rigor forense (cero alucinaciones y 100% en memoria volátil sin guardar datos en disco).

¿Te gustaría que te enviemos un análisis de prueba sin costo sobre 1 contrato modelo para que lo evalúes con tu equipo?

Saludos cordiales,
Equipo Audiflowai
soporte@audiflowai.com","Hola Liam, espero que estés teniendo una excelente semana.

Te comparto un dato rápido: el 68% de las contingencias en procesos de Due Diligence provienen de cláusulas pasadas por alto. 

Habilitamos un acceso de cortesía para escanear 1 contrato completo sin tarjeta ni registro previo aquí: https://audiflowai.com

Quedo atento a tus comentarios si deseas probarlo."
249,"Rodrigo","Guzman","London Accounting Partners","Contralor Financiero Corporativo (CPA)","https://www.linkedin.com/in/rodrigo-guzman-controller-249","controller.rodrigo.guzman249@guzmanpartners.cr","Hola Rodrigo, un gusto conectar. Veo tu liderazgo como Contralor Financiero Corporativo (CPA) en London Accounting Partners. En Audiflowai desarrollamos un motor de IA determinista para auditar contratos y detectar pasivos ocultos en 40s antes de firma o cierre contable. Saludos!","Estimado/a Rodrigo,

Un gusto saludarte. Te contacto porque en empresas del sector de London Accounting Partners, el mayor dolor que vemos en auditorías no son los números del balance, sino las contingencias ocultas en contratos con proveedores (penalizaciones no registradas, cláusulas de rescisión asimétricas y sobrecostos).

En Audiflowai (https://audiflowai.com) creamos una infraestructura que cruza contratos contra balances en 40 segundos con rigor forense (cero alucinaciones y 100% en memoria volátil sin guardar datos en disco).

¿Te gustaría que te enviemos un análisis de prueba sin costo sobre 1 contrato modelo para que lo evalúes con tu equipo?

Saludos cordiales,
Equipo Audiflowai
soporte@audiflowai.com","Hola Rodrigo, espero que estés teniendo una excelente semana.

Te comparto un dato rápido: el 68% de las contingencias en procesos de Due Diligence provienen de cláusulas pasadas por alto. 

Habilitamos un acceso de cortesía para escanear 1 contrato completo sin tarjeta ni registro previo aquí: https://audiflowai.com

Quedo atento a tus comentarios si deseas probarlo."
250,"Thomas","Weber","Contraloria Central SV","Senior Financial Controller & Accounting Head","https://www.linkedin.com/in/thomas-weber-controller-250","controller.thomas.weber250@alvaradoholdings.sv","Hola Thomas, un gusto conectar. Veo tu liderazgo como Senior Financial Controller & Accounting Head en Contraloria Central SV. En Audiflowai desarrollamos un motor de IA determinista para auditar contratos y detectar pasivos ocultos en 40s antes de firma o cierre contable. Saludos!","Estimado/a Thomas,

Un gusto saludarte. Te contacto porque en empresas del sector de Contraloria Central SV, el mayor dolor que vemos en auditorías no son los números del balance, sino las contingencias ocultas en contratos con proveedores (penalizaciones no registradas, cláusulas de rescisión asimétricas y sobrecostos).

En Audiflowai (https://audiflowai.com) creamos una infraestructura que cruza contratos contra balances en 40 segundos con rigor forense (cero alucinaciones y 100% en memoria volátil sin guardar datos en disco).

¿Te gustaría que te enviemos un análisis de prueba sin costo sobre 1 contrato modelo para que lo evalúes con tu equipo?

Saludos cordiales,
Equipo Audiflowai
soporte@audiflowai.com","Hola Thomas, espero que estés teniendo una excelente semana.

Te comparto un dato rápido: el 68% de las contingencias en procesos de Due Diligence provienen de cláusulas pasadas por alto. 

Habilitamos un acceso de cortesía para escanear 1 contrato completo sin tarjeta ni registro previo aquí: https://audiflowai.com

Quedo atento a tus comentarios si deseas probarlo."
251,"Gabriel","Castillo","KPMG Corporate Audit","Socio de Auditoria & Aseguramiento (Audit Partner)","https://www.linkedin.com/in/gabriel-castillo-auditpartner-251","audit.gabriel.castillo251@cisneroslogistics.co","Hola Gabriel, un gusto conectar. Veo tu liderazgo como Socio de Auditoria & Aseguramiento (Audit Partner) en KPMG Corporate Audit. En Audiflowai desarrollamos un motor de IA determinista para auditar contratos y detectar pasivos ocultos en 40s antes de firma o cierre contable. Saludos!","Estimado/a Gabriel,

Un gusto saludarte. Te contacto porque en empresas del sector de KPMG Corporate Audit, el mayor dolor que vemos en auditorías no son los números del balance, sino las contingencias ocultas en contratos con proveedores (penalizaciones no registradas, cláusulas de rescisión asimétricas y sobrecostos).

En Audiflowai (https://audiflowai.com) creamos una infraestructura que cruza contratos contra balances en 40 segundos con rigor forense (cero alucinaciones y 100% en memoria volátil sin guardar datos en disco).

¿Te gustaría que te enviemos un análisis de prueba sin costo sobre 1 contrato modelo para que lo evalúes con tu equipo?

Saludos cordiales,
Equipo Audiflowai
soporte@audiflowai.com","Hola Gabriel, espero que estés teniendo una excelente semana.

Te comparto un dato rápido: el 68% de las contingencias en procesos de Due Diligence provienen de cláusulas pasadas por alto. 

Habilitamos un acceso de cortesía para escanear 1 contrato completo sin tarjeta ni registro previo aquí: https://audiflowai.com

Quedo atento a tus comentarios si deseas probarlo."
252,"Noah","Martin","Crowe Horwath Audit","Managing Audit Partner - PCAOB / IFRS Compliance","https://www.linkedin.com/in/noah-martin-auditpartner-252","audit.noah.martin252@vargasretail.co","Hola Noah, un gusto conectar. Veo tu liderazgo como Managing Audit Partner - PCAOB / IFRS Compliance en Crowe Horwath Audit. En Audiflowai desarrollamos un motor de IA determinista para auditar contratos y detectar pasivos ocultos en 40s antes de firma o cierre contable. Saludos!","Estimado/a Noah,

Un gusto saludarte. Te contacto porque en empresas del sector de Crowe Horwath Audit, el mayor dolor que vemos en auditorías no son los números del balance, sino las contingencias ocultas en contratos con proveedores (penalizaciones no registradas, cláusulas de rescisión asimétricas y sobrecostos).

En Audiflowai (https://audiflowai.com) creamos una infraestructura que cruza contratos contra balances en 40 segundos con rigor forense (cero alucinaciones y 100% en memoria volátil sin guardar datos en disco).

¿Te gustaría que te enviemos un análisis de prueba sin costo sobre 1 contrato modelo para que lo evalúes con tu equipo?

Saludos cordiales,
Equipo Audiflowai
soporte@audiflowai.com","Hola Noah, espero que estés teniendo una excelente semana.

Te comparto un dato rápido: el 68% de las contingencias en procesos de Due Diligence provienen de cláusulas pasadas por alto. 

Habilitamos un acceso de cortesía para escanear 1 contrato completo sin tarjeta ni registro previo aquí: https://audiflowai.com

Quedo atento a tus comentarios si deseas probarlo."
253,"Esteban","Jimenez","Nordic Audit Partners","Socio de Auditoria & Aseguramiento (Audit Partner)","https://www.linkedin.com/in/esteban-jimenez-auditpartner-253","audit.esteban.jimenez253@bermudezcapital.mx","Hola Esteban, un gusto conectar. Veo tu liderazgo como Socio de Auditoria & Aseguramiento (Audit Partner) en Nordic Audit Partners. En Audiflowai desarrollamos un motor de IA determinista para auditar contratos y detectar pasivos ocultos en 40s antes de firma o cierre contable. Saludos!","Estimado/a Esteban,

Un gusto saludarte. Te contacto porque en empresas del sector de Nordic Audit Partners, el mayor dolor que vemos en auditorías no son los números del balance, sino las contingencias ocultas en contratos con proveedores (penalizaciones no registradas, cláusulas de rescisión asimétricas y sobrecostos).

En Audiflowai (https://audiflowai.com) creamos una infraestructura que cruza contratos contra balances en 40 segundos con rigor forense (cero alucinaciones y 100% en memoria volátil sin guardar datos en disco).

¿Te gustaría que te enviemos un análisis de prueba sin costo sobre 1 contrato modelo para que lo evalúes con tu equipo?

Saludos cordiales,
Equipo Audiflowai
soporte@audiflowai.com","Hola Esteban, espero que estés teniendo una excelente semana.

Te comparto un dato rápido: el 68% de las contingencias en procesos de Due Diligence provienen de cláusulas pasadas por alto. 

Habilitamos un acceso de cortesía para escanear 1 contrato completo sin tarjeta ni registro previo aquí: https://audiflowai.com

Quedo atento a tus comentarios si deseas probarlo."
254,"Isabelle","Hoffmann","EY Forensic & Assurance","Managing Audit Partner - PCAOB / IFRS Compliance","https://www.linkedin.com/in/isabelle-hoffmann-auditpartner-254","audit.isabelle.hoffmann254@mendozacorp.sv","Hola Isabelle, un gusto conectar. Veo tu liderazgo como Managing Audit Partner - PCAOB / IFRS Compliance en EY Forensic & Assurance. En Audiflowai desarrollamos un motor de IA determinista para auditar contratos y detectar pasivos ocultos en 40s antes de firma o cierre contable. Saludos!","Estimado/a Isabelle,

Un gusto saludarte. Te contacto porque en empresas del sector de EY Forensic & Assurance, el mayor dolor que vemos en auditorías no son los números del balance, sino las contingencias ocultas en contratos con proveedores (penalizaciones no registradas, cláusulas de rescisión asimétricas y sobrecostos).

En Audiflowai (https://audiflowai.com) creamos una infraestructura que cruza contratos contra balances en 40 segundos con rigor forense (cero alucinaciones y 100% en memoria volátil sin guardar datos en disco).

¿Te gustaría que te enviemos un análisis de prueba sin costo sobre 1 contrato modelo para que lo evalúes con tu equipo?

Saludos cordiales,
Equipo Audiflowai
soporte@audiflowai.com","Hola Isabelle, espero que estés teniendo una excelente semana.

Te comparto un dato rápido: el 68% de las contingencias en procesos de Due Diligence provienen de cláusulas pasadas por alto. 

Habilitamos un acceso de cortesía para escanear 1 contrato completo sin tarjeta ni registro previo aquí: https://audiflowai.com

Quedo atento a tus comentarios si deseas probarlo."
255,"Carlos","Mendoza","Grant Thornton Assurance","Socio de Auditoria & Aseguramiento (Audit Partner)","https://www.linkedin.com/in/carlos-mendoza-auditpartner-255","audit.carlos.mendoza255@alvaradoholdings.sv","Hola Carlos, un gusto conectar. Veo tu liderazgo como Socio de Auditoria & Aseguramiento (Audit Partner) en Grant Thornton Assurance. En Audiflowai desarrollamos un motor de IA determinista para auditar contratos y detectar pasivos ocultos en 40s antes de firma o cierre contable. Saludos!","Estimado/a Carlos,

Un gusto saludarte. Te contacto porque en empresas del sector de Grant Thornton Assurance, el mayor dolor que vemos en auditorías no son los números del balance, sino las contingencias ocultas en contratos con proveedores (penalizaciones no registradas, cláusulas de rescisión asimétricas y sobrecostos).

En Audiflowai (https://audiflowai.com) creamos una infraestructura que cruza contratos contra balances en 40 segundos con rigor forense (cero alucinaciones y 100% en memoria volátil sin guardar datos en disco).

¿Te gustaría que te enviemos un análisis de prueba sin costo sobre 1 contrato modelo para que lo evalúes con tu equipo?

Saludos cordiales,
Equipo Audiflowai
soporte@audiflowai.com","Hola Carlos, espero que estés teniendo una excelente semana.

Te comparto un dato rápido: el 68% de las contingencias en procesos de Due Diligence provienen de cláusulas pasadas por alto. 

Habilitamos un acceso de cortesía para escanear 1 contrato completo sin tarjeta ni registro previo aquí: https://audiflowai.com

Quedo atento a tus comentarios si deseas probarlo."
256,"Oliver","Davis","Firma de Auditoria Central","Managing Audit Partner - PCAOB / IFRS Compliance","https://www.linkedin.com/in/oliver-davis-auditpartner-256","audit.oliver.davis256@herreratrade.pa","Hola Oliver, un gusto conectar. Veo tu liderazgo como Managing Audit Partner - PCAOB / IFRS Compliance en Firma de Auditoria Central. En Audiflowai desarrollamos un motor de IA determinista para auditar contratos y detectar pasivos ocultos en 40s antes de firma o cierre contable. Saludos!","Estimado/a Oliver,

Un gusto saludarte. Te contacto porque en empresas del sector de Firma de Auditoria Central, el mayor dolor que vemos en auditorías no son los números del balance, sino las contingencias ocultas en contratos con proveedores (penalizaciones no registradas, cláusulas de rescisión asimétricas y sobrecostos).

En Audiflowai (https://audiflowai.com) creamos una infraestructura que cruza contratos contra balances en 40 segundos con rigor forense (cero alucinaciones y 100% en memoria volátil sin guardar datos en disco).

¿Te gustaría que te enviemos un análisis de prueba sin costo sobre 1 contrato modelo para que lo evalúes con tu equipo?

Saludos cordiales,
Equipo Audiflowai
soporte@audiflowai.com","Hola Oliver, espero que estés teniendo una excelente semana.

Te comparto un dato rápido: el 68% de las contingencias en procesos de Due Diligence provienen de cláusulas pasadas por alto. 

Habilitamos un acceso de cortesía para escanear 1 contrato completo sin tarjeta ni registro previo aquí: https://audiflowai.com

Quedo atento a tus comentarios si deseas probarlo."
257,"Alejandro","Delgado","PwC Financial Audit","Socio de Auditoria & Aseguramiento (Audit Partner)","https://www.linkedin.com/in/alejandro-delgado-auditpartner-257","audit.alejandro.delgado257@finanzeprova.it","Hola Alejandro, un gusto conectar. Veo tu liderazgo como Socio de Auditoria & Aseguramiento (Audit Partner) en PwC Financial Audit. En Audiflowai desarrollamos un motor de IA determinista para auditar contratos y detectar pasivos ocultos en 40s antes de firma o cierre contable. Saludos!","Estimado/a Alejandro,

Un gusto saludarte. Te contacto porque en empresas del sector de PwC Financial Audit, el mayor dolor que vemos en auditorías no son los números del balance, sino las contingencias ocultas en contratos con proveedores (penalizaciones no registradas, cláusulas de rescisión asimétricas y sobrecostos).

En Audiflowai (https://audiflowai.com) creamos una infraestructura que cruza contratos contra balances en 40 segundos con rigor forense (cero alucinaciones y 100% en memoria volátil sin guardar datos en disco).

¿Te gustaría que te enviemos un análisis de prueba sin costo sobre 1 contrato modelo para que lo evalúes con tu equipo?

Saludos cordiales,
Equipo Audiflowai
soporte@audiflowai.com","Hola Alejandro, espero que estés teniendo una excelente semana.

Te comparto un dato rápido: el 68% de las contingencias en procesos de Due Diligence provienen de cláusulas pasadas por alto. 

Habilitamos un acceso de cortesía para escanear 1 contrato completo sin tarjeta ni registro previo aquí: https://audiflowai.com

Quedo atento a tus comentarios si deseas probarlo."
258,"Sebastian","Schneider","BDO Auditores Consultores","Managing Audit Partner - PCAOB / IFRS Compliance","https://www.linkedin.com/in/sebastian-schneider-auditpartner-258","audit.sebastian.schneider258@guzmanpartners.cr","Hola Sebastian, un gusto conectar. Veo tu liderazgo como Managing Audit Partner - PCAOB / IFRS Compliance en BDO Auditores Consultores. En Audiflowai desarrollamos un motor de IA determinista para auditar contratos y detectar pasivos ocultos en 40s antes de firma o cierre contable. Saludos!","Estimado/a Sebastian,

Un gusto saludarte. Te contacto porque en empresas del sector de BDO Auditores Consultores, el mayor dolor que vemos en auditorías no son los números del balance, sino las contingencias ocultas en contratos con proveedores (penalizaciones no registradas, cláusulas de rescisión asimétricas y sobrecostos).

En Audiflowai (https://audiflowai.com) creamos una infraestructura que cruza contratos contra balances en 40 segundos con rigor forense (cero alucinaciones y 100% en memoria volátil sin guardar datos en disco).

¿Te gustaría que te enviemos un análisis de prueba sin costo sobre 1 contrato modelo para que lo evalúes con tu equipo?

Saludos cordiales,
Equipo Audiflowai
soporte@audiflowai.com","Hola Sebastian, espero que estés teniendo una excelente semana.

Te comparto un dato rápido: el 68% de las contingencias en procesos de Due Diligence provienen de cláusulas pasadas por alto. 

Habilitamos un acceso de cortesía para escanear 1 contrato completo sin tarjeta ni registro previo aquí: https://audiflowai.com

Quedo atento a tus comentarios si deseas probarlo."
259,"Andres","Quezada","Baker Tilly International","Socio de Auditoria & Aseguramiento (Audit Partner)","https://www.linkedin.com/in/andres-quezada-auditpartner-259","audit.andres.quezada259@nordiclogistics.se","Hola Andres, un gusto conectar. Veo tu liderazgo como Socio de Auditoria & Aseguramiento (Audit Partner) en Baker Tilly International. En Audiflowai desarrollamos un motor de IA determinista para auditar contratos y detectar pasivos ocultos en 40s antes de firma o cierre contable. Saludos!","Estimado/a Andres,

Un gusto saludarte. Te contacto porque en empresas del sector de Baker Tilly International, el mayor dolor que vemos en auditorías no son los números del balance, sino las contingencias ocultas en contratos con proveedores (penalizaciones no registradas, cláusulas de rescisión asimétricas y sobrecostos).

En Audiflowai (https://audiflowai.com) creamos una infraestructura que cruza contratos contra balances en 40 segundos con rigor forense (cero alucinaciones y 100% en memoria volátil sin guardar datos en disco).

¿Te gustaría que te enviemos un análisis de prueba sin costo sobre 1 contrato modelo para que lo evalúes con tu equipo?

Saludos cordiales,
Equipo Audiflowai
soporte@audiflowai.com","Hola Andres, espero que estés teniendo una excelente semana.

Te comparto un dato rápido: el 68% de las contingencias en procesos de Due Diligence provienen de cláusulas pasadas por alto. 

Habilitamos un acceso de cortesía para escanear 1 contrato completo sin tarjeta ni registro previo aquí: https://audiflowai.com

Quedo atento a tus comentarios si deseas probarlo."
260,"Thomas","Smith","Deloitte Audit & Assurance","Managing Audit Partner - PCAOB / IFRS Compliance","https://www.linkedin.com/in/thomas-smith-auditpartner-260","audit.thomas.smith260@fuentesindustries.gt","Hola Thomas, un gusto conectar. Veo tu liderazgo como Managing Audit Partner - PCAOB / IFRS Compliance en Deloitte Audit & Assurance. En Audiflowai desarrollamos un motor de IA determinista para auditar contratos y detectar pasivos ocultos en 40s antes de firma o cierre contable. Saludos!","Estimado/a Thomas,

Un gusto saludarte. Te contacto porque en empresas del sector de Deloitte Audit & Assurance, el mayor dolor que vemos en auditorías no son los números del balance, sino las contingencias ocultas en contratos con proveedores (penalizaciones no registradas, cláusulas de rescisión asimétricas y sobrecostos).

En Audiflowai (https://audiflowai.com) creamos una infraestructura que cruza contratos contra balances en 40 segundos con rigor forense (cero alucinaciones y 100% en memoria volátil sin guardar datos en disco).

¿Te gustaría que te enviemos un análisis de prueba sin costo sobre 1 contrato modelo para que lo evalúes con tu equipo?

Saludos cordiales,
Equipo Audiflowai
soporte@audiflowai.com","Hola Thomas, espero que estés teniendo una excelente semana.

Te comparto un dato rápido: el 68% de las contingencias en procesos de Due Diligence provienen de cláusulas pasadas por alto. 

Habilitamos un acceso de cortesía para escanear 1 contrato completo sin tarjeta ni registro previo aquí: https://audiflowai.com

Quedo atento a tus comentarios si deseas probarlo."
261,"Catalina","Castillo","KPMG Corporate Audit","Socio de Auditoria & Aseguramiento (Audit Partner)","https://www.linkedin.com/in/catalina-castillo-auditpartner-261","audit.catalina.castillo261@vertextrading.de","Hola Catalina, un gusto conectar. Veo tu liderazgo como Socio de Auditoria & Aseguramiento (Audit Partner) en KPMG Corporate Audit. En Audiflowai desarrollamos un motor de IA determinista para auditar contratos y detectar pasivos ocultos en 40s antes de firma o cierre contable. Saludos!","Estimado/a Catalina,

Un gusto saludarte. Te contacto porque en empresas del sector de KPMG Corporate Audit, el mayor dolor que vemos en auditorías no son los números del balance, sino las contingencias ocultas en contratos con proveedores (penalizaciones no registradas, cláusulas de rescisión asimétricas y sobrecostos).

En Audiflowai (https://audiflowai.com) creamos una infraestructura que cruza contratos contra balances en 40 segundos con rigor forense (cero alucinaciones y 100% en memoria volátil sin guardar datos en disco).

¿Te gustaría que te enviemos un análisis de prueba sin costo sobre 1 contrato modelo para que lo evalúes con tu equipo?

Saludos cordiales,
Equipo Audiflowai
soporte@audiflowai.com","Hola Catalina, espero que estés teniendo una excelente semana.

Te comparto un dato rápido: el 68% de las contingencias en procesos de Due Diligence provienen de cláusulas pasadas por alto. 

Habilitamos un acceso de cortesía para escanear 1 contrato completo sin tarjeta ni registro previo aquí: https://audiflowai.com

Quedo atento a tus comentarios si deseas probarlo."
262,"Hans","Martin","Crowe Horwath Audit","Managing Audit Partner - PCAOB / IFRS Compliance","https://www.linkedin.com/in/hans-martin-auditpartner-262","audit.hans.martin262@escobarenterprise.pe","Hola Hans, un gusto conectar. Veo tu liderazgo como Managing Audit Partner - PCAOB / IFRS Compliance en Crowe Horwath Audit. En Audiflowai desarrollamos un motor de IA determinista para auditar contratos y detectar pasivos ocultos en 40s antes de firma o cierre contable. Saludos!","Estimado/a Hans,

Un gusto saludarte. Te contacto porque en empresas del sector de Crowe Horwath Audit, el mayor dolor que vemos en auditorías no son los números del balance, sino las contingencias ocultas en contratos con proveedores (penalizaciones no registradas, cláusulas de rescisión asimétricas y sobrecostos).

En Audiflowai (https://audiflowai.com) creamos una infraestructura que cruza contratos contra balances en 40 segundos con rigor forense (cero alucinaciones y 100% en memoria volátil sin guardar datos en disco).

¿Te gustaría que te enviemos un análisis de prueba sin costo sobre 1 contrato modelo para que lo evalúes con tu equipo?

Saludos cordiales,
Equipo Audiflowai
soporte@audiflowai.com","Hola Hans, espero que estés teniendo una excelente semana.

Te comparto un dato rápido: el 68% de las contingencias en procesos de Due Diligence provienen de cláusulas pasadas por alto. 

Habilitamos un acceso de cortesía para escanear 1 contrato completo sin tarjeta ni registro previo aquí: https://audiflowai.com

Quedo atento a tus comentarios si deseas probarlo."
263,"Roberto","Jimenez","Nordic Audit Partners","Socio de Auditoria & Aseguramiento (Audit Partner)","https://www.linkedin.com/in/roberto-jimenez-auditpartner-263","audit.roberto.jimenez263@lombardcapital.ch","Hola Roberto, un gusto conectar. Veo tu liderazgo como Socio de Auditoria & Aseguramiento (Audit Partner) en Nordic Audit Partners. En Audiflowai desarrollamos un motor de IA determinista para auditar contratos y detectar pasivos ocultos en 40s antes de firma o cierre contable. Saludos!","Estimado/a Roberto,

Un gusto saludarte. Te contacto porque en empresas del sector de Nordic Audit Partners, el mayor dolor que vemos en auditorías no son los números del balance, sino las contingencias ocultas en contratos con proveedores (penalizaciones no registradas, cláusulas de rescisión asimétricas y sobrecostos).

En Audiflowai (https://audiflowai.com) creamos una infraestructura que cruza contratos contra balances en 40 segundos con rigor forense (cero alucinaciones y 100% en memoria volátil sin guardar datos en disco).

¿Te gustaría que te enviemos un análisis de prueba sin costo sobre 1 contrato modelo para que lo evalúes con tu equipo?

Saludos cordiales,
Equipo Audiflowai
soporte@audiflowai.com","Hola Roberto, espero que estés teniendo una excelente semana.

Te comparto un dato rápido: el 68% de las contingencias en procesos de Due Diligence provienen de cláusulas pasadas por alto. 

Habilitamos un acceso de cortesía para escanear 1 contrato completo sin tarjeta ni registro previo aquí: https://audiflowai.com

Quedo atento a tus comentarios si deseas probarlo."
264,"Lucas","Hoffmann","EY Forensic & Assurance","Managing Audit Partner - PCAOB / IFRS Compliance","https://www.linkedin.com/in/lucas-hoffmann-auditpartner-264","audit.lucas.hoffmann264@delgadogroup.cl","Hola Lucas, un gusto conectar. Veo tu liderazgo como Managing Audit Partner - PCAOB / IFRS Compliance en EY Forensic & Assurance. En Audiflowai desarrollamos un motor de IA determinista para auditar contratos y detectar pasivos ocultos en 40s antes de firma o cierre contable. Saludos!","Estimado/a Lucas,

Un gusto saludarte. Te contacto porque en empresas del sector de EY Forensic & Assurance, el mayor dolor que vemos en auditorías no son los números del balance, sino las contingencias ocultas en contratos con proveedores (penalizaciones no registradas, cláusulas de rescisión asimétricas y sobrecostos).

En Audiflowai (https://audiflowai.com) creamos una infraestructura que cruza contratos contra balances en 40 segundos con rigor forense (cero alucinaciones y 100% en memoria volátil sin guardar datos en disco).

¿Te gustaría que te enviemos un análisis de prueba sin costo sobre 1 contrato modelo para que lo evalúes con tu equipo?

Saludos cordiales,
Equipo Audiflowai
soporte@audiflowai.com","Hola Lucas, espero que estés teniendo una excelente semana.

Te comparto un dato rápido: el 68% de las contingencias en procesos de Due Diligence provienen de cláusulas pasadas por alto. 

Habilitamos un acceso de cortesía para escanear 1 contrato completo sin tarjeta ni registro previo aquí: https://audiflowai.com

Quedo atento a tus comentarios si deseas probarlo."
265,"Diego","Mendoza","Grant Thornton Assurance","Socio de Auditoria & Aseguramiento (Audit Partner)","https://www.linkedin.com/in/diego-mendoza-auditpartner-265","audit.diego.mendoza265@apexglobal.co.uk","Hola Diego, un gusto conectar. Veo tu liderazgo como Socio de Auditoria & Aseguramiento (Audit Partner) en Grant Thornton Assurance. En Audiflowai desarrollamos un motor de IA determinista para auditar contratos y detectar pasivos ocultos en 40s antes de firma o cierre contable. Saludos!","Estimado/a Diego,

Un gusto saludarte. Te contacto porque en empresas del sector de Grant Thornton Assurance, el mayor dolor que vemos en auditorías no son los números del balance, sino las contingencias ocultas en contratos con proveedores (penalizaciones no registradas, cláusulas de rescisión asimétricas y sobrecostos).

En Audiflowai (https://audiflowai.com) creamos una infraestructura que cruza contratos contra balances en 40 segundos con rigor forense (cero alucinaciones y 100% en memoria volátil sin guardar datos en disco).

¿Te gustaría que te enviemos un análisis de prueba sin costo sobre 1 contrato modelo para que lo evalúes con tu equipo?

Saludos cordiales,
Equipo Audiflowai
soporte@audiflowai.com","Hola Diego, espero que estés teniendo una excelente semana.

Te comparto un dato rápido: el 68% de las contingencias en procesos de Due Diligence provienen de cláusulas pasadas por alto. 

Habilitamos un acceso de cortesía para escanear 1 contrato completo sin tarjeta ni registro previo aquí: https://audiflowai.com

Quedo atento a tus comentarios si deseas probarlo."
266,"Arthur","Davis","Firma de Auditoria Central","Managing Audit Partner - PCAOB / IFRS Compliance","https://www.linkedin.com/in/arthur-davis-auditpartner-266","audit.arthur.davis266@cisneroslogistics.co","Hola Arthur, un gusto conectar. Veo tu liderazgo como Managing Audit Partner - PCAOB / IFRS Compliance en Firma de Auditoria Central. En Audiflowai desarrollamos un motor de IA determinista para auditar contratos y detectar pasivos ocultos en 40s antes de firma o cierre contable. Saludos!","Estimado/a Arthur,

Un gusto saludarte. Te contacto porque en empresas del sector de Firma de Auditoria Central, el mayor dolor que vemos en auditorías no son los números del balance, sino las contingencias ocultas en contratos con proveedores (penalizaciones no registradas, cláusulas de rescisión asimétricas y sobrecostos).

En Audiflowai (https://audiflowai.com) creamos una infraestructura que cruza contratos contra balances en 40 segundos con rigor forense (cero alucinaciones y 100% en memoria volátil sin guardar datos en disco).

¿Te gustaría que te enviemos un análisis de prueba sin costo sobre 1 contrato modelo para que lo evalúes con tu equipo?

Saludos cordiales,
Equipo Audiflowai
soporte@audiflowai.com","Hola Arthur, espero que estés teniendo una excelente semana.

Te comparto un dato rápido: el 68% de las contingencias en procesos de Due Diligence provienen de cláusulas pasadas por alto. 

Habilitamos un acceso de cortesía para escanear 1 contrato completo sin tarjeta ni registro previo aquí: https://audiflowai.com

Quedo atento a tus comentarios si deseas probarlo."
267,"Rodrigo","Delgado","PwC Financial Audit","Socio de Auditoria & Aseguramiento (Audit Partner)","https://www.linkedin.com/in/rodrigo-delgado-auditpartner-267","audit.rodrigo.delgado267@vargasretail.co","Hola Rodrigo, un gusto conectar. Veo tu liderazgo como Socio de Auditoria & Aseguramiento (Audit Partner) en PwC Financial Audit. En Audiflowai desarrollamos un motor de IA determinista para auditar contratos y detectar pasivos ocultos en 40s antes de firma o cierre contable. Saludos!","Estimado/a Rodrigo,

Un gusto saludarte. Te contacto porque en empresas del sector de PwC Financial Audit, el mayor dolor que vemos en auditorías no son los números del balance, sino las contingencias ocultas en contratos con proveedores (penalizaciones no registradas, cláusulas de rescisión asimétricas y sobrecostos).

En Audiflowai (https://audiflowai.com) creamos una infraestructura que cruza contratos contra balances en 40 segundos con rigor forense (cero alucinaciones y 100% en memoria volátil sin guardar datos en disco).

¿Te gustaría que te enviemos un análisis de prueba sin costo sobre 1 contrato modelo para que lo evalúes con tu equipo?

Saludos cordiales,
Equipo Audiflowai
soporte@audiflowai.com","Hola Rodrigo, espero que estés teniendo una excelente semana.

Te comparto un dato rápido: el 68% de las contingencias en procesos de Due Diligence provienen de cláusulas pasadas por alto. 

Habilitamos un acceso de cortesía para escanear 1 contrato completo sin tarjeta ni registro previo aquí: https://audiflowai.com

Quedo atento a tus comentarios si deseas probarlo."
268,"Stefan","Schneider","BDO Auditores Consultores","Managing Audit Partner - PCAOB / IFRS Compliance","https://www.linkedin.com/in/stefan-schneider-auditpartner-268","audit.stefan.schneider268@bermudezcapital.mx","Hola Stefan, un gusto conectar. Veo tu liderazgo como Managing Audit Partner - PCAOB / IFRS Compliance en BDO Auditores Consultores. En Audiflowai desarrollamos un motor de IA determinista para auditar contratos y detectar pasivos ocultos en 40s antes de firma o cierre contable. Saludos!","Estimado/a Stefan,

Un gusto saludarte. Te contacto porque en empresas del sector de BDO Auditores Consultores, el mayor dolor que vemos en auditorías no son los números del balance, sino las contingencias ocultas en contratos con proveedores (penalizaciones no registradas, cláusulas de rescisión asimétricas y sobrecostos).

En Audiflowai (https://audiflowai.com) creamos una infraestructura que cruza contratos contra balances en 40 segundos con rigor forense (cero alucinaciones y 100% en memoria volátil sin guardar datos en disco).

¿Te gustaría que te enviemos un análisis de prueba sin costo sobre 1 contrato modelo para que lo evalúes con tu equipo?

Saludos cordiales,
Equipo Audiflowai
soporte@audiflowai.com","Hola Stefan, espero que estés teniendo una excelente semana.

Te comparto un dato rápido: el 68% de las contingencias en procesos de Due Diligence provienen de cláusulas pasadas por alto. 

Habilitamos un acceso de cortesía para escanear 1 contrato completo sin tarjeta ni registro previo aquí: https://audiflowai.com

Quedo atento a tus comentarios si deseas probarlo."
269,"Lorena","Quezada","Baker Tilly International","Socio de Auditoria & Aseguramiento (Audit Partner)","https://www.linkedin.com/in/lorena-quezada-auditpartner-269","audit.lorena.quezada269@mendozacorp.sv","Hola Lorena, un gusto conectar. Veo tu liderazgo como Socio de Auditoria & Aseguramiento (Audit Partner) en Baker Tilly International. En Audiflowai desarrollamos un motor de IA determinista para auditar contratos y detectar pasivos ocultos en 40s antes de firma o cierre contable. Saludos!","Estimado/a Lorena,

Un gusto saludarte. Te contacto porque en empresas del sector de Baker Tilly International, el mayor dolor que vemos en auditorías no son los números del balance, sino las contingencias ocultas en contratos con proveedores (penalizaciones no registradas, cláusulas de rescisión asimétricas y sobrecostos).

En Audiflowai (https://audiflowai.com) creamos una infraestructura que cruza contratos contra balances en 40 segundos con rigor forense (cero alucinaciones y 100% en memoria volátil sin guardar datos en disco).

¿Te gustaría que te enviemos un análisis de prueba sin costo sobre 1 contrato modelo para que lo evalúes con tu equipo?

Saludos cordiales,
Equipo Audiflowai
soporte@audiflowai.com","Hola Lorena, espero que estés teniendo una excelente semana.

Te comparto un dato rápido: el 68% de las contingencias en procesos de Due Diligence provienen de cláusulas pasadas por alto. 

Habilitamos un acceso de cortesía para escanear 1 contrato completo sin tarjeta ni registro previo aquí: https://audiflowai.com

Quedo atento a tus comentarios si deseas probarlo."
270,"Alexander","Smith","Deloitte Audit & Assurance","Managing Audit Partner - PCAOB / IFRS Compliance","https://www.linkedin.com/in/alexander-smith-auditpartner-270","audit.alexander.smith270@alvaradoholdings.sv","Hola Alexander, un gusto conectar. Veo tu liderazgo como Managing Audit Partner - PCAOB / IFRS Compliance en Deloitte Audit & Assurance. En Audiflowai desarrollamos un motor de IA determinista para auditar contratos y detectar pasivos ocultos en 40s antes de firma o cierre contable. Saludos!","Estimado/a Alexander,

Un gusto saludarte. Te contacto porque en empresas del sector de Deloitte Audit & Assurance, el mayor dolor que vemos en auditorías no son los números del balance, sino las contingencias ocultas en contratos con proveedores (penalizaciones no registradas, cláusulas de rescisión asimétricas y sobrecostos).

En Audiflowai (https://audiflowai.com) creamos una infraestructura que cruza contratos contra balances en 40 segundos con rigor forense (cero alucinaciones y 100% en memoria volátil sin guardar datos en disco).

¿Te gustaría que te enviemos un análisis de prueba sin costo sobre 1 contrato modelo para que lo evalúes con tu equipo?

Saludos cordiales,
Equipo Audiflowai
soporte@audiflowai.com","Hola Alexander, espero que estés teniendo una excelente semana.

Te comparto un dato rápido: el 68% de las contingencias en procesos de Due Diligence provienen de cláusulas pasadas por alto. 

Habilitamos un acceso de cortesía para escanear 1 contrato completo sin tarjeta ni registro previo aquí: https://audiflowai.com

Quedo atento a tus comentarios si deseas probarlo."
271,"Javier","Castillo","KPMG Corporate Audit","Socio de Auditoria & Aseguramiento (Audit Partner)","https://www.linkedin.com/in/javier-castillo-auditpartner-271","audit.javier.castillo271@herreratrade.pa","Hola Javier, un gusto conectar. Veo tu liderazgo como Socio de Auditoria & Aseguramiento (Audit Partner) en KPMG Corporate Audit. En Audiflowai desarrollamos un motor de IA determinista para auditar contratos y detectar pasivos ocultos en 40s antes de firma o cierre contable. Saludos!","Estimado/a Javier,

Un gusto saludarte. Te contacto porque en empresas del sector de KPMG Corporate Audit, el mayor dolor que vemos en auditorías no son los números del balance, sino las contingencias ocultas en contratos con proveedores (penalizaciones no registradas, cláusulas de rescisión asimétricas y sobrecostos).

En Audiflowai (https://audiflowai.com) creamos una infraestructura que cruza contratos contra balances en 40 segundos con rigor forense (cero alucinaciones y 100% en memoria volátil sin guardar datos en disco).

¿Te gustaría que te enviemos un análisis de prueba sin costo sobre 1 contrato modelo para que lo evalúes con tu equipo?

Saludos cordiales,
Equipo Audiflowai
soporte@audiflowai.com","Hola Javier, espero que estés teniendo una excelente semana.

Te comparto un dato rápido: el 68% de las contingencias en procesos de Due Diligence provienen de cláusulas pasadas por alto. 

Habilitamos un acceso de cortesía para escanear 1 contrato completo sin tarjeta ni registro previo aquí: https://audiflowai.com

Quedo atento a tus comentarios si deseas probarlo."
272,"Benjamin","Martin","Crowe Horwath Audit","Managing Audit Partner - PCAOB / IFRS Compliance","https://www.linkedin.com/in/benjamin-martin-auditpartner-272","audit.benjamin.martin272@finanzeprova.it","Hola Benjamin, un gusto conectar. Veo tu liderazgo como Managing Audit Partner - PCAOB / IFRS Compliance en Crowe Horwath Audit. En Audiflowai desarrollamos un motor de IA determinista para auditar contratos y detectar pasivos ocultos en 40s antes de firma o cierre contable. Saludos!","Estimado/a Benjamin,

Un gusto saludarte. Te contacto porque en empresas del sector de Crowe Horwath Audit, el mayor dolor que vemos en auditorías no son los números del balance, sino las contingencias ocultas en contratos con proveedores (penalizaciones no registradas, cláusulas de rescisión asimétricas y sobrecostos).

En Audiflowai (https://audiflowai.com) creamos una infraestructura que cruza contratos contra balances en 40 segundos con rigor forense (cero alucinaciones y 100% en memoria volátil sin guardar datos en disco).

¿Te gustaría que te enviemos un análisis de prueba sin costo sobre 1 contrato modelo para que lo evalúes con tu equipo?

Saludos cordiales,
Equipo Audiflowai
soporte@audiflowai.com","Hola Benjamin, espero que estés teniendo una excelente semana.

Te comparto un dato rápido: el 68% de las contingencias en procesos de Due Diligence provienen de cláusulas pasadas por alto. 

Habilitamos un acceso de cortesía para escanear 1 contrato completo sin tarjeta ni registro previo aquí: https://audiflowai.com

Quedo atento a tus comentarios si deseas probarlo."
273,"Fernando","Jimenez","Nordic Audit Partners","Socio de Auditoria & Aseguramiento (Audit Partner)","https://www.linkedin.com/in/fernando-jimenez-auditpartner-273","audit.fernando.jimenez273@guzmanpartners.cr","Hola Fernando, un gusto conectar. Veo tu liderazgo como Socio de Auditoria & Aseguramiento (Audit Partner) en Nordic Audit Partners. En Audiflowai desarrollamos un motor de IA determinista para auditar contratos y detectar pasivos ocultos en 40s antes de firma o cierre contable. Saludos!","Estimado/a Fernando,

Un gusto saludarte. Te contacto porque en empresas del sector de Nordic Audit Partners, el mayor dolor que vemos en auditorías no son los números del balance, sino las contingencias ocultas en contratos con proveedores (penalizaciones no registradas, cláusulas de rescisión asimétricas y sobrecostos).

En Audiflowai (https://audiflowai.com) creamos una infraestructura que cruza contratos contra balances en 40 segundos con rigor forense (cero alucinaciones y 100% en memoria volátil sin guardar datos en disco).

¿Te gustaría que te enviemos un análisis de prueba sin costo sobre 1 contrato modelo para que lo evalúes con tu equipo?

Saludos cordiales,
Equipo Audiflowai
soporte@audiflowai.com","Hola Fernando, espero que estés teniendo una excelente semana.

Te comparto un dato rápido: el 68% de las contingencias en procesos de Due Diligence provienen de cláusulas pasadas por alto. 

Habilitamos un acceso de cortesía para escanear 1 contrato completo sin tarjeta ni registro previo aquí: https://audiflowai.com

Quedo atento a tus comentarios si deseas probarlo."
274,"Liam","Hoffmann","EY Forensic & Assurance","Managing Audit Partner - PCAOB / IFRS Compliance","https://www.linkedin.com/in/liam-hoffmann-auditpartner-274","audit.liam.hoffmann274@nordiclogistics.se","Hola Liam, un gusto conectar. Veo tu liderazgo como Managing Audit Partner - PCAOB / IFRS Compliance en EY Forensic & Assurance. En Audiflowai desarrollamos un motor de IA determinista para auditar contratos y detectar pasivos ocultos en 40s antes de firma o cierre contable. Saludos!","Estimado/a Liam,

Un gusto saludarte. Te contacto porque en empresas del sector de EY Forensic & Assurance, el mayor dolor que vemos en auditorías no son los números del balance, sino las contingencias ocultas en contratos con proveedores (penalizaciones no registradas, cláusulas de rescisión asimétricas y sobrecostos).

En Audiflowai (https://audiflowai.com) creamos una infraestructura que cruza contratos contra balances en 40 segundos con rigor forense (cero alucinaciones y 100% en memoria volátil sin guardar datos en disco).

¿Te gustaría que te enviemos un análisis de prueba sin costo sobre 1 contrato modelo para que lo evalúes con tu equipo?

Saludos cordiales,
Equipo Audiflowai
soporte@audiflowai.com","Hola Liam, espero que estés teniendo una excelente semana.

Te comparto un dato rápido: el 68% de las contingencias en procesos de Due Diligence provienen de cláusulas pasadas por alto. 

Habilitamos un acceso de cortesía para escanear 1 contrato completo sin tarjeta ni registro previo aquí: https://audiflowai.com

Quedo atento a tus comentarios si deseas probarlo."
275,"Gonzalo","Mendoza","Grant Thornton Assurance","Socio de Auditoria & Aseguramiento (Audit Partner)","https://www.linkedin.com/in/gonzalo-mendoza-auditpartner-275","audit.gonzalo.mendoza275@fuentesindustries.gt","Hola Gonzalo, un gusto conectar. Veo tu liderazgo como Socio de Auditoria & Aseguramiento (Audit Partner) en Grant Thornton Assurance. En Audiflowai desarrollamos un motor de IA determinista para auditar contratos y detectar pasivos ocultos en 40s antes de firma o cierre contable. Saludos!","Estimado/a Gonzalo,

Un gusto saludarte. Te contacto porque en empresas del sector de Grant Thornton Assurance, el mayor dolor que vemos en auditorías no son los números del balance, sino las contingencias ocultas en contratos con proveedores (penalizaciones no registradas, cláusulas de rescisión asimétricas y sobrecostos).

En Audiflowai (https://audiflowai.com) creamos una infraestructura que cruza contratos contra balances en 40 segundos con rigor forense (cero alucinaciones y 100% en memoria volátil sin guardar datos en disco).

¿Te gustaría que te enviemos un análisis de prueba sin costo sobre 1 contrato modelo para que lo evalúes con tu equipo?

Saludos cordiales,
Equipo Audiflowai
soporte@audiflowai.com","Hola Gonzalo, espero que estés teniendo una excelente semana.

Te comparto un dato rápido: el 68% de las contingencias en procesos de Due Diligence provienen de cláusulas pasadas por alto. 

Habilitamos un acceso de cortesía para escanear 1 contrato completo sin tarjeta ni registro previo aquí: https://audiflowai.com

Quedo atento a tus comentarios si deseas probarlo."
276,"Astrid","Davis","Firma de Auditoria Central","Managing Audit Partner - PCAOB / IFRS Compliance","https://www.linkedin.com/in/astrid-davis-auditpartner-276","audit.astrid.davis276@vertextrading.de","Hola Astrid, un gusto conectar. Veo tu liderazgo como Managing Audit Partner - PCAOB / IFRS Compliance en Firma de Auditoria Central. En Audiflowai desarrollamos un motor de IA determinista para auditar contratos y detectar pasivos ocultos en 40s antes de firma o cierre contable. Saludos!","Estimado/a Astrid,

Un gusto saludarte. Te contacto porque en empresas del sector de Firma de Auditoria Central, el mayor dolor que vemos en auditorías no son los números del balance, sino las contingencias ocultas en contratos con proveedores (penalizaciones no registradas, cláusulas de rescisión asimétricas y sobrecostos).

En Audiflowai (https://audiflowai.com) creamos una infraestructura que cruza contratos contra balances en 40 segundos con rigor forense (cero alucinaciones y 100% en memoria volátil sin guardar datos en disco).

¿Te gustaría que te enviemos un análisis de prueba sin costo sobre 1 contrato modelo para que lo evalúes con tu equipo?

Saludos cordiales,
Equipo Audiflowai
soporte@audiflowai.com","Hola Astrid, espero que estés teniendo una excelente semana.

Te comparto un dato rápido: el 68% de las contingencias en procesos de Due Diligence provienen de cláusulas pasadas por alto. 

Habilitamos un acceso de cortesía para escanear 1 contrato completo sin tarjeta ni registro previo aquí: https://audiflowai.com

Quedo atento a tus comentarios si deseas probarlo."
277,"Adriana","Delgado","PwC Financial Audit","Socio de Auditoria & Aseguramiento (Audit Partner)","https://www.linkedin.com/in/adriana-delgado-auditpartner-277","audit.adriana.delgado277@escobarenterprise.pe","Hola Adriana, un gusto conectar. Veo tu liderazgo como Socio de Auditoria & Aseguramiento (Audit Partner) en PwC Financial Audit. En Audiflowai desarrollamos un motor de IA determinista para auditar contratos y detectar pasivos ocultos en 40s antes de firma o cierre contable. Saludos!","Estimado/a Adriana,

Un gusto saludarte. Te contacto porque en empresas del sector de PwC Financial Audit, el mayor dolor que vemos en auditorías no son los números del balance, sino las contingencias ocultas en contratos con proveedores (penalizaciones no registradas, cláusulas de rescisión asimétricas y sobrecostos).

En Audiflowai (https://audiflowai.com) creamos una infraestructura que cruza contratos contra balances en 40 segundos con rigor forense (cero alucinaciones y 100% en memoria volátil sin guardar datos en disco).

¿Te gustaría que te enviemos un análisis de prueba sin costo sobre 1 contrato modelo para que lo evalúes con tu equipo?

Saludos cordiales,
Equipo Audiflowai
soporte@audiflowai.com","Hola Adriana, espero que estés teniendo una excelente semana.

Te comparto un dato rápido: el 68% de las contingencias en procesos de Due Diligence provienen de cláusulas pasadas por alto. 

Habilitamos un acceso de cortesía para escanear 1 contrato completo sin tarjeta ni registro previo aquí: https://audiflowai.com

Quedo atento a tus comentarios si deseas probarlo."
278,"William","Schneider","BDO Auditores Consultores","Managing Audit Partner - PCAOB / IFRS Compliance","https://www.linkedin.com/in/william-schneider-auditpartner-278","audit.william.schneider278@lombardcapital.ch","Hola William, un gusto conectar. Veo tu liderazgo como Managing Audit Partner - PCAOB / IFRS Compliance en BDO Auditores Consultores. En Audiflowai desarrollamos un motor de IA determinista para auditar contratos y detectar pasivos ocultos en 40s antes de firma o cierre contable. Saludos!","Estimado/a William,

Un gusto saludarte. Te contacto porque en empresas del sector de BDO Auditores Consultores, el mayor dolor que vemos en auditorías no son los números del balance, sino las contingencias ocultas en contratos con proveedores (penalizaciones no registradas, cláusulas de rescisión asimétricas y sobrecostos).

En Audiflowai (https://audiflowai.com) creamos una infraestructura que cruza contratos contra balances en 40 segundos con rigor forense (cero alucinaciones y 100% en memoria volátil sin guardar datos en disco).

¿Te gustaría que te enviemos un análisis de prueba sin costo sobre 1 contrato modelo para que lo evalúes con tu equipo?

Saludos cordiales,
Equipo Audiflowai
soporte@audiflowai.com","Hola William, espero que estés teniendo una excelente semana.

Te comparto un dato rápido: el 68% de las contingencias en procesos de Due Diligence provienen de cláusulas pasadas por alto. 

Habilitamos un acceso de cortesía para escanear 1 contrato completo sin tarjeta ni registro previo aquí: https://audiflowai.com

Quedo atento a tus comentarios si deseas probarlo."
279,"Mateo","Quezada","Baker Tilly International","Socio de Auditoria & Aseguramiento (Audit Partner)","https://www.linkedin.com/in/mateo-quezada-auditpartner-279","audit.mateo.quezada279@delgadogroup.cl","Hola Mateo, un gusto conectar. Veo tu liderazgo como Socio de Auditoria & Aseguramiento (Audit Partner) en Baker Tilly International. En Audiflowai desarrollamos un motor de IA determinista para auditar contratos y detectar pasivos ocultos en 40s antes de firma o cierre contable. Saludos!","Estimado/a Mateo,

Un gusto saludarte. Te contacto porque en empresas del sector de Baker Tilly International, el mayor dolor que vemos en auditorías no son los números del balance, sino las contingencias ocultas en contratos con proveedores (penalizaciones no registradas, cláusulas de rescisión asimétricas y sobrecostos).

En Audiflowai (https://audiflowai.com) creamos una infraestructura que cruza contratos contra balances en 40 segundos con rigor forense (cero alucinaciones y 100% en memoria volátil sin guardar datos en disco).

¿Te gustaría que te enviemos un análisis de prueba sin costo sobre 1 contrato modelo para que lo evalúes con tu equipo?

Saludos cordiales,
Equipo Audiflowai
soporte@audiflowai.com","Hola Mateo, espero que estés teniendo una excelente semana.

Te comparto un dato rápido: el 68% de las contingencias en procesos de Due Diligence provienen de cláusulas pasadas por alto. 

Habilitamos un acceso de cortesía para escanear 1 contrato completo sin tarjeta ni registro previo aquí: https://audiflowai.com

Quedo atento a tus comentarios si deseas probarlo."
280,"Henry","Smith","Deloitte Audit & Assurance","Managing Audit Partner - PCAOB / IFRS Compliance","https://www.linkedin.com/in/henry-smith-auditpartner-280","audit.henry.smith280@apexglobal.co.uk","Hola Henry, un gusto conectar. Veo tu liderazgo como Managing Audit Partner - PCAOB / IFRS Compliance en Deloitte Audit & Assurance. En Audiflowai desarrollamos un motor de IA determinista para auditar contratos y detectar pasivos ocultos en 40s antes de firma o cierre contable. Saludos!","Estimado/a Henry,

Un gusto saludarte. Te contacto porque en empresas del sector de Deloitte Audit & Assurance, el mayor dolor que vemos en auditorías no son los números del balance, sino las contingencias ocultas en contratos con proveedores (penalizaciones no registradas, cláusulas de rescisión asimétricas y sobrecostos).

En Audiflowai (https://audiflowai.com) creamos una infraestructura que cruza contratos contra balances en 40 segundos con rigor forense (cero alucinaciones y 100% en memoria volátil sin guardar datos en disco).

¿Te gustaría que te enviemos un análisis de prueba sin costo sobre 1 contrato modelo para que lo evalúes con tu equipo?

Saludos cordiales,
Equipo Audiflowai
soporte@audiflowai.com","Hola Henry, espero que estés teniendo una excelente semana.

Te comparto un dato rápido: el 68% de las contingencias en procesos de Due Diligence provienen de cláusulas pasadas por alto. 

Habilitamos un acceso de cortesía para escanear 1 contrato completo sin tarjeta ni registro previo aquí: https://audiflowai.com

Quedo atento a tus comentarios si deseas probarlo."
281,"Gabriel","Castillo","KPMG Corporate Audit","Socio de Auditoria & Aseguramiento (Audit Partner)","https://www.linkedin.com/in/gabriel-castillo-auditpartner-281","audit.gabriel.castillo281@cisneroslogistics.co","Hola Gabriel, un gusto conectar. Veo tu liderazgo como Socio de Auditoria & Aseguramiento (Audit Partner) en KPMG Corporate Audit. En Audiflowai desarrollamos un motor de IA determinista para auditar contratos y detectar pasivos ocultos en 40s antes de firma o cierre contable. Saludos!","Estimado/a Gabriel,

Un gusto saludarte. Te contacto porque en empresas del sector de KPMG Corporate Audit, el mayor dolor que vemos en auditorías no son los números del balance, sino las contingencias ocultas en contratos con proveedores (penalizaciones no registradas, cláusulas de rescisión asimétricas y sobrecostos).

En Audiflowai (https://audiflowai.com) creamos una infraestructura que cruza contratos contra balances en 40 segundos con rigor forense (cero alucinaciones y 100% en memoria volátil sin guardar datos en disco).

¿Te gustaría que te enviemos un análisis de prueba sin costo sobre 1 contrato modelo para que lo evalúes con tu equipo?

Saludos cordiales,
Equipo Audiflowai
soporte@audiflowai.com","Hola Gabriel, espero que estés teniendo una excelente semana.

Te comparto un dato rápido: el 68% de las contingencias en procesos de Due Diligence provienen de cláusulas pasadas por alto. 

Habilitamos un acceso de cortesía para escanear 1 contrato completo sin tarjeta ni registro previo aquí: https://audiflowai.com

Quedo atento a tus comentarios si deseas probarlo."
282,"Noah","Martin","Crowe Horwath Audit","Managing Audit Partner - PCAOB / IFRS Compliance","https://www.linkedin.com/in/noah-martin-auditpartner-282","audit.noah.martin282@vargasretail.co","Hola Noah, un gusto conectar. Veo tu liderazgo como Managing Audit Partner - PCAOB / IFRS Compliance en Crowe Horwath Audit. En Audiflowai desarrollamos un motor de IA determinista para auditar contratos y detectar pasivos ocultos en 40s antes de firma o cierre contable. Saludos!","Estimado/a Noah,

Un gusto saludarte. Te contacto porque en empresas del sector de Crowe Horwath Audit, el mayor dolor que vemos en auditorías no son los números del balance, sino las contingencias ocultas en contratos con proveedores (penalizaciones no registradas, cláusulas de rescisión asimétricas y sobrecostos).

En Audiflowai (https://audiflowai.com) creamos una infraestructura que cruza contratos contra balances en 40 segundos con rigor forense (cero alucinaciones y 100% en memoria volátil sin guardar datos en disco).

¿Te gustaría que te enviemos un análisis de prueba sin costo sobre 1 contrato modelo para que lo evalúes con tu equipo?

Saludos cordiales,
Equipo Audiflowai
soporte@audiflowai.com","Hola Noah, espero que estés teniendo una excelente semana.

Te comparto un dato rápido: el 68% de las contingencias en procesos de Due Diligence provienen de cláusulas pasadas por alto. 

Habilitamos un acceso de cortesía para escanear 1 contrato completo sin tarjeta ni registro previo aquí: https://audiflowai.com

Quedo atento a tus comentarios si deseas probarlo."
283,"Esteban","Jimenez","Nordic Audit Partners","Socio de Auditoria & Aseguramiento (Audit Partner)","https://www.linkedin.com/in/esteban-jimenez-auditpartner-283","audit.esteban.jimenez283@bermudezcapital.mx","Hola Esteban, un gusto conectar. Veo tu liderazgo como Socio de Auditoria & Aseguramiento (Audit Partner) en Nordic Audit Partners. En Audiflowai desarrollamos un motor de IA determinista para auditar contratos y detectar pasivos ocultos en 40s antes de firma o cierre contable. Saludos!","Estimado/a Esteban,

Un gusto saludarte. Te contacto porque en empresas del sector de Nordic Audit Partners, el mayor dolor que vemos en auditorías no son los números del balance, sino las contingencias ocultas en contratos con proveedores (penalizaciones no registradas, cláusulas de rescisión asimétricas y sobrecostos).

En Audiflowai (https://audiflowai.com) creamos una infraestructura que cruza contratos contra balances en 40 segundos con rigor forense (cero alucinaciones y 100% en memoria volátil sin guardar datos en disco).

¿Te gustaría que te enviemos un análisis de prueba sin costo sobre 1 contrato modelo para que lo evalúes con tu equipo?

Saludos cordiales,
Equipo Audiflowai
soporte@audiflowai.com","Hola Esteban, espero que estés teniendo una excelente semana.

Te comparto un dato rápido: el 68% de las contingencias en procesos de Due Diligence provienen de cláusulas pasadas por alto. 

Habilitamos un acceso de cortesía para escanear 1 contrato completo sin tarjeta ni registro previo aquí: https://audiflowai.com

Quedo atento a tus comentarios si deseas probarlo."
284,"Isabelle","Hoffmann","EY Forensic & Assurance","Managing Audit Partner - PCAOB / IFRS Compliance","https://www.linkedin.com/in/isabelle-hoffmann-auditpartner-284","audit.isabelle.hoffmann284@mendozacorp.sv","Hola Isabelle, un gusto conectar. Veo tu liderazgo como Managing Audit Partner - PCAOB / IFRS Compliance en EY Forensic & Assurance. En Audiflowai desarrollamos un motor de IA determinista para auditar contratos y detectar pasivos ocultos en 40s antes de firma o cierre contable. Saludos!","Estimado/a Isabelle,

Un gusto saludarte. Te contacto porque en empresas del sector de EY Forensic & Assurance, el mayor dolor que vemos en auditorías no son los números del balance, sino las contingencias ocultas en contratos con proveedores (penalizaciones no registradas, cláusulas de rescisión asimétricas y sobrecostos).

En Audiflowai (https://audiflowai.com) creamos una infraestructura que cruza contratos contra balances en 40 segundos con rigor forense (cero alucinaciones y 100% en memoria volátil sin guardar datos en disco).

¿Te gustaría que te enviemos un análisis de prueba sin costo sobre 1 contrato modelo para que lo evalúes con tu equipo?

Saludos cordiales,
Equipo Audiflowai
soporte@audiflowai.com","Hola Isabelle, espero que estés teniendo una excelente semana.

Te comparto un dato rápido: el 68% de las contingencias en procesos de Due Diligence provienen de cláusulas pasadas por alto. 

Habilitamos un acceso de cortesía para escanear 1 contrato completo sin tarjeta ni registro previo aquí: https://audiflowai.com

Quedo atento a tus comentarios si deseas probarlo."
285,"Carlos","Mendoza","Grant Thornton Assurance","Socio de Auditoria & Aseguramiento (Audit Partner)","https://www.linkedin.com/in/carlos-mendoza-auditpartner-285","audit.carlos.mendoza285@alvaradoholdings.sv","Hola Carlos, un gusto conectar. Veo tu liderazgo como Socio de Auditoria & Aseguramiento (Audit Partner) en Grant Thornton Assurance. En Audiflowai desarrollamos un motor de IA determinista para auditar contratos y detectar pasivos ocultos en 40s antes de firma o cierre contable. Saludos!","Estimado/a Carlos,

Un gusto saludarte. Te contacto porque en empresas del sector de Grant Thornton Assurance, el mayor dolor que vemos en auditorías no son los números del balance, sino las contingencias ocultas en contratos con proveedores (penalizaciones no registradas, cláusulas de rescisión asimétricas y sobrecostos).

En Audiflowai (https://audiflowai.com) creamos una infraestructura que cruza contratos contra balances en 40 segundos con rigor forense (cero alucinaciones y 100% en memoria volátil sin guardar datos en disco).

¿Te gustaría que te enviemos un análisis de prueba sin costo sobre 1 contrato modelo para que lo evalúes con tu equipo?

Saludos cordiales,
Equipo Audiflowai
soporte@audiflowai.com","Hola Carlos, espero que estés teniendo una excelente semana.

Te comparto un dato rápido: el 68% de las contingencias en procesos de Due Diligence provienen de cláusulas pasadas por alto. 

Habilitamos un acceso de cortesía para escanear 1 contrato completo sin tarjeta ni registro previo aquí: https://audiflowai.com

Quedo atento a tus comentarios si deseas probarlo."
286,"Oliver","Davis","Firma de Auditoria Central","Managing Audit Partner - PCAOB / IFRS Compliance","https://www.linkedin.com/in/oliver-davis-auditpartner-286","audit.oliver.davis286@herreratrade.pa","Hola Oliver, un gusto conectar. Veo tu liderazgo como Managing Audit Partner - PCAOB / IFRS Compliance en Firma de Auditoria Central. En Audiflowai desarrollamos un motor de IA determinista para auditar contratos y detectar pasivos ocultos en 40s antes de firma o cierre contable. Saludos!","Estimado/a Oliver,

Un gusto saludarte. Te contacto porque en empresas del sector de Firma de Auditoria Central, el mayor dolor que vemos en auditorías no son los números del balance, sino las contingencias ocultas en contratos con proveedores (penalizaciones no registradas, cláusulas de rescisión asimétricas y sobrecostos).

En Audiflowai (https://audiflowai.com) creamos una infraestructura que cruza contratos contra balances en 40 segundos con rigor forense (cero alucinaciones y 100% en memoria volátil sin guardar datos en disco).

¿Te gustaría que te enviemos un análisis de prueba sin costo sobre 1 contrato modelo para que lo evalúes con tu equipo?

Saludos cordiales,
Equipo Audiflowai
soporte@audiflowai.com","Hola Oliver, espero que estés teniendo una excelente semana.

Te comparto un dato rápido: el 68% de las contingencias en procesos de Due Diligence provienen de cláusulas pasadas por alto. 

Habilitamos un acceso de cortesía para escanear 1 contrato completo sin tarjeta ni registro previo aquí: https://audiflowai.com

Quedo atento a tus comentarios si deseas probarlo."
287,"Alejandro","Delgado","PwC Financial Audit","Socio de Auditoria & Aseguramiento (Audit Partner)","https://www.linkedin.com/in/alejandro-delgado-auditpartner-287","audit.alejandro.delgado287@finanzeprova.it","Hola Alejandro, un gusto conectar. Veo tu liderazgo como Socio de Auditoria & Aseguramiento (Audit Partner) en PwC Financial Audit. En Audiflowai desarrollamos un motor de IA determinista para auditar contratos y detectar pasivos ocultos en 40s antes de firma o cierre contable. Saludos!","Estimado/a Alejandro,

Un gusto saludarte. Te contacto porque en empresas del sector de PwC Financial Audit, el mayor dolor que vemos en auditorías no son los números del balance, sino las contingencias ocultas en contratos con proveedores (penalizaciones no registradas, cláusulas de rescisión asimétricas y sobrecostos).

En Audiflowai (https://audiflowai.com) creamos una infraestructura que cruza contratos contra balances en 40 segundos con rigor forense (cero alucinaciones y 100% en memoria volátil sin guardar datos en disco).

¿Te gustaría que te enviemos un análisis de prueba sin costo sobre 1 contrato modelo para que lo evalúes con tu equipo?

Saludos cordiales,
Equipo Audiflowai
soporte@audiflowai.com","Hola Alejandro, espero que estés teniendo una excelente semana.

Te comparto un dato rápido: el 68% de las contingencias en procesos de Due Diligence provienen de cláusulas pasadas por alto. 

Habilitamos un acceso de cortesía para escanear 1 contrato completo sin tarjeta ni registro previo aquí: https://audiflowai.com

Quedo atento a tus comentarios si deseas probarlo."
288,"Sebastian","Schneider","BDO Auditores Consultores","Managing Audit Partner - PCAOB / IFRS Compliance","https://www.linkedin.com/in/sebastian-schneider-auditpartner-288","audit.sebastian.schneider288@guzmanpartners.cr","Hola Sebastian, un gusto conectar. Veo tu liderazgo como Managing Audit Partner - PCAOB / IFRS Compliance en BDO Auditores Consultores. En Audiflowai desarrollamos un motor de IA determinista para auditar contratos y detectar pasivos ocultos en 40s antes de firma o cierre contable. Saludos!","Estimado/a Sebastian,

Un gusto saludarte. Te contacto porque en empresas del sector de BDO Auditores Consultores, el mayor dolor que vemos en auditorías no son los números del balance, sino las contingencias ocultas en contratos con proveedores (penalizaciones no registradas, cláusulas de rescisión asimétricas y sobrecostos).

En Audiflowai (https://audiflowai.com) creamos una infraestructura que cruza contratos contra balances en 40 segundos con rigor forense (cero alucinaciones y 100% en memoria volátil sin guardar datos en disco).

¿Te gustaría que te enviemos un análisis de prueba sin costo sobre 1 contrato modelo para que lo evalúes con tu equipo?

Saludos cordiales,
Equipo Audiflowai
soporte@audiflowai.com","Hola Sebastian, espero que estés teniendo una excelente semana.

Te comparto un dato rápido: el 68% de las contingencias en procesos de Due Diligence provienen de cláusulas pasadas por alto. 

Habilitamos un acceso de cortesía para escanear 1 contrato completo sin tarjeta ni registro previo aquí: https://audiflowai.com

Quedo atento a tus comentarios si deseas probarlo."
289,"Andres","Quezada","Baker Tilly International","Socio de Auditoria & Aseguramiento (Audit Partner)","https://www.linkedin.com/in/andres-quezada-auditpartner-289","audit.andres.quezada289@nordiclogistics.se","Hola Andres, un gusto conectar. Veo tu liderazgo como Socio de Auditoria & Aseguramiento (Audit Partner) en Baker Tilly International. En Audiflowai desarrollamos un motor de IA determinista para auditar contratos y detectar pasivos ocultos en 40s antes de firma o cierre contable. Saludos!","Estimado/a Andres,

Un gusto saludarte. Te contacto porque en empresas del sector de Baker Tilly International, el mayor dolor que vemos en auditorías no son los números del balance, sino las contingencias ocultas en contratos con proveedores (penalizaciones no registradas, cláusulas de rescisión asimétricas y sobrecostos).

En Audiflowai (https://audiflowai.com) creamos una infraestructura que cruza contratos contra balances en 40 segundos con rigor forense (cero alucinaciones y 100% en memoria volátil sin guardar datos en disco).

¿Te gustaría que te enviemos un análisis de prueba sin costo sobre 1 contrato modelo para que lo evalúes con tu equipo?

Saludos cordiales,
Equipo Audiflowai
soporte@audiflowai.com","Hola Andres, espero que estés teniendo una excelente semana.

Te comparto un dato rápido: el 68% de las contingencias en procesos de Due Diligence provienen de cláusulas pasadas por alto. 

Habilitamos un acceso de cortesía para escanear 1 contrato completo sin tarjeta ni registro previo aquí: https://audiflowai.com

Quedo atento a tus comentarios si deseas probarlo."
290,"Thomas","Smith","Deloitte Audit & Assurance","Managing Audit Partner - PCAOB / IFRS Compliance","https://www.linkedin.com/in/thomas-smith-auditpartner-290","audit.thomas.smith290@fuentesindustries.gt","Hola Thomas, un gusto conectar. Veo tu liderazgo como Managing Audit Partner - PCAOB / IFRS Compliance en Deloitte Audit & Assurance. En Audiflowai desarrollamos un motor de IA determinista para auditar contratos y detectar pasivos ocultos en 40s antes de firma o cierre contable. Saludos!","Estimado/a Thomas,

Un gusto saludarte. Te contacto porque en empresas del sector de Deloitte Audit & Assurance, el mayor dolor que vemos en auditorías no son los números del balance, sino las contingencias ocultas en contratos con proveedores (penalizaciones no registradas, cláusulas de rescisión asimétricas y sobrecostos).

En Audiflowai (https://audiflowai.com) creamos una infraestructura que cruza contratos contra balances en 40 segundos con rigor forense (cero alucinaciones y 100% en memoria volátil sin guardar datos en disco).

¿Te gustaría que te enviemos un análisis de prueba sin costo sobre 1 contrato modelo para que lo evalúes con tu equipo?

Saludos cordiales,
Equipo Audiflowai
soporte@audiflowai.com","Hola Thomas, espero que estés teniendo una excelente semana.

Te comparto un dato rápido: el 68% de las contingencias en procesos de Due Diligence provienen de cláusulas pasadas por alto. 

Habilitamos un acceso de cortesía para escanear 1 contrato completo sin tarjeta ni registro previo aquí: https://audiflowai.com

Quedo atento a tus comentarios si deseas probarlo."
291,"Catalina","Castillo","KPMG Corporate Audit","Socio de Auditoria & Aseguramiento (Audit Partner)","https://www.linkedin.com/in/catalina-castillo-auditpartner-291","audit.catalina.castillo291@vertextrading.de","Hola Catalina, un gusto conectar. Veo tu liderazgo como Socio de Auditoria & Aseguramiento (Audit Partner) en KPMG Corporate Audit. En Audiflowai desarrollamos un motor de IA determinista para auditar contratos y detectar pasivos ocultos en 40s antes de firma o cierre contable. Saludos!","Estimado/a Catalina,

Un gusto saludarte. Te contacto porque en empresas del sector de KPMG Corporate Audit, el mayor dolor que vemos en auditorías no son los números del balance, sino las contingencias ocultas en contratos con proveedores (penalizaciones no registradas, cláusulas de rescisión asimétricas y sobrecostos).

En Audiflowai (https://audiflowai.com) creamos una infraestructura que cruza contratos contra balances en 40 segundos con rigor forense (cero alucinaciones y 100% en memoria volátil sin guardar datos en disco).

¿Te gustaría que te enviemos un análisis de prueba sin costo sobre 1 contrato modelo para que lo evalúes con tu equipo?

Saludos cordiales,
Equipo Audiflowai
soporte@audiflowai.com","Hola Catalina, espero que estés teniendo una excelente semana.

Te comparto un dato rápido: el 68% de las contingencias en procesos de Due Diligence provienen de cláusulas pasadas por alto. 

Habilitamos un acceso de cortesía para escanear 1 contrato completo sin tarjeta ni registro previo aquí: https://audiflowai.com

Quedo atento a tus comentarios si deseas probarlo."
292,"Hans","Martin","Crowe Horwath Audit","Managing Audit Partner - PCAOB / IFRS Compliance","https://www.linkedin.com/in/hans-martin-auditpartner-292","audit.hans.martin292@escobarenterprise.pe","Hola Hans, un gusto conectar. Veo tu liderazgo como Managing Audit Partner - PCAOB / IFRS Compliance en Crowe Horwath Audit. En Audiflowai desarrollamos un motor de IA determinista para auditar contratos y detectar pasivos ocultos en 40s antes de firma o cierre contable. Saludos!","Estimado/a Hans,

Un gusto saludarte. Te contacto porque en empresas del sector de Crowe Horwath Audit, el mayor dolor que vemos en auditorías no son los números del balance, sino las contingencias ocultas en contratos con proveedores (penalizaciones no registradas, cláusulas de rescisión asimétricas y sobrecostos).

En Audiflowai (https://audiflowai.com) creamos una infraestructura que cruza contratos contra balances en 40 segundos con rigor forense (cero alucinaciones y 100% en memoria volátil sin guardar datos en disco).

¿Te gustaría que te enviemos un análisis de prueba sin costo sobre 1 contrato modelo para que lo evalúes con tu equipo?

Saludos cordiales,
Equipo Audiflowai
soporte@audiflowai.com","Hola Hans, espero que estés teniendo una excelente semana.

Te comparto un dato rápido: el 68% de las contingencias en procesos de Due Diligence provienen de cláusulas pasadas por alto. 

Habilitamos un acceso de cortesía para escanear 1 contrato completo sin tarjeta ni registro previo aquí: https://audiflowai.com

Quedo atento a tus comentarios si deseas probarlo."
293,"Roberto","Jimenez","Nordic Audit Partners","Socio de Auditoria & Aseguramiento (Audit Partner)","https://www.linkedin.com/in/roberto-jimenez-auditpartner-293","audit.roberto.jimenez293@lombardcapital.ch","Hola Roberto, un gusto conectar. Veo tu liderazgo como Socio de Auditoria & Aseguramiento (Audit Partner) en Nordic Audit Partners. En Audiflowai desarrollamos un motor de IA determinista para auditar contratos y detectar pasivos ocultos en 40s antes de firma o cierre contable. Saludos!","Estimado/a Roberto,

Un gusto saludarte. Te contacto porque en empresas del sector de Nordic Audit Partners, el mayor dolor que vemos en auditorías no son los números del balance, sino las contingencias ocultas en contratos con proveedores (penalizaciones no registradas, cláusulas de rescisión asimétricas y sobrecostos).

En Audiflowai (https://audiflowai.com) creamos una infraestructura que cruza contratos contra balances en 40 segundos con rigor forense (cero alucinaciones y 100% en memoria volátil sin guardar datos en disco).

¿Te gustaría que te enviemos un análisis de prueba sin costo sobre 1 contrato modelo para que lo evalúes con tu equipo?

Saludos cordiales,
Equipo Audiflowai
soporte@audiflowai.com","Hola Roberto, espero que estés teniendo una excelente semana.

Te comparto un dato rápido: el 68% de las contingencias en procesos de Due Diligence provienen de cláusulas pasadas por alto. 

Habilitamos un acceso de cortesía para escanear 1 contrato completo sin tarjeta ni registro previo aquí: https://audiflowai.com

Quedo atento a tus comentarios si deseas probarlo."
294,"Lucas","Hoffmann","EY Forensic & Assurance","Managing Audit Partner - PCAOB / IFRS Compliance","https://www.linkedin.com/in/lucas-hoffmann-auditpartner-294","audit.lucas.hoffmann294@delgadogroup.cl","Hola Lucas, un gusto conectar. Veo tu liderazgo como Managing Audit Partner - PCAOB / IFRS Compliance en EY Forensic & Assurance. En Audiflowai desarrollamos un motor de IA determinista para auditar contratos y detectar pasivos ocultos en 40s antes de firma o cierre contable. Saludos!","Estimado/a Lucas,

Un gusto saludarte. Te contacto porque en empresas del sector de EY Forensic & Assurance, el mayor dolor que vemos en auditorías no son los números del balance, sino las contingencias ocultas en contratos con proveedores (penalizaciones no registradas, cláusulas de rescisión asimétricas y sobrecostos).

En Audiflowai (https://audiflowai.com) creamos una infraestructura que cruza contratos contra balances en 40 segundos con rigor forense (cero alucinaciones y 100% en memoria volátil sin guardar datos en disco).

¿Te gustaría que te enviemos un análisis de prueba sin costo sobre 1 contrato modelo para que lo evalúes con tu equipo?

Saludos cordiales,
Equipo Audiflowai
soporte@audiflowai.com","Hola Lucas, espero que estés teniendo una excelente semana.

Te comparto un dato rápido: el 68% de las contingencias en procesos de Due Diligence provienen de cláusulas pasadas por alto. 

Habilitamos un acceso de cortesía para escanear 1 contrato completo sin tarjeta ni registro previo aquí: https://audiflowai.com

Quedo atento a tus comentarios si deseas probarlo."
295,"Diego","Mendoza","Grant Thornton Assurance","Socio de Auditoria & Aseguramiento (Audit Partner)","https://www.linkedin.com/in/diego-mendoza-auditpartner-295","audit.diego.mendoza295@apexglobal.co.uk","Hola Diego, un gusto conectar. Veo tu liderazgo como Socio de Auditoria & Aseguramiento (Audit Partner) en Grant Thornton Assurance. En Audiflowai desarrollamos un motor de IA determinista para auditar contratos y detectar pasivos ocultos en 40s antes de firma o cierre contable. Saludos!","Estimado/a Diego,

Un gusto saludarte. Te contacto porque en empresas del sector de Grant Thornton Assurance, el mayor dolor que vemos en auditorías no son los números del balance, sino las contingencias ocultas en contratos con proveedores (penalizaciones no registradas, cláusulas de rescisión asimétricas y sobrecostos).

En Audiflowai (https://audiflowai.com) creamos una infraestructura que cruza contratos contra balances en 40 segundos con rigor forense (cero alucinaciones y 100% en memoria volátil sin guardar datos en disco).

¿Te gustaría que te enviemos un análisis de prueba sin costo sobre 1 contrato modelo para que lo evalúes con tu equipo?

Saludos cordiales,
Equipo Audiflowai
soporte@audiflowai.com","Hola Diego, espero que estés teniendo una excelente semana.

Te comparto un dato rápido: el 68% de las contingencias en procesos de Due Diligence provienen de cláusulas pasadas por alto. 

Habilitamos un acceso de cortesía para escanear 1 contrato completo sin tarjeta ni registro previo aquí: https://audiflowai.com

Quedo atento a tus comentarios si deseas probarlo."
296,"Arthur","Davis","Firma de Auditoria Central","Managing Audit Partner - PCAOB / IFRS Compliance","https://www.linkedin.com/in/arthur-davis-auditpartner-296","audit.arthur.davis296@cisneroslogistics.co","Hola Arthur, un gusto conectar. Veo tu liderazgo como Managing Audit Partner - PCAOB / IFRS Compliance en Firma de Auditoria Central. En Audiflowai desarrollamos un motor de IA determinista para auditar contratos y detectar pasivos ocultos en 40s antes de firma o cierre contable. Saludos!","Estimado/a Arthur,

Un gusto saludarte. Te contacto porque en empresas del sector de Firma de Auditoria Central, el mayor dolor que vemos en auditorías no son los números del balance, sino las contingencias ocultas en contratos con proveedores (penalizaciones no registradas, cláusulas de rescisión asimétricas y sobrecostos).

En Audiflowai (https://audiflowai.com) creamos una infraestructura que cruza contratos contra balances en 40 segundos con rigor forense (cero alucinaciones y 100% en memoria volátil sin guardar datos en disco).

¿Te gustaría que te enviemos un análisis de prueba sin costo sobre 1 contrato modelo para que lo evalúes con tu equipo?

Saludos cordiales,
Equipo Audiflowai
soporte@audiflowai.com","Hola Arthur, espero que estés teniendo una excelente semana.

Te comparto un dato rápido: el 68% de las contingencias en procesos de Due Diligence provienen de cláusulas pasadas por alto. 

Habilitamos un acceso de cortesía para escanear 1 contrato completo sin tarjeta ni registro previo aquí: https://audiflowai.com

Quedo atento a tus comentarios si deseas probarlo."
297,"Rodrigo","Delgado","PwC Financial Audit","Socio de Auditoria & Aseguramiento (Audit Partner)","https://www.linkedin.com/in/rodrigo-delgado-auditpartner-297","audit.rodrigo.delgado297@vargasretail.co","Hola Rodrigo, un gusto conectar. Veo tu liderazgo como Socio de Auditoria & Aseguramiento (Audit Partner) en PwC Financial Audit. En Audiflowai desarrollamos un motor de IA determinista para auditar contratos y detectar pasivos ocultos en 40s antes de firma o cierre contable. Saludos!","Estimado/a Rodrigo,

Un gusto saludarte. Te contacto porque en empresas del sector de PwC Financial Audit, el mayor dolor que vemos en auditorías no son los números del balance, sino las contingencias ocultas en contratos con proveedores (penalizaciones no registradas, cláusulas de rescisión asimétricas y sobrecostos).

En Audiflowai (https://audiflowai.com) creamos una infraestructura que cruza contratos contra balances en 40 segundos con rigor forense (cero alucinaciones y 100% en memoria volátil sin guardar datos en disco).

¿Te gustaría que te enviemos un análisis de prueba sin costo sobre 1 contrato modelo para que lo evalúes con tu equipo?

Saludos cordiales,
Equipo Audiflowai
soporte@audiflowai.com","Hola Rodrigo, espero que estés teniendo una excelente semana.

Te comparto un dato rápido: el 68% de las contingencias en procesos de Due Diligence provienen de cláusulas pasadas por alto. 

Habilitamos un acceso de cortesía para escanear 1 contrato completo sin tarjeta ni registro previo aquí: https://audiflowai.com

Quedo atento a tus comentarios si deseas probarlo."
298,"Stefan","Schneider","BDO Auditores Consultores","Managing Audit Partner - PCAOB / IFRS Compliance","https://www.linkedin.com/in/stefan-schneider-auditpartner-298","audit.stefan.schneider298@bermudezcapital.mx","Hola Stefan, un gusto conectar. Veo tu liderazgo como Managing Audit Partner - PCAOB / IFRS Compliance en BDO Auditores Consultores. En Audiflowai desarrollamos un motor de IA determinista para auditar contratos y detectar pasivos ocultos en 40s antes de firma o cierre contable. Saludos!","Estimado/a Stefan,

Un gusto saludarte. Te contacto porque en empresas del sector de BDO Auditores Consultores, el mayor dolor que vemos en auditorías no son los números del balance, sino las contingencias ocultas en contratos con proveedores (penalizaciones no registradas, cláusulas de rescisión asimétricas y sobrecostos).

En Audiflowai (https://audiflowai.com) creamos una infraestructura que cruza contratos contra balances en 40 segundos con rigor forense (cero alucinaciones y 100% en memoria volátil sin guardar datos en disco).

¿Te gustaría que te enviemos un análisis de prueba sin costo sobre 1 contrato modelo para que lo evalúes con tu equipo?

Saludos cordiales,
Equipo Audiflowai
soporte@audiflowai.com","Hola Stefan, espero que estés teniendo una excelente semana.

Te comparto un dato rápido: el 68% de las contingencias en procesos de Due Diligence provienen de cláusulas pasadas por alto. 

Habilitamos un acceso de cortesía para escanear 1 contrato completo sin tarjeta ni registro previo aquí: https://audiflowai.com

Quedo atento a tus comentarios si deseas probarlo."
299,"Lorena","Quezada","Baker Tilly International","Socio de Auditoria & Aseguramiento (Audit Partner)","https://www.linkedin.com/in/lorena-quezada-auditpartner-299","audit.lorena.quezada299@mendozacorp.sv","Hola Lorena, un gusto conectar. Veo tu liderazgo como Socio de Auditoria & Aseguramiento (Audit Partner) en Baker Tilly International. En Audiflowai desarrollamos un motor de IA determinista para auditar contratos y detectar pasivos ocultos en 40s antes de firma o cierre contable. Saludos!","Estimado/a Lorena,

Un gusto saludarte. Te contacto porque en empresas del sector de Baker Tilly International, el mayor dolor que vemos en auditorías no son los números del balance, sino las contingencias ocultas en contratos con proveedores (penalizaciones no registradas, cláusulas de rescisión asimétricas y sobrecostos).

En Audiflowai (https://audiflowai.com) creamos una infraestructura que cruza contratos contra balances en 40 segundos con rigor forense (cero alucinaciones y 100% en memoria volátil sin guardar datos en disco).

¿Te gustaría que te enviemos un análisis de prueba sin costo sobre 1 contrato modelo para que lo evalúes con tu equipo?

Saludos cordiales,
Equipo Audiflowai
soporte@audiflowai.com","Hola Lorena, espero que estés teniendo una excelente semana.

Te comparto un dato rápido: el 68% de las contingencias en procesos de Due Diligence provienen de cláusulas pasadas por alto. 

Habilitamos un acceso de cortesía para escanear 1 contrato completo sin tarjeta ni registro previo aquí: https://audiflowai.com

Quedo atento a tus comentarios si deseas probarlo."
300,"Alexander","Smith","Deloitte Audit & Assurance","Managing Audit Partner - PCAOB / IFRS Compliance","https://www.linkedin.com/in/alexander-smith-auditpartner-300","audit.alexander.smith300@alvaradoholdings.sv","Hola Alexander, un gusto conectar. Veo tu liderazgo como Managing Audit Partner - PCAOB / IFRS Compliance en Deloitte Audit & Assurance. En Audiflowai desarrollamos un motor de IA determinista para auditar contratos y detectar pasivos ocultos en 40s antes de firma o cierre contable. Saludos!","Estimado/a Alexander,

Un gusto saludarte. Te contacto porque en empresas del sector de Deloitte Audit & Assurance, el mayor dolor que vemos en auditorías no son los números del balance, sino las contingencias ocultas en contratos con proveedores (penalizaciones no registradas, cláusulas de rescisión asimétricas y sobrecostos).

En Audiflowai (https://audiflowai.com) creamos una infraestructura que cruza contratos contra balances en 40 segundos con rigor forense (cero alucinaciones y 100% en memoria volátil sin guardar datos en disco).

¿Te gustaría que te enviemos un análisis de prueba sin costo sobre 1 contrato modelo para que lo evalúes con tu equipo?

Saludos cordiales,
Equipo Audiflowai
soporte@audiflowai.com","Hola Alexander, espero que estés teniendo una excelente semana.

Te comparto un dato rápido: el 68% de las contingencias en procesos de Due Diligence provienen de cláusulas pasadas por alto. 

Habilitamos un acceso de cortesía para escanear 1 contrato completo sin tarjeta ni registro previo aquí: https://audiflowai.com

Quedo atento a tus comentarios si deseas probarlo."
301,"Javier","Castillo","KPMG Corporate Audit","Socio de Auditoria & Aseguramiento (Audit Partner)","https://www.linkedin.com/in/javier-castillo-auditpartner-301","audit.javier.castillo301@herreratrade.pa","Hola Javier, un gusto conectar. Veo tu liderazgo como Socio de Auditoria & Aseguramiento (Audit Partner) en KPMG Corporate Audit. En Audiflowai desarrollamos un motor de IA determinista para auditar contratos y detectar pasivos ocultos en 40s antes de firma o cierre contable. Saludos!","Estimado/a Javier,

Un gusto saludarte. Te contacto porque en empresas del sector de KPMG Corporate Audit, el mayor dolor que vemos en auditorías no son los números del balance, sino las contingencias ocultas en contratos con proveedores (penalizaciones no registradas, cláusulas de rescisión asimétricas y sobrecostos).

En Audiflowai (https://audiflowai.com) creamos una infraestructura que cruza contratos contra balances en 40 segundos con rigor forense (cero alucinaciones y 100% en memoria volátil sin guardar datos en disco).

¿Te gustaría que te enviemos un análisis de prueba sin costo sobre 1 contrato modelo para que lo evalúes con tu equipo?

Saludos cordiales,
Equipo Audiflowai
soporte@audiflowai.com","Hola Javier, espero que estés teniendo una excelente semana.

Te comparto un dato rápido: el 68% de las contingencias en procesos de Due Diligence provienen de cláusulas pasadas por alto. 

Habilitamos un acceso de cortesía para escanear 1 contrato completo sin tarjeta ni registro previo aquí: https://audiflowai.com

Quedo atento a tus comentarios si deseas probarlo."
302,"Benjamin","Martin","Crowe Horwath Audit","Managing Audit Partner - PCAOB / IFRS Compliance","https://www.linkedin.com/in/benjamin-martin-auditpartner-302","audit.benjamin.martin302@finanzeprova.it","Hola Benjamin, un gusto conectar. Veo tu liderazgo como Managing Audit Partner - PCAOB / IFRS Compliance en Crowe Horwath Audit. En Audiflowai desarrollamos un motor de IA determinista para auditar contratos y detectar pasivos ocultos en 40s antes de firma o cierre contable. Saludos!","Estimado/a Benjamin,

Un gusto saludarte. Te contacto porque en empresas del sector de Crowe Horwath Audit, el mayor dolor que vemos en auditorías no son los números del balance, sino las contingencias ocultas en contratos con proveedores (penalizaciones no registradas, cláusulas de rescisión asimétricas y sobrecostos).

En Audiflowai (https://audiflowai.com) creamos una infraestructura que cruza contratos contra balances en 40 segundos con rigor forense (cero alucinaciones y 100% en memoria volátil sin guardar datos en disco).

¿Te gustaría que te enviemos un análisis de prueba sin costo sobre 1 contrato modelo para que lo evalúes con tu equipo?

Saludos cordiales,
Equipo Audiflowai
soporte@audiflowai.com","Hola Benjamin, espero que estés teniendo una excelente semana.

Te comparto un dato rápido: el 68% de las contingencias en procesos de Due Diligence provienen de cláusulas pasadas por alto. 

Habilitamos un acceso de cortesía para escanear 1 contrato completo sin tarjeta ni registro previo aquí: https://audiflowai.com

Quedo atento a tus comentarios si deseas probarlo."
303,"Fernando","Jimenez","Nordic Audit Partners","Socio de Auditoria & Aseguramiento (Audit Partner)","https://www.linkedin.com/in/fernando-jimenez-auditpartner-303","audit.fernando.jimenez303@guzmanpartners.cr","Hola Fernando, un gusto conectar. Veo tu liderazgo como Socio de Auditoria & Aseguramiento (Audit Partner) en Nordic Audit Partners. En Audiflowai desarrollamos un motor de IA determinista para auditar contratos y detectar pasivos ocultos en 40s antes de firma o cierre contable. Saludos!","Estimado/a Fernando,

Un gusto saludarte. Te contacto porque en empresas del sector de Nordic Audit Partners, el mayor dolor que vemos en auditorías no son los números del balance, sino las contingencias ocultas en contratos con proveedores (penalizaciones no registradas, cláusulas de rescisión asimétricas y sobrecostos).

En Audiflowai (https://audiflowai.com) creamos una infraestructura que cruza contratos contra balances en 40 segundos con rigor forense (cero alucinaciones y 100% en memoria volátil sin guardar datos en disco).

¿Te gustaría que te enviemos un análisis de prueba sin costo sobre 1 contrato modelo para que lo evalúes con tu equipo?

Saludos cordiales,
Equipo Audiflowai
soporte@audiflowai.com","Hola Fernando, espero que estés teniendo una excelente semana.

Te comparto un dato rápido: el 68% de las contingencias en procesos de Due Diligence provienen de cláusulas pasadas por alto. 

Habilitamos un acceso de cortesía para escanear 1 contrato completo sin tarjeta ni registro previo aquí: https://audiflowai.com

Quedo atento a tus comentarios si deseas probarlo."
304,"Liam","Hoffmann","EY Forensic & Assurance","Managing Audit Partner - PCAOB / IFRS Compliance","https://www.linkedin.com/in/liam-hoffmann-auditpartner-304","audit.liam.hoffmann304@nordiclogistics.se","Hola Liam, un gusto conectar. Veo tu liderazgo como Managing Audit Partner - PCAOB / IFRS Compliance en EY Forensic & Assurance. En Audiflowai desarrollamos un motor de IA determinista para auditar contratos y detectar pasivos ocultos en 40s antes de firma o cierre contable. Saludos!","Estimado/a Liam,

Un gusto saludarte. Te contacto porque en empresas del sector de EY Forensic & Assurance, el mayor dolor que vemos en auditorías no son los números del balance, sino las contingencias ocultas en contratos con proveedores (penalizaciones no registradas, cláusulas de rescisión asimétricas y sobrecostos).

En Audiflowai (https://audiflowai.com) creamos una infraestructura que cruza contratos contra balances en 40 segundos con rigor forense (cero alucinaciones y 100% en memoria volátil sin guardar datos en disco).

¿Te gustaría que te enviemos un análisis de prueba sin costo sobre 1 contrato modelo para que lo evalúes con tu equipo?

Saludos cordiales,
Equipo Audiflowai
soporte@audiflowai.com","Hola Liam, espero que estés teniendo una excelente semana.

Te comparto un dato rápido: el 68% de las contingencias en procesos de Due Diligence provienen de cláusulas pasadas por alto. 

Habilitamos un acceso de cortesía para escanear 1 contrato completo sin tarjeta ni registro previo aquí: https://audiflowai.com

Quedo atento a tus comentarios si deseas probarlo."
305,"Gonzalo","Mendoza","Grant Thornton Assurance","Socio de Auditoria & Aseguramiento (Audit Partner)","https://www.linkedin.com/in/gonzalo-mendoza-auditpartner-305","audit.gonzalo.mendoza305@fuentesindustries.gt","Hola Gonzalo, un gusto conectar. Veo tu liderazgo como Socio de Auditoria & Aseguramiento (Audit Partner) en Grant Thornton Assurance. En Audiflowai desarrollamos un motor de IA determinista para auditar contratos y detectar pasivos ocultos en 40s antes de firma o cierre contable. Saludos!","Estimado/a Gonzalo,

Un gusto saludarte. Te contacto porque en empresas del sector de Grant Thornton Assurance, el mayor dolor que vemos en auditorías no son los números del balance, sino las contingencias ocultas en contratos con proveedores (penalizaciones no registradas, cláusulas de rescisión asimétricas y sobrecostos).

En Audiflowai (https://audiflowai.com) creamos una infraestructura que cruza contratos contra balances en 40 segundos con rigor forense (cero alucinaciones y 100% en memoria volátil sin guardar datos en disco).

¿Te gustaría que te enviemos un análisis de prueba sin costo sobre 1 contrato modelo para que lo evalúes con tu equipo?

Saludos cordiales,
Equipo Audiflowai
soporte@audiflowai.com","Hola Gonzalo, espero que estés teniendo una excelente semana.

Te comparto un dato rápido: el 68% de las contingencias en procesos de Due Diligence provienen de cláusulas pasadas por alto. 

Habilitamos un acceso de cortesía para escanear 1 contrato completo sin tarjeta ni registro previo aquí: https://audiflowai.com

Quedo atento a tus comentarios si deseas probarlo."
306,"Astrid","Davis","Firma de Auditoria Central","Managing Audit Partner - PCAOB / IFRS Compliance","https://www.linkedin.com/in/astrid-davis-auditpartner-306","audit.astrid.davis306@vertextrading.de","Hola Astrid, un gusto conectar. Veo tu liderazgo como Managing Audit Partner - PCAOB / IFRS Compliance en Firma de Auditoria Central. En Audiflowai desarrollamos un motor de IA determinista para auditar contratos y detectar pasivos ocultos en 40s antes de firma o cierre contable. Saludos!","Estimado/a Astrid,

Un gusto saludarte. Te contacto porque en empresas del sector de Firma de Auditoria Central, el mayor dolor que vemos en auditorías no son los números del balance, sino las contingencias ocultas en contratos con proveedores (penalizaciones no registradas, cláusulas de rescisión asimétricas y sobrecostos).

En Audiflowai (https://audiflowai.com) creamos una infraestructura que cruza contratos contra balances en 40 segundos con rigor forense (cero alucinaciones y 100% en memoria volátil sin guardar datos en disco).

¿Te gustaría que te enviemos un análisis de prueba sin costo sobre 1 contrato modelo para que lo evalúes con tu equipo?

Saludos cordiales,
Equipo Audiflowai
soporte@audiflowai.com","Hola Astrid, espero que estés teniendo una excelente semana.

Te comparto un dato rápido: el 68% de las contingencias en procesos de Due Diligence provienen de cláusulas pasadas por alto. 

Habilitamos un acceso de cortesía para escanear 1 contrato completo sin tarjeta ni registro previo aquí: https://audiflowai.com

Quedo atento a tus comentarios si deseas probarlo."
307,"Adriana","Delgado","PwC Financial Audit","Socio de Auditoria & Aseguramiento (Audit Partner)","https://www.linkedin.com/in/adriana-delgado-auditpartner-307","audit.adriana.delgado307@escobarenterprise.pe","Hola Adriana, un gusto conectar. Veo tu liderazgo como Socio de Auditoria & Aseguramiento (Audit Partner) en PwC Financial Audit. En Audiflowai desarrollamos un motor de IA determinista para auditar contratos y detectar pasivos ocultos en 40s antes de firma o cierre contable. Saludos!","Estimado/a Adriana,

Un gusto saludarte. Te contacto porque en empresas del sector de PwC Financial Audit, el mayor dolor que vemos en auditorías no son los números del balance, sino las contingencias ocultas en contratos con proveedores (penalizaciones no registradas, cláusulas de rescisión asimétricas y sobrecostos).

En Audiflowai (https://audiflowai.com) creamos una infraestructura que cruza contratos contra balances en 40 segundos con rigor forense (cero alucinaciones y 100% en memoria volátil sin guardar datos en disco).

¿Te gustaría que te enviemos un análisis de prueba sin costo sobre 1 contrato modelo para que lo evalúes con tu equipo?

Saludos cordiales,
Equipo Audiflowai
soporte@audiflowai.com","Hola Adriana, espero que estés teniendo una excelente semana.

Te comparto un dato rápido: el 68% de las contingencias en procesos de Due Diligence provienen de cláusulas pasadas por alto. 

Habilitamos un acceso de cortesía para escanear 1 contrato completo sin tarjeta ni registro previo aquí: https://audiflowai.com

Quedo atento a tus comentarios si deseas probarlo."
308,"William","Schneider","BDO Auditores Consultores","Managing Audit Partner - PCAOB / IFRS Compliance","https://www.linkedin.com/in/william-schneider-auditpartner-308","audit.william.schneider308@lombardcapital.ch","Hola William, un gusto conectar. Veo tu liderazgo como Managing Audit Partner - PCAOB / IFRS Compliance en BDO Auditores Consultores. En Audiflowai desarrollamos un motor de IA determinista para auditar contratos y detectar pasivos ocultos en 40s antes de firma o cierre contable. Saludos!","Estimado/a William,

Un gusto saludarte. Te contacto porque en empresas del sector de BDO Auditores Consultores, el mayor dolor que vemos en auditorías no son los números del balance, sino las contingencias ocultas en contratos con proveedores (penalizaciones no registradas, cláusulas de rescisión asimétricas y sobrecostos).

En Audiflowai (https://audiflowai.com) creamos una infraestructura que cruza contratos contra balances en 40 segundos con rigor forense (cero alucinaciones y 100% en memoria volátil sin guardar datos en disco).

¿Te gustaría que te enviemos un análisis de prueba sin costo sobre 1 contrato modelo para que lo evalúes con tu equipo?

Saludos cordiales,
Equipo Audiflowai
soporte@audiflowai.com","Hola William, espero que estés teniendo una excelente semana.

Te comparto un dato rápido: el 68% de las contingencias en procesos de Due Diligence provienen de cláusulas pasadas por alto. 

Habilitamos un acceso de cortesía para escanear 1 contrato completo sin tarjeta ni registro previo aquí: https://audiflowai.com

Quedo atento a tus comentarios si deseas probarlo."
309,"Mateo","Quezada","Baker Tilly International","Socio de Auditoria & Aseguramiento (Audit Partner)","https://www.linkedin.com/in/mateo-quezada-auditpartner-309","audit.mateo.quezada309@delgadogroup.cl","Hola Mateo, un gusto conectar. Veo tu liderazgo como Socio de Auditoria & Aseguramiento (Audit Partner) en Baker Tilly International. En Audiflowai desarrollamos un motor de IA determinista para auditar contratos y detectar pasivos ocultos en 40s antes de firma o cierre contable. Saludos!","Estimado/a Mateo,

Un gusto saludarte. Te contacto porque en empresas del sector de Baker Tilly International, el mayor dolor que vemos en auditorías no son los números del balance, sino las contingencias ocultas en contratos con proveedores (penalizaciones no registradas, cláusulas de rescisión asimétricas y sobrecostos).

En Audiflowai (https://audiflowai.com) creamos una infraestructura que cruza contratos contra balances en 40 segundos con rigor forense (cero alucinaciones y 100% en memoria volátil sin guardar datos en disco).

¿Te gustaría que te enviemos un análisis de prueba sin costo sobre 1 contrato modelo para que lo evalúes con tu equipo?

Saludos cordiales,
Equipo Audiflowai
soporte@audiflowai.com","Hola Mateo, espero que estés teniendo una excelente semana.

Te comparto un dato rápido: el 68% de las contingencias en procesos de Due Diligence provienen de cláusulas pasadas por alto. 

Habilitamos un acceso de cortesía para escanear 1 contrato completo sin tarjeta ni registro previo aquí: https://audiflowai.com

Quedo atento a tus comentarios si deseas probarlo."
310,"Henry","Smith","Deloitte Audit & Assurance","Managing Audit Partner - PCAOB / IFRS Compliance","https://www.linkedin.com/in/henry-smith-auditpartner-310","audit.henry.smith310@apexglobal.co.uk","Hola Henry, un gusto conectar. Veo tu liderazgo como Managing Audit Partner - PCAOB / IFRS Compliance en Deloitte Audit & Assurance. En Audiflowai desarrollamos un motor de IA determinista para auditar contratos y detectar pasivos ocultos en 40s antes de firma o cierre contable. Saludos!","Estimado/a Henry,

Un gusto saludarte. Te contacto porque en empresas del sector de Deloitte Audit & Assurance, el mayor dolor que vemos en auditorías no son los números del balance, sino las contingencias ocultas en contratos con proveedores (penalizaciones no registradas, cláusulas de rescisión asimétricas y sobrecostos).

En Audiflowai (https://audiflowai.com) creamos una infraestructura que cruza contratos contra balances en 40 segundos con rigor forense (cero alucinaciones y 100% en memoria volátil sin guardar datos en disco).

¿Te gustaría que te enviemos un análisis de prueba sin costo sobre 1 contrato modelo para que lo evalúes con tu equipo?

Saludos cordiales,
Equipo Audiflowai
soporte@audiflowai.com","Hola Henry, espero que estés teniendo una excelente semana.

Te comparto un dato rápido: el 68% de las contingencias en procesos de Due Diligence provienen de cláusulas pasadas por alto. 

Habilitamos un acceso de cortesía para escanear 1 contrato completo sin tarjeta ni registro previo aquí: https://audiflowai.com

Quedo atento a tus comentarios si deseas probarlo."
311,"Gabriel","Castillo","KPMG Corporate Audit","Socio de Auditoria & Aseguramiento (Audit Partner)","https://www.linkedin.com/in/gabriel-castillo-auditpartner-311","audit.gabriel.castillo311@cisneroslogistics.co","Hola Gabriel, un gusto conectar. Veo tu liderazgo como Socio de Auditoria & Aseguramiento (Audit Partner) en KPMG Corporate Audit. En Audiflowai desarrollamos un motor de IA determinista para auditar contratos y detectar pasivos ocultos en 40s antes de firma o cierre contable. Saludos!","Estimado/a Gabriel,

Un gusto saludarte. Te contacto porque en empresas del sector de KPMG Corporate Audit, el mayor dolor que vemos en auditorías no son los números del balance, sino las contingencias ocultas en contratos con proveedores (penalizaciones no registradas, cláusulas de rescisión asimétricas y sobrecostos).

En Audiflowai (https://audiflowai.com) creamos una infraestructura que cruza contratos contra balances en 40 segundos con rigor forense (cero alucinaciones y 100% en memoria volátil sin guardar datos en disco).

¿Te gustaría que te enviemos un análisis de prueba sin costo sobre 1 contrato modelo para que lo evalúes con tu equipo?

Saludos cordiales,
Equipo Audiflowai
soporte@audiflowai.com","Hola Gabriel, espero que estés teniendo una excelente semana.

Te comparto un dato rápido: el 68% de las contingencias en procesos de Due Diligence provienen de cláusulas pasadas por alto. 

Habilitamos un acceso de cortesía para escanear 1 contrato completo sin tarjeta ni registro previo aquí: https://audiflowai.com

Quedo atento a tus comentarios si deseas probarlo."
312,"Noah","Martin","Crowe Horwath Audit","Managing Audit Partner - PCAOB / IFRS Compliance","https://www.linkedin.com/in/noah-martin-auditpartner-312","audit.noah.martin312@vargasretail.co","Hola Noah, un gusto conectar. Veo tu liderazgo como Managing Audit Partner - PCAOB / IFRS Compliance en Crowe Horwath Audit. En Audiflowai desarrollamos un motor de IA determinista para auditar contratos y detectar pasivos ocultos en 40s antes de firma o cierre contable. Saludos!","Estimado/a Noah,

Un gusto saludarte. Te contacto porque en empresas del sector de Crowe Horwath Audit, el mayor dolor que vemos en auditorías no son los números del balance, sino las contingencias ocultas en contratos con proveedores (penalizaciones no registradas, cláusulas de rescisión asimétricas y sobrecostos).

En Audiflowai (https://audiflowai.com) creamos una infraestructura que cruza contratos contra balances en 40 segundos con rigor forense (cero alucinaciones y 100% en memoria volátil sin guardar datos en disco).

¿Te gustaría que te enviemos un análisis de prueba sin costo sobre 1 contrato modelo para que lo evalúes con tu equipo?

Saludos cordiales,
Equipo Audiflowai
soporte@audiflowai.com","Hola Noah, espero que estés teniendo una excelente semana.

Te comparto un dato rápido: el 68% de las contingencias en procesos de Due Diligence provienen de cláusulas pasadas por alto. 

Habilitamos un acceso de cortesía para escanear 1 contrato completo sin tarjeta ni registro previo aquí: https://audiflowai.com

Quedo atento a tus comentarios si deseas probarlo."
313,"Esteban","Jimenez","Nordic Audit Partners","Socio de Auditoria & Aseguramiento (Audit Partner)","https://www.linkedin.com/in/esteban-jimenez-auditpartner-313","audit.esteban.jimenez313@bermudezcapital.mx","Hola Esteban, un gusto conectar. Veo tu liderazgo como Socio de Auditoria & Aseguramiento (Audit Partner) en Nordic Audit Partners. En Audiflowai desarrollamos un motor de IA determinista para auditar contratos y detectar pasivos ocultos en 40s antes de firma o cierre contable. Saludos!","Estimado/a Esteban,

Un gusto saludarte. Te contacto porque en empresas del sector de Nordic Audit Partners, el mayor dolor que vemos en auditorías no son los números del balance, sino las contingencias ocultas en contratos con proveedores (penalizaciones no registradas, cláusulas de rescisión asimétricas y sobrecostos).

En Audiflowai (https://audiflowai.com) creamos una infraestructura que cruza contratos contra balances en 40 segundos con rigor forense (cero alucinaciones y 100% en memoria volátil sin guardar datos en disco).

¿Te gustaría que te enviemos un análisis de prueba sin costo sobre 1 contrato modelo para que lo evalúes con tu equipo?

Saludos cordiales,
Equipo Audiflowai
soporte@audiflowai.com","Hola Esteban, espero que estés teniendo una excelente semana.

Te comparto un dato rápido: el 68% de las contingencias en procesos de Due Diligence provienen de cláusulas pasadas por alto. 

Habilitamos un acceso de cortesía para escanear 1 contrato completo sin tarjeta ni registro previo aquí: https://audiflowai.com

Quedo atento a tus comentarios si deseas probarlo."
314,"Isabelle","Hoffmann","EY Forensic & Assurance","Managing Audit Partner - PCAOB / IFRS Compliance","https://www.linkedin.com/in/isabelle-hoffmann-auditpartner-314","audit.isabelle.hoffmann314@mendozacorp.sv","Hola Isabelle, un gusto conectar. Veo tu liderazgo como Managing Audit Partner - PCAOB / IFRS Compliance en EY Forensic & Assurance. En Audiflowai desarrollamos un motor de IA determinista para auditar contratos y detectar pasivos ocultos en 40s antes de firma o cierre contable. Saludos!","Estimado/a Isabelle,

Un gusto saludarte. Te contacto porque en empresas del sector de EY Forensic & Assurance, el mayor dolor que vemos en auditorías no son los números del balance, sino las contingencias ocultas en contratos con proveedores (penalizaciones no registradas, cláusulas de rescisión asimétricas y sobrecostos).

En Audiflowai (https://audiflowai.com) creamos una infraestructura que cruza contratos contra balances en 40 segundos con rigor forense (cero alucinaciones y 100% en memoria volátil sin guardar datos en disco).

¿Te gustaría que te enviemos un análisis de prueba sin costo sobre 1 contrato modelo para que lo evalúes con tu equipo?

Saludos cordiales,
Equipo Audiflowai
soporte@audiflowai.com","Hola Isabelle, espero que estés teniendo una excelente semana.

Te comparto un dato rápido: el 68% de las contingencias en procesos de Due Diligence provienen de cláusulas pasadas por alto. 

Habilitamos un acceso de cortesía para escanear 1 contrato completo sin tarjeta ni registro previo aquí: https://audiflowai.com

Quedo atento a tus comentarios si deseas probarlo."
315,"Carlos","Mendoza","Grant Thornton Assurance","Socio de Auditoria & Aseguramiento (Audit Partner)","https://www.linkedin.com/in/carlos-mendoza-auditpartner-315","audit.carlos.mendoza315@alvaradoholdings.sv","Hola Carlos, un gusto conectar. Veo tu liderazgo como Socio de Auditoria & Aseguramiento (Audit Partner) en Grant Thornton Assurance. En Audiflowai desarrollamos un motor de IA determinista para auditar contratos y detectar pasivos ocultos en 40s antes de firma o cierre contable. Saludos!","Estimado/a Carlos,

Un gusto saludarte. Te contacto porque en empresas del sector de Grant Thornton Assurance, el mayor dolor que vemos en auditorías no son los números del balance, sino las contingencias ocultas en contratos con proveedores (penalizaciones no registradas, cláusulas de rescisión asimétricas y sobrecostos).

En Audiflowai (https://audiflowai.com) creamos una infraestructura que cruza contratos contra balances en 40 segundos con rigor forense (cero alucinaciones y 100% en memoria volátil sin guardar datos en disco).

¿Te gustaría que te enviemos un análisis de prueba sin costo sobre 1 contrato modelo para que lo evalúes con tu equipo?

Saludos cordiales,
Equipo Audiflowai
soporte@audiflowai.com","Hola Carlos, espero que estés teniendo una excelente semana.

Te comparto un dato rápido: el 68% de las contingencias en procesos de Due Diligence provienen de cláusulas pasadas por alto. 

Habilitamos un acceso de cortesía para escanear 1 contrato completo sin tarjeta ni registro previo aquí: https://audiflowai.com

Quedo atento a tus comentarios si deseas probarlo."
316,"Oliver","Davis","Firma de Auditoria Central","Managing Audit Partner - PCAOB / IFRS Compliance","https://www.linkedin.com/in/oliver-davis-auditpartner-316","audit.oliver.davis316@herreratrade.pa","Hola Oliver, un gusto conectar. Veo tu liderazgo como Managing Audit Partner - PCAOB / IFRS Compliance en Firma de Auditoria Central. En Audiflowai desarrollamos un motor de IA determinista para auditar contratos y detectar pasivos ocultos en 40s antes de firma o cierre contable. Saludos!","Estimado/a Oliver,

Un gusto saludarte. Te contacto porque en empresas del sector de Firma de Auditoria Central, el mayor dolor que vemos en auditorías no son los números del balance, sino las contingencias ocultas en contratos con proveedores (penalizaciones no registradas, cláusulas de rescisión asimétricas y sobrecostos).

En Audiflowai (https://audiflowai.com) creamos una infraestructura que cruza contratos contra balances en 40 segundos con rigor forense (cero alucinaciones y 100% en memoria volátil sin guardar datos en disco).

¿Te gustaría que te enviemos un análisis de prueba sin costo sobre 1 contrato modelo para que lo evalúes con tu equipo?

Saludos cordiales,
Equipo Audiflowai
soporte@audiflowai.com","Hola Oliver, espero que estés teniendo una excelente semana.

Te comparto un dato rápido: el 68% de las contingencias en procesos de Due Diligence provienen de cláusulas pasadas por alto. 

Habilitamos un acceso de cortesía para escanear 1 contrato completo sin tarjeta ni registro previo aquí: https://audiflowai.com

Quedo atento a tus comentarios si deseas probarlo."
317,"Alejandro","Delgado","PwC Financial Audit","Socio de Auditoria & Aseguramiento (Audit Partner)","https://www.linkedin.com/in/alejandro-delgado-auditpartner-317","audit.alejandro.delgado317@finanzeprova.it","Hola Alejandro, un gusto conectar. Veo tu liderazgo como Socio de Auditoria & Aseguramiento (Audit Partner) en PwC Financial Audit. En Audiflowai desarrollamos un motor de IA determinista para auditar contratos y detectar pasivos ocultos en 40s antes de firma o cierre contable. Saludos!","Estimado/a Alejandro,

Un gusto saludarte. Te contacto porque en empresas del sector de PwC Financial Audit, el mayor dolor que vemos en auditorías no son los números del balance, sino las contingencias ocultas en contratos con proveedores (penalizaciones no registradas, cláusulas de rescisión asimétricas y sobrecostos).

En Audiflowai (https://audiflowai.com) creamos una infraestructura que cruza contratos contra balances en 40 segundos con rigor forense (cero alucinaciones y 100% en memoria volátil sin guardar datos en disco).

¿Te gustaría que te enviemos un análisis de prueba sin costo sobre 1 contrato modelo para que lo evalúes con tu equipo?

Saludos cordiales,
Equipo Audiflowai
soporte@audiflowai.com","Hola Alejandro, espero que estés teniendo una excelente semana.

Te comparto un dato rápido: el 68% de las contingencias en procesos de Due Diligence provienen de cláusulas pasadas por alto. 

Habilitamos un acceso de cortesía para escanear 1 contrato completo sin tarjeta ni registro previo aquí: https://audiflowai.com

Quedo atento a tus comentarios si deseas probarlo."
318,"Sebastian","Schneider","BDO Auditores Consultores","Managing Audit Partner - PCAOB / IFRS Compliance","https://www.linkedin.com/in/sebastian-schneider-auditpartner-318","audit.sebastian.schneider318@guzmanpartners.cr","Hola Sebastian, un gusto conectar. Veo tu liderazgo como Managing Audit Partner - PCAOB / IFRS Compliance en BDO Auditores Consultores. En Audiflowai desarrollamos un motor de IA determinista para auditar contratos y detectar pasivos ocultos en 40s antes de firma o cierre contable. Saludos!","Estimado/a Sebastian,

Un gusto saludarte. Te contacto porque en empresas del sector de BDO Auditores Consultores, el mayor dolor que vemos en auditorías no son los números del balance, sino las contingencias ocultas en contratos con proveedores (penalizaciones no registradas, cláusulas de rescisión asimétricas y sobrecostos).

En Audiflowai (https://audiflowai.com) creamos una infraestructura que cruza contratos contra balances en 40 segundos con rigor forense (cero alucinaciones y 100% en memoria volátil sin guardar datos en disco).

¿Te gustaría que te enviemos un análisis de prueba sin costo sobre 1 contrato modelo para que lo evalúes con tu equipo?

Saludos cordiales,
Equipo Audiflowai
soporte@audiflowai.com","Hola Sebastian, espero que estés teniendo una excelente semana.

Te comparto un dato rápido: el 68% de las contingencias en procesos de Due Diligence provienen de cláusulas pasadas por alto. 

Habilitamos un acceso de cortesía para escanear 1 contrato completo sin tarjeta ni registro previo aquí: https://audiflowai.com

Quedo atento a tus comentarios si deseas probarlo."
319,"Andres","Quezada","Baker Tilly International","Socio de Auditoria & Aseguramiento (Audit Partner)","https://www.linkedin.com/in/andres-quezada-auditpartner-319","audit.andres.quezada319@nordiclogistics.se","Hola Andres, un gusto conectar. Veo tu liderazgo como Socio de Auditoria & Aseguramiento (Audit Partner) en Baker Tilly International. En Audiflowai desarrollamos un motor de IA determinista para auditar contratos y detectar pasivos ocultos en 40s antes de firma o cierre contable. Saludos!","Estimado/a Andres,

Un gusto saludarte. Te contacto porque en empresas del sector de Baker Tilly International, el mayor dolor que vemos en auditorías no son los números del balance, sino las contingencias ocultas en contratos con proveedores (penalizaciones no registradas, cláusulas de rescisión asimétricas y sobrecostos).

En Audiflowai (https://audiflowai.com) creamos una infraestructura que cruza contratos contra balances en 40 segundos con rigor forense (cero alucinaciones y 100% en memoria volátil sin guardar datos en disco).

¿Te gustaría que te enviemos un análisis de prueba sin costo sobre 1 contrato modelo para que lo evalúes con tu equipo?

Saludos cordiales,
Equipo Audiflowai
soporte@audiflowai.com","Hola Andres, espero que estés teniendo una excelente semana.

Te comparto un dato rápido: el 68% de las contingencias en procesos de Due Diligence provienen de cláusulas pasadas por alto. 

Habilitamos un acceso de cortesía para escanear 1 contrato completo sin tarjeta ni registro previo aquí: https://audiflowai.com

Quedo atento a tus comentarios si deseas probarlo."
320,"Thomas","Smith","Deloitte Audit & Assurance","Managing Audit Partner - PCAOB / IFRS Compliance","https://www.linkedin.com/in/thomas-smith-auditpartner-320","audit.thomas.smith320@fuentesindustries.gt","Hola Thomas, un gusto conectar. Veo tu liderazgo como Managing Audit Partner - PCAOB / IFRS Compliance en Deloitte Audit & Assurance. En Audiflowai desarrollamos un motor de IA determinista para auditar contratos y detectar pasivos ocultos en 40s antes de firma o cierre contable. Saludos!","Estimado/a Thomas,

Un gusto saludarte. Te contacto porque en empresas del sector de Deloitte Audit & Assurance, el mayor dolor que vemos en auditorías no son los números del balance, sino las contingencias ocultas en contratos con proveedores (penalizaciones no registradas, cláusulas de rescisión asimétricas y sobrecostos).

En Audiflowai (https://audiflowai.com) creamos una infraestructura que cruza contratos contra balances en 40 segundos con rigor forense (cero alucinaciones y 100% en memoria volátil sin guardar datos en disco).

¿Te gustaría que te enviemos un análisis de prueba sin costo sobre 1 contrato modelo para que lo evalúes con tu equipo?

Saludos cordiales,
Equipo Audiflowai
soporte@audiflowai.com","Hola Thomas, espero que estés teniendo una excelente semana.

Te comparto un dato rápido: el 68% de las contingencias en procesos de Due Diligence provienen de cláusulas pasadas por alto. 

Habilitamos un acceso de cortesía para escanear 1 contrato completo sin tarjeta ni registro previo aquí: https://audiflowai.com

Quedo atento a tus comentarios si deseas probarlo."
321,"Catalina","Castillo","KPMG Corporate Audit","Socio de Auditoria & Aseguramiento (Audit Partner)","https://www.linkedin.com/in/catalina-castillo-auditpartner-321","audit.catalina.castillo321@vertextrading.de","Hola Catalina, un gusto conectar. Veo tu liderazgo como Socio de Auditoria & Aseguramiento (Audit Partner) en KPMG Corporate Audit. En Audiflowai desarrollamos un motor de IA determinista para auditar contratos y detectar pasivos ocultos en 40s antes de firma o cierre contable. Saludos!","Estimado/a Catalina,

Un gusto saludarte. Te contacto porque en empresas del sector de KPMG Corporate Audit, el mayor dolor que vemos en auditorías no son los números del balance, sino las contingencias ocultas en contratos con proveedores (penalizaciones no registradas, cláusulas de rescisión asimétricas y sobrecostos).

En Audiflowai (https://audiflowai.com) creamos una infraestructura que cruza contratos contra balances en 40 segundos con rigor forense (cero alucinaciones y 100% en memoria volátil sin guardar datos en disco).

¿Te gustaría que te enviemos un análisis de prueba sin costo sobre 1 contrato modelo para que lo evalúes con tu equipo?

Saludos cordiales,
Equipo Audiflowai
soporte@audiflowai.com","Hola Catalina, espero que estés teniendo una excelente semana.

Te comparto un dato rápido: el 68% de las contingencias en procesos de Due Diligence provienen de cláusulas pasadas por alto. 

Habilitamos un acceso de cortesía para escanear 1 contrato completo sin tarjeta ni registro previo aquí: https://audiflowai.com

Quedo atento a tus comentarios si deseas probarlo."
322,"Hans","Martin","Crowe Horwath Audit","Managing Audit Partner - PCAOB / IFRS Compliance","https://www.linkedin.com/in/hans-martin-auditpartner-322","audit.hans.martin322@escobarenterprise.pe","Hola Hans, un gusto conectar. Veo tu liderazgo como Managing Audit Partner - PCAOB / IFRS Compliance en Crowe Horwath Audit. En Audiflowai desarrollamos un motor de IA determinista para auditar contratos y detectar pasivos ocultos en 40s antes de firma o cierre contable. Saludos!","Estimado/a Hans,

Un gusto saludarte. Te contacto porque en empresas del sector de Crowe Horwath Audit, el mayor dolor que vemos en auditorías no son los números del balance, sino las contingencias ocultas en contratos con proveedores (penalizaciones no registradas, cláusulas de rescisión asimétricas y sobrecostos).

En Audiflowai (https://audiflowai.com) creamos una infraestructura que cruza contratos contra balances en 40 segundos con rigor forense (cero alucinaciones y 100% en memoria volátil sin guardar datos en disco).

¿Te gustaría que te enviemos un análisis de prueba sin costo sobre 1 contrato modelo para que lo evalúes con tu equipo?

Saludos cordiales,
Equipo Audiflowai
soporte@audiflowai.com","Hola Hans, espero que estés teniendo una excelente semana.

Te comparto un dato rápido: el 68% de las contingencias en procesos de Due Diligence provienen de cláusulas pasadas por alto. 

Habilitamos un acceso de cortesía para escanear 1 contrato completo sin tarjeta ni registro previo aquí: https://audiflowai.com

Quedo atento a tus comentarios si deseas probarlo."
323,"Roberto","Jimenez","Nordic Audit Partners","Socio de Auditoria & Aseguramiento (Audit Partner)","https://www.linkedin.com/in/roberto-jimenez-auditpartner-323","audit.roberto.jimenez323@lombardcapital.ch","Hola Roberto, un gusto conectar. Veo tu liderazgo como Socio de Auditoria & Aseguramiento (Audit Partner) en Nordic Audit Partners. En Audiflowai desarrollamos un motor de IA determinista para auditar contratos y detectar pasivos ocultos en 40s antes de firma o cierre contable. Saludos!","Estimado/a Roberto,

Un gusto saludarte. Te contacto porque en empresas del sector de Nordic Audit Partners, el mayor dolor que vemos en auditorías no son los números del balance, sino las contingencias ocultas en contratos con proveedores (penalizaciones no registradas, cláusulas de rescisión asimétricas y sobrecostos).

En Audiflowai (https://audiflowai.com) creamos una infraestructura que cruza contratos contra balances en 40 segundos con rigor forense (cero alucinaciones y 100% en memoria volátil sin guardar datos en disco).

¿Te gustaría que te enviemos un análisis de prueba sin costo sobre 1 contrato modelo para que lo evalúes con tu equipo?

Saludos cordiales,
Equipo Audiflowai
soporte@audiflowai.com","Hola Roberto, espero que estés teniendo una excelente semana.

Te comparto un dato rápido: el 68% de las contingencias en procesos de Due Diligence provienen de cláusulas pasadas por alto. 

Habilitamos un acceso de cortesía para escanear 1 contrato completo sin tarjeta ni registro previo aquí: https://audiflowai.com

Quedo atento a tus comentarios si deseas probarlo."
324,"Lucas","Hoffmann","EY Forensic & Assurance","Managing Audit Partner - PCAOB / IFRS Compliance","https://www.linkedin.com/in/lucas-hoffmann-auditpartner-324","audit.lucas.hoffmann324@delgadogroup.cl","Hola Lucas, un gusto conectar. Veo tu liderazgo como Managing Audit Partner - PCAOB / IFRS Compliance en EY Forensic & Assurance. En Audiflowai desarrollamos un motor de IA determinista para auditar contratos y detectar pasivos ocultos en 40s antes de firma o cierre contable. Saludos!","Estimado/a Lucas,

Un gusto saludarte. Te contacto porque en empresas del sector de EY Forensic & Assurance, el mayor dolor que vemos en auditorías no son los números del balance, sino las contingencias ocultas en contratos con proveedores (penalizaciones no registradas, cláusulas de rescisión asimétricas y sobrecostos).

En Audiflowai (https://audiflowai.com) creamos una infraestructura que cruza contratos contra balances en 40 segundos con rigor forense (cero alucinaciones y 100% en memoria volátil sin guardar datos en disco).

¿Te gustaría que te enviemos un análisis de prueba sin costo sobre 1 contrato modelo para que lo evalúes con tu equipo?

Saludos cordiales,
Equipo Audiflowai
soporte@audiflowai.com","Hola Lucas, espero que estés teniendo una excelente semana.

Te comparto un dato rápido: el 68% de las contingencias en procesos de Due Diligence provienen de cláusulas pasadas por alto. 

Habilitamos un acceso de cortesía para escanear 1 contrato completo sin tarjeta ni registro previo aquí: https://audiflowai.com

Quedo atento a tus comentarios si deseas probarlo."
325,"Diego","Mendoza","Grant Thornton Assurance","Socio de Auditoria & Aseguramiento (Audit Partner)","https://www.linkedin.com/in/diego-mendoza-auditpartner-325","audit.diego.mendoza325@apexglobal.co.uk","Hola Diego, un gusto conectar. Veo tu liderazgo como Socio de Auditoria & Aseguramiento (Audit Partner) en Grant Thornton Assurance. En Audiflowai desarrollamos un motor de IA determinista para auditar contratos y detectar pasivos ocultos en 40s antes de firma o cierre contable. Saludos!","Estimado/a Diego,

Un gusto saludarte. Te contacto porque en empresas del sector de Grant Thornton Assurance, el mayor dolor que vemos en auditorías no son los números del balance, sino las contingencias ocultas en contratos con proveedores (penalizaciones no registradas, cláusulas de rescisión asimétricas y sobrecostos).

En Audiflowai (https://audiflowai.com) creamos una infraestructura que cruza contratos contra balances en 40 segundos con rigor forense (cero alucinaciones y 100% en memoria volátil sin guardar datos en disco).

¿Te gustaría que te enviemos un análisis de prueba sin costo sobre 1 contrato modelo para que lo evalúes con tu equipo?

Saludos cordiales,
Equipo Audiflowai
soporte@audiflowai.com","Hola Diego, espero que estés teniendo una excelente semana.

Te comparto un dato rápido: el 68% de las contingencias en procesos de Due Diligence provienen de cláusulas pasadas por alto. 

Habilitamos un acceso de cortesía para escanear 1 contrato completo sin tarjeta ni registro previo aquí: https://audiflowai.com

Quedo atento a tus comentarios si deseas probarlo."
326,"Arthur","Davis","Firma de Auditoria Central","Managing Audit Partner - PCAOB / IFRS Compliance","https://www.linkedin.com/in/arthur-davis-auditpartner-326","audit.arthur.davis326@cisneroslogistics.co","Hola Arthur, un gusto conectar. Veo tu liderazgo como Managing Audit Partner - PCAOB / IFRS Compliance en Firma de Auditoria Central. En Audiflowai desarrollamos un motor de IA determinista para auditar contratos y detectar pasivos ocultos en 40s antes de firma o cierre contable. Saludos!","Estimado/a Arthur,

Un gusto saludarte. Te contacto porque en empresas del sector de Firma de Auditoria Central, el mayor dolor que vemos en auditorías no son los números del balance, sino las contingencias ocultas en contratos con proveedores (penalizaciones no registradas, cláusulas de rescisión asimétricas y sobrecostos).

En Audiflowai (https://audiflowai.com) creamos una infraestructura que cruza contratos contra balances en 40 segundos con rigor forense (cero alucinaciones y 100% en memoria volátil sin guardar datos en disco).

¿Te gustaría que te enviemos un análisis de prueba sin costo sobre 1 contrato modelo para que lo evalúes con tu equipo?

Saludos cordiales,
Equipo Audiflowai
soporte@audiflowai.com","Hola Arthur, espero que estés teniendo una excelente semana.

Te comparto un dato rápido: el 68% de las contingencias en procesos de Due Diligence provienen de cláusulas pasadas por alto. 

Habilitamos un acceso de cortesía para escanear 1 contrato completo sin tarjeta ni registro previo aquí: https://audiflowai.com

Quedo atento a tus comentarios si deseas probarlo."
327,"Rodrigo","Delgado","PwC Financial Audit","Socio de Auditoria & Aseguramiento (Audit Partner)","https://www.linkedin.com/in/rodrigo-delgado-auditpartner-327","audit.rodrigo.delgado327@vargasretail.co","Hola Rodrigo, un gusto conectar. Veo tu liderazgo como Socio de Auditoria & Aseguramiento (Audit Partner) en PwC Financial Audit. En Audiflowai desarrollamos un motor de IA determinista para auditar contratos y detectar pasivos ocultos en 40s antes de firma o cierre contable. Saludos!","Estimado/a Rodrigo,

Un gusto saludarte. Te contacto porque en empresas del sector de PwC Financial Audit, el mayor dolor que vemos en auditorías no son los números del balance, sino las contingencias ocultas en contratos con proveedores (penalizaciones no registradas, cláusulas de rescisión asimétricas y sobrecostos).

En Audiflowai (https://audiflowai.com) creamos una infraestructura que cruza contratos contra balances en 40 segundos con rigor forense (cero alucinaciones y 100% en memoria volátil sin guardar datos en disco).

¿Te gustaría que te enviemos un análisis de prueba sin costo sobre 1 contrato modelo para que lo evalúes con tu equipo?

Saludos cordiales,
Equipo Audiflowai
soporte@audiflowai.com","Hola Rodrigo, espero que estés teniendo una excelente semana.

Te comparto un dato rápido: el 68% de las contingencias en procesos de Due Diligence provienen de cláusulas pasadas por alto. 

Habilitamos un acceso de cortesía para escanear 1 contrato completo sin tarjeta ni registro previo aquí: https://audiflowai.com

Quedo atento a tus comentarios si deseas probarlo."
328,"Stefan","Schneider","BDO Auditores Consultores","Managing Audit Partner - PCAOB / IFRS Compliance","https://www.linkedin.com/in/stefan-schneider-auditpartner-328","audit.stefan.schneider328@bermudezcapital.mx","Hola Stefan, un gusto conectar. Veo tu liderazgo como Managing Audit Partner - PCAOB / IFRS Compliance en BDO Auditores Consultores. En Audiflowai desarrollamos un motor de IA determinista para auditar contratos y detectar pasivos ocultos en 40s antes de firma o cierre contable. Saludos!","Estimado/a Stefan,

Un gusto saludarte. Te contacto porque en empresas del sector de BDO Auditores Consultores, el mayor dolor que vemos en auditorías no son los números del balance, sino las contingencias ocultas en contratos con proveedores (penalizaciones no registradas, cláusulas de rescisión asimétricas y sobrecostos).

En Audiflowai (https://audiflowai.com) creamos una infraestructura que cruza contratos contra balances en 40 segundos con rigor forense (cero alucinaciones y 100% en memoria volátil sin guardar datos en disco).

¿Te gustaría que te enviemos un análisis de prueba sin costo sobre 1 contrato modelo para que lo evalúes con tu equipo?

Saludos cordiales,
Equipo Audiflowai
soporte@audiflowai.com","Hola Stefan, espero que estés teniendo una excelente semana.

Te comparto un dato rápido: el 68% de las contingencias en procesos de Due Diligence provienen de cláusulas pasadas por alto. 

Habilitamos un acceso de cortesía para escanear 1 contrato completo sin tarjeta ni registro previo aquí: https://audiflowai.com

Quedo atento a tus comentarios si deseas probarlo."
329,"Lorena","Quezada","Baker Tilly International","Socio de Auditoria & Aseguramiento (Audit Partner)","https://www.linkedin.com/in/lorena-quezada-auditpartner-329","audit.lorena.quezada329@mendozacorp.sv","Hola Lorena, un gusto conectar. Veo tu liderazgo como Socio de Auditoria & Aseguramiento (Audit Partner) en Baker Tilly International. En Audiflowai desarrollamos un motor de IA determinista para auditar contratos y detectar pasivos ocultos en 40s antes de firma o cierre contable. Saludos!","Estimado/a Lorena,

Un gusto saludarte. Te contacto porque en empresas del sector de Baker Tilly International, el mayor dolor que vemos en auditorías no son los números del balance, sino las contingencias ocultas en contratos con proveedores (penalizaciones no registradas, cláusulas de rescisión asimétricas y sobrecostos).

En Audiflowai (https://audiflowai.com) creamos una infraestructura que cruza contratos contra balances en 40 segundos con rigor forense (cero alucinaciones y 100% en memoria volátil sin guardar datos en disco).

¿Te gustaría que te enviemos un análisis de prueba sin costo sobre 1 contrato modelo para que lo evalúes con tu equipo?

Saludos cordiales,
Equipo Audiflowai
soporte@audiflowai.com","Hola Lorena, espero que estés teniendo una excelente semana.

Te comparto un dato rápido: el 68% de las contingencias en procesos de Due Diligence provienen de cláusulas pasadas por alto. 

Habilitamos un acceso de cortesía para escanear 1 contrato completo sin tarjeta ni registro previo aquí: https://audiflowai.com

Quedo atento a tus comentarios si deseas probarlo."
330,"Alexander","Smith","Deloitte Audit & Assurance","Managing Audit Partner - PCAOB / IFRS Compliance","https://www.linkedin.com/in/alexander-smith-auditpartner-330","audit.alexander.smith330@alvaradoholdings.sv","Hola Alexander, un gusto conectar. Veo tu liderazgo como Managing Audit Partner - PCAOB / IFRS Compliance en Deloitte Audit & Assurance. En Audiflowai desarrollamos un motor de IA determinista para auditar contratos y detectar pasivos ocultos en 40s antes de firma o cierre contable. Saludos!","Estimado/a Alexander,

Un gusto saludarte. Te contacto porque en empresas del sector de Deloitte Audit & Assurance, el mayor dolor que vemos en auditorías no son los números del balance, sino las contingencias ocultas en contratos con proveedores (penalizaciones no registradas, cláusulas de rescisión asimétricas y sobrecostos).

En Audiflowai (https://audiflowai.com) creamos una infraestructura que cruza contratos contra balances en 40 segundos con rigor forense (cero alucinaciones y 100% en memoria volátil sin guardar datos en disco).

¿Te gustaría que te enviemos un análisis de prueba sin costo sobre 1 contrato modelo para que lo evalúes con tu equipo?

Saludos cordiales,
Equipo Audiflowai
soporte@audiflowai.com","Hola Alexander, espero que estés teniendo una excelente semana.

Te comparto un dato rápido: el 68% de las contingencias en procesos de Due Diligence provienen de cláusulas pasadas por alto. 

Habilitamos un acceso de cortesía para escanear 1 contrato completo sin tarjeta ni registro previo aquí: https://audiflowai.com

Quedo atento a tus comentarios si deseas probarlo."
331,"Javier","Castillo","KPMG Corporate Audit","Socio de Auditoria & Aseguramiento (Audit Partner)","https://www.linkedin.com/in/javier-castillo-auditpartner-331","audit.javier.castillo331@herreratrade.pa","Hola Javier, un gusto conectar. Veo tu liderazgo como Socio de Auditoria & Aseguramiento (Audit Partner) en KPMG Corporate Audit. En Audiflowai desarrollamos un motor de IA determinista para auditar contratos y detectar pasivos ocultos en 40s antes de firma o cierre contable. Saludos!","Estimado/a Javier,

Un gusto saludarte. Te contacto porque en empresas del sector de KPMG Corporate Audit, el mayor dolor que vemos en auditorías no son los números del balance, sino las contingencias ocultas en contratos con proveedores (penalizaciones no registradas, cláusulas de rescisión asimétricas y sobrecostos).

En Audiflowai (https://audiflowai.com) creamos una infraestructura que cruza contratos contra balances en 40 segundos con rigor forense (cero alucinaciones y 100% en memoria volátil sin guardar datos en disco).

¿Te gustaría que te enviemos un análisis de prueba sin costo sobre 1 contrato modelo para que lo evalúes con tu equipo?

Saludos cordiales,
Equipo Audiflowai
soporte@audiflowai.com","Hola Javier, espero que estés teniendo una excelente semana.

Te comparto un dato rápido: el 68% de las contingencias en procesos de Due Diligence provienen de cláusulas pasadas por alto. 

Habilitamos un acceso de cortesía para escanear 1 contrato completo sin tarjeta ni registro previo aquí: https://audiflowai.com

Quedo atento a tus comentarios si deseas probarlo."
332,"Benjamin","Martin","Crowe Horwath Audit","Managing Audit Partner - PCAOB / IFRS Compliance","https://www.linkedin.com/in/benjamin-martin-auditpartner-332","audit.benjamin.martin332@finanzeprova.it","Hola Benjamin, un gusto conectar. Veo tu liderazgo como Managing Audit Partner - PCAOB / IFRS Compliance en Crowe Horwath Audit. En Audiflowai desarrollamos un motor de IA determinista para auditar contratos y detectar pasivos ocultos en 40s antes de firma o cierre contable. Saludos!","Estimado/a Benjamin,

Un gusto saludarte. Te contacto porque en empresas del sector de Crowe Horwath Audit, el mayor dolor que vemos en auditorías no son los números del balance, sino las contingencias ocultas en contratos con proveedores (penalizaciones no registradas, cláusulas de rescisión asimétricas y sobrecostos).

En Audiflowai (https://audiflowai.com) creamos una infraestructura que cruza contratos contra balances en 40 segundos con rigor forense (cero alucinaciones y 100% en memoria volátil sin guardar datos en disco).

¿Te gustaría que te enviemos un análisis de prueba sin costo sobre 1 contrato modelo para que lo evalúes con tu equipo?

Saludos cordiales,
Equipo Audiflowai
soporte@audiflowai.com","Hola Benjamin, espero que estés teniendo una excelente semana.

Te comparto un dato rápido: el 68% de las contingencias en procesos de Due Diligence provienen de cláusulas pasadas por alto. 

Habilitamos un acceso de cortesía para escanear 1 contrato completo sin tarjeta ni registro previo aquí: https://audiflowai.com

Quedo atento a tus comentarios si deseas probarlo."
333,"Fernando","Jimenez","Nordic Audit Partners","Socio de Auditoria & Aseguramiento (Audit Partner)","https://www.linkedin.com/in/fernando-jimenez-auditpartner-333","audit.fernando.jimenez333@guzmanpartners.cr","Hola Fernando, un gusto conectar. Veo tu liderazgo como Socio de Auditoria & Aseguramiento (Audit Partner) en Nordic Audit Partners. En Audiflowai desarrollamos un motor de IA determinista para auditar contratos y detectar pasivos ocultos en 40s antes de firma o cierre contable. Saludos!","Estimado/a Fernando,

Un gusto saludarte. Te contacto porque en empresas del sector de Nordic Audit Partners, el mayor dolor que vemos en auditorías no son los números del balance, sino las contingencias ocultas en contratos con proveedores (penalizaciones no registradas, cláusulas de rescisión asimétricas y sobrecostos).

En Audiflowai (https://audiflowai.com) creamos una infraestructura que cruza contratos contra balances en 40 segundos con rigor forense (cero alucinaciones y 100% en memoria volátil sin guardar datos en disco).

¿Te gustaría que te enviemos un análisis de prueba sin costo sobre 1 contrato modelo para que lo evalúes con tu equipo?

Saludos cordiales,
Equipo Audiflowai
soporte@audiflowai.com","Hola Fernando, espero que estés teniendo una excelente semana.

Te comparto un dato rápido: el 68% de las contingencias en procesos de Due Diligence provienen de cláusulas pasadas por alto. 

Habilitamos un acceso de cortesía para escanear 1 contrato completo sin tarjeta ni registro previo aquí: https://audiflowai.com

Quedo atento a tus comentarios si deseas probarlo."
334,"Liam","Hoffmann","EY Forensic & Assurance","Managing Audit Partner - PCAOB / IFRS Compliance","https://www.linkedin.com/in/liam-hoffmann-auditpartner-334","audit.liam.hoffmann334@nordiclogistics.se","Hola Liam, un gusto conectar. Veo tu liderazgo como Managing Audit Partner - PCAOB / IFRS Compliance en EY Forensic & Assurance. En Audiflowai desarrollamos un motor de IA determinista para auditar contratos y detectar pasivos ocultos en 40s antes de firma o cierre contable. Saludos!","Estimado/a Liam,

Un gusto saludarte. Te contacto porque en empresas del sector de EY Forensic & Assurance, el mayor dolor que vemos en auditorías no son los números del balance, sino las contingencias ocultas en contratos con proveedores (penalizaciones no registradas, cláusulas de rescisión asimétricas y sobrecostos).

En Audiflowai (https://audiflowai.com) creamos una infraestructura que cruza contratos contra balances en 40 segundos con rigor forense (cero alucinaciones y 100% en memoria volátil sin guardar datos en disco).

¿Te gustaría que te enviemos un análisis de prueba sin costo sobre 1 contrato modelo para que lo evalúes con tu equipo?

Saludos cordiales,
Equipo Audiflowai
soporte@audiflowai.com","Hola Liam, espero que estés teniendo una excelente semana.

Te comparto un dato rápido: el 68% de las contingencias en procesos de Due Diligence provienen de cláusulas pasadas por alto. 

Habilitamos un acceso de cortesía para escanear 1 contrato completo sin tarjeta ni registro previo aquí: https://audiflowai.com

Quedo atento a tus comentarios si deseas probarlo."
335,"Gonzalo","Mendoza","Grant Thornton Assurance","Socio de Auditoria & Aseguramiento (Audit Partner)","https://www.linkedin.com/in/gonzalo-mendoza-auditpartner-335","audit.gonzalo.mendoza335@fuentesindustries.gt","Hola Gonzalo, un gusto conectar. Veo tu liderazgo como Socio de Auditoria & Aseguramiento (Audit Partner) en Grant Thornton Assurance. En Audiflowai desarrollamos un motor de IA determinista para auditar contratos y detectar pasivos ocultos en 40s antes de firma o cierre contable. Saludos!","Estimado/a Gonzalo,

Un gusto saludarte. Te contacto porque en empresas del sector de Grant Thornton Assurance, el mayor dolor que vemos en auditorías no son los números del balance, sino las contingencias ocultas en contratos con proveedores (penalizaciones no registradas, cláusulas de rescisión asimétricas y sobrecostos).

En Audiflowai (https://audiflowai.com) creamos una infraestructura que cruza contratos contra balances en 40 segundos con rigor forense (cero alucinaciones y 100% en memoria volátil sin guardar datos en disco).

¿Te gustaría que te enviemos un análisis de prueba sin costo sobre 1 contrato modelo para que lo evalúes con tu equipo?

Saludos cordiales,
Equipo Audiflowai
soporte@audiflowai.com","Hola Gonzalo, espero que estés teniendo una excelente semana.

Te comparto un dato rápido: el 68% de las contingencias en procesos de Due Diligence provienen de cláusulas pasadas por alto. 

Habilitamos un acceso de cortesía para escanear 1 contrato completo sin tarjeta ni registro previo aquí: https://audiflowai.com

Quedo atento a tus comentarios si deseas probarlo."
336,"Astrid","Davis","Firma de Auditoria Central","Managing Audit Partner - PCAOB / IFRS Compliance","https://www.linkedin.com/in/astrid-davis-auditpartner-336","audit.astrid.davis336@vertextrading.de","Hola Astrid, un gusto conectar. Veo tu liderazgo como Managing Audit Partner - PCAOB / IFRS Compliance en Firma de Auditoria Central. En Audiflowai desarrollamos un motor de IA determinista para auditar contratos y detectar pasivos ocultos en 40s antes de firma o cierre contable. Saludos!","Estimado/a Astrid,

Un gusto saludarte. Te contacto porque en empresas del sector de Firma de Auditoria Central, el mayor dolor que vemos en auditorías no son los números del balance, sino las contingencias ocultas en contratos con proveedores (penalizaciones no registradas, cláusulas de rescisión asimétricas y sobrecostos).

En Audiflowai (https://audiflowai.com) creamos una infraestructura que cruza contratos contra balances en 40 segundos con rigor forense (cero alucinaciones y 100% en memoria volátil sin guardar datos en disco).

¿Te gustaría que te enviemos un análisis de prueba sin costo sobre 1 contrato modelo para que lo evalúes con tu equipo?

Saludos cordiales,
Equipo Audiflowai
soporte@audiflowai.com","Hola Astrid, espero que estés teniendo una excelente semana.

Te comparto un dato rápido: el 68% de las contingencias en procesos de Due Diligence provienen de cláusulas pasadas por alto. 

Habilitamos un acceso de cortesía para escanear 1 contrato completo sin tarjeta ni registro previo aquí: https://audiflowai.com

Quedo atento a tus comentarios si deseas probarlo."
337,"Adriana","Delgado","PwC Financial Audit","Socio de Auditoria & Aseguramiento (Audit Partner)","https://www.linkedin.com/in/adriana-delgado-auditpartner-337","audit.adriana.delgado337@escobarenterprise.pe","Hola Adriana, un gusto conectar. Veo tu liderazgo como Socio de Auditoria & Aseguramiento (Audit Partner) en PwC Financial Audit. En Audiflowai desarrollamos un motor de IA determinista para auditar contratos y detectar pasivos ocultos en 40s antes de firma o cierre contable. Saludos!","Estimado/a Adriana,

Un gusto saludarte. Te contacto porque en empresas del sector de PwC Financial Audit, el mayor dolor que vemos en auditorías no son los números del balance, sino las contingencias ocultas en contratos con proveedores (penalizaciones no registradas, cláusulas de rescisión asimétricas y sobrecostos).

En Audiflowai (https://audiflowai.com) creamos una infraestructura que cruza contratos contra balances en 40 segundos con rigor forense (cero alucinaciones y 100% en memoria volátil sin guardar datos en disco).

¿Te gustaría que te enviemos un análisis de prueba sin costo sobre 1 contrato modelo para que lo evalúes con tu equipo?

Saludos cordiales,
Equipo Audiflowai
soporte@audiflowai.com","Hola Adriana, espero que estés teniendo una excelente semana.

Te comparto un dato rápido: el 68% de las contingencias en procesos de Due Diligence provienen de cláusulas pasadas por alto. 

Habilitamos un acceso de cortesía para escanear 1 contrato completo sin tarjeta ni registro previo aquí: https://audiflowai.com

Quedo atento a tus comentarios si deseas probarlo."
338,"William","Schneider","BDO Auditores Consultores","Managing Audit Partner - PCAOB / IFRS Compliance","https://www.linkedin.com/in/william-schneider-auditpartner-338","audit.william.schneider338@lombardcapital.ch","Hola William, un gusto conectar. Veo tu liderazgo como Managing Audit Partner - PCAOB / IFRS Compliance en BDO Auditores Consultores. En Audiflowai desarrollamos un motor de IA determinista para auditar contratos y detectar pasivos ocultos en 40s antes de firma o cierre contable. Saludos!","Estimado/a William,

Un gusto saludarte. Te contacto porque en empresas del sector de BDO Auditores Consultores, el mayor dolor que vemos en auditorías no son los números del balance, sino las contingencias ocultas en contratos con proveedores (penalizaciones no registradas, cláusulas de rescisión asimétricas y sobrecostos).

En Audiflowai (https://audiflowai.com) creamos una infraestructura que cruza contratos contra balances en 40 segundos con rigor forense (cero alucinaciones y 100% en memoria volátil sin guardar datos en disco).

¿Te gustaría que te enviemos un análisis de prueba sin costo sobre 1 contrato modelo para que lo evalúes con tu equipo?

Saludos cordiales,
Equipo Audiflowai
soporte@audiflowai.com","Hola William, espero que estés teniendo una excelente semana.

Te comparto un dato rápido: el 68% de las contingencias en procesos de Due Diligence provienen de cláusulas pasadas por alto. 

Habilitamos un acceso de cortesía para escanear 1 contrato completo sin tarjeta ni registro previo aquí: https://audiflowai.com

Quedo atento a tus comentarios si deseas probarlo."
339,"Mateo","Quezada","Baker Tilly International","Socio de Auditoria & Aseguramiento (Audit Partner)","https://www.linkedin.com/in/mateo-quezada-auditpartner-339","audit.mateo.quezada339@delgadogroup.cl","Hola Mateo, un gusto conectar. Veo tu liderazgo como Socio de Auditoria & Aseguramiento (Audit Partner) en Baker Tilly International. En Audiflowai desarrollamos un motor de IA determinista para auditar contratos y detectar pasivos ocultos en 40s antes de firma o cierre contable. Saludos!","Estimado/a Mateo,

Un gusto saludarte. Te contacto porque en empresas del sector de Baker Tilly International, el mayor dolor que vemos en auditorías no son los números del balance, sino las contingencias ocultas en contratos con proveedores (penalizaciones no registradas, cláusulas de rescisión asimétricas y sobrecostos).

En Audiflowai (https://audiflowai.com) creamos una infraestructura que cruza contratos contra balances en 40 segundos con rigor forense (cero alucinaciones y 100% en memoria volátil sin guardar datos en disco).

¿Te gustaría que te enviemos un análisis de prueba sin costo sobre 1 contrato modelo para que lo evalúes con tu equipo?

Saludos cordiales,
Equipo Audiflowai
soporte@audiflowai.com","Hola Mateo, espero que estés teniendo una excelente semana.

Te comparto un dato rápido: el 68% de las contingencias en procesos de Due Diligence provienen de cláusulas pasadas por alto. 

Habilitamos un acceso de cortesía para escanear 1 contrato completo sin tarjeta ni registro previo aquí: https://audiflowai.com

Quedo atento a tus comentarios si deseas probarlo."
340,"Henry","Smith","Deloitte Audit & Assurance","Managing Audit Partner - PCAOB / IFRS Compliance","https://www.linkedin.com/in/henry-smith-auditpartner-340","audit.henry.smith340@apexglobal.co.uk","Hola Henry, un gusto conectar. Veo tu liderazgo como Managing Audit Partner - PCAOB / IFRS Compliance en Deloitte Audit & Assurance. En Audiflowai desarrollamos un motor de IA determinista para auditar contratos y detectar pasivos ocultos en 40s antes de firma o cierre contable. Saludos!","Estimado/a Henry,

Un gusto saludarte. Te contacto porque en empresas del sector de Deloitte Audit & Assurance, el mayor dolor que vemos en auditorías no son los números del balance, sino las contingencias ocultas en contratos con proveedores (penalizaciones no registradas, cláusulas de rescisión asimétricas y sobrecostos).

En Audiflowai (https://audiflowai.com) creamos una infraestructura que cruza contratos contra balances en 40 segundos con rigor forense (cero alucinaciones y 100% en memoria volátil sin guardar datos en disco).

¿Te gustaría que te enviemos un análisis de prueba sin costo sobre 1 contrato modelo para que lo evalúes con tu equipo?

Saludos cordiales,
Equipo Audiflowai
soporte@audiflowai.com","Hola Henry, espero que estés teniendo una excelente semana.

Te comparto un dato rápido: el 68% de las contingencias en procesos de Due Diligence provienen de cláusulas pasadas por alto. 

Habilitamos un acceso de cortesía para escanear 1 contrato completo sin tarjeta ni registro previo aquí: https://audiflowai.com

Quedo atento a tus comentarios si deseas probarlo."
341,"Gabriel","Castillo","KPMG Corporate Audit","Socio de Auditoria & Aseguramiento (Audit Partner)","https://www.linkedin.com/in/gabriel-castillo-auditpartner-341","audit.gabriel.castillo341@cisneroslogistics.co","Hola Gabriel, un gusto conectar. Veo tu liderazgo como Socio de Auditoria & Aseguramiento (Audit Partner) en KPMG Corporate Audit. En Audiflowai desarrollamos un motor de IA determinista para auditar contratos y detectar pasivos ocultos en 40s antes de firma o cierre contable. Saludos!","Estimado/a Gabriel,

Un gusto saludarte. Te contacto porque en empresas del sector de KPMG Corporate Audit, el mayor dolor que vemos en auditorías no son los números del balance, sino las contingencias ocultas en contratos con proveedores (penalizaciones no registradas, cláusulas de rescisión asimétricas y sobrecostos).

En Audiflowai (https://audiflowai.com) creamos una infraestructura que cruza contratos contra balances en 40 segundos con rigor forense (cero alucinaciones y 100% en memoria volátil sin guardar datos en disco).

¿Te gustaría que te enviemos un análisis de prueba sin costo sobre 1 contrato modelo para que lo evalúes con tu equipo?

Saludos cordiales,
Equipo Audiflowai
soporte@audiflowai.com","Hola Gabriel, espero que estés teniendo una excelente semana.

Te comparto un dato rápido: el 68% de las contingencias en procesos de Due Diligence provienen de cláusulas pasadas por alto. 

Habilitamos un acceso de cortesía para escanear 1 contrato completo sin tarjeta ni registro previo aquí: https://audiflowai.com

Quedo atento a tus comentarios si deseas probarlo."
342,"Noah","Martin","Crowe Horwath Audit","Managing Audit Partner - PCAOB / IFRS Compliance","https://www.linkedin.com/in/noah-martin-auditpartner-342","audit.noah.martin342@vargasretail.co","Hola Noah, un gusto conectar. Veo tu liderazgo como Managing Audit Partner - PCAOB / IFRS Compliance en Crowe Horwath Audit. En Audiflowai desarrollamos un motor de IA determinista para auditar contratos y detectar pasivos ocultos en 40s antes de firma o cierre contable. Saludos!","Estimado/a Noah,

Un gusto saludarte. Te contacto porque en empresas del sector de Crowe Horwath Audit, el mayor dolor que vemos en auditorías no son los números del balance, sino las contingencias ocultas en contratos con proveedores (penalizaciones no registradas, cláusulas de rescisión asimétricas y sobrecostos).

En Audiflowai (https://audiflowai.com) creamos una infraestructura que cruza contratos contra balances en 40 segundos con rigor forense (cero alucinaciones y 100% en memoria volátil sin guardar datos en disco).

¿Te gustaría que te enviemos un análisis de prueba sin costo sobre 1 contrato modelo para que lo evalúes con tu equipo?

Saludos cordiales,
Equipo Audiflowai
soporte@audiflowai.com","Hola Noah, espero que estés teniendo una excelente semana.

Te comparto un dato rápido: el 68% de las contingencias en procesos de Due Diligence provienen de cláusulas pasadas por alto. 

Habilitamos un acceso de cortesía para escanear 1 contrato completo sin tarjeta ni registro previo aquí: https://audiflowai.com

Quedo atento a tus comentarios si deseas probarlo."
343,"Esteban","Jimenez","Nordic Audit Partners","Socio de Auditoria & Aseguramiento (Audit Partner)","https://www.linkedin.com/in/esteban-jimenez-auditpartner-343","audit.esteban.jimenez343@bermudezcapital.mx","Hola Esteban, un gusto conectar. Veo tu liderazgo como Socio de Auditoria & Aseguramiento (Audit Partner) en Nordic Audit Partners. En Audiflowai desarrollamos un motor de IA determinista para auditar contratos y detectar pasivos ocultos en 40s antes de firma o cierre contable. Saludos!","Estimado/a Esteban,

Un gusto saludarte. Te contacto porque en empresas del sector de Nordic Audit Partners, el mayor dolor que vemos en auditorías no son los números del balance, sino las contingencias ocultas en contratos con proveedores (penalizaciones no registradas, cláusulas de rescisión asimétricas y sobrecostos).

En Audiflowai (https://audiflowai.com) creamos una infraestructura que cruza contratos contra balances en 40 segundos con rigor forense (cero alucinaciones y 100% en memoria volátil sin guardar datos en disco).

¿Te gustaría que te enviemos un análisis de prueba sin costo sobre 1 contrato modelo para que lo evalúes con tu equipo?

Saludos cordiales,
Equipo Audiflowai
soporte@audiflowai.com","Hola Esteban, espero que estés teniendo una excelente semana.

Te comparto un dato rápido: el 68% de las contingencias en procesos de Due Diligence provienen de cláusulas pasadas por alto. 

Habilitamos un acceso de cortesía para escanear 1 contrato completo sin tarjeta ni registro previo aquí: https://audiflowai.com

Quedo atento a tus comentarios si deseas probarlo."
344,"Isabelle","Hoffmann","EY Forensic & Assurance","Managing Audit Partner - PCAOB / IFRS Compliance","https://www.linkedin.com/in/isabelle-hoffmann-auditpartner-344","audit.isabelle.hoffmann344@mendozacorp.sv","Hola Isabelle, un gusto conectar. Veo tu liderazgo como Managing Audit Partner - PCAOB / IFRS Compliance en EY Forensic & Assurance. En Audiflowai desarrollamos un motor de IA determinista para auditar contratos y detectar pasivos ocultos en 40s antes de firma o cierre contable. Saludos!","Estimado/a Isabelle,

Un gusto saludarte. Te contacto porque en empresas del sector de EY Forensic & Assurance, el mayor dolor que vemos en auditorías no son los números del balance, sino las contingencias ocultas en contratos con proveedores (penalizaciones no registradas, cláusulas de rescisión asimétricas y sobrecostos).

En Audiflowai (https://audiflowai.com) creamos una infraestructura que cruza contratos contra balances en 40 segundos con rigor forense (cero alucinaciones y 100% en memoria volátil sin guardar datos en disco).

¿Te gustaría que te enviemos un análisis de prueba sin costo sobre 1 contrato modelo para que lo evalúes con tu equipo?

Saludos cordiales,
Equipo Audiflowai
soporte@audiflowai.com","Hola Isabelle, espero que estés teniendo una excelente semana.

Te comparto un dato rápido: el 68% de las contingencias en procesos de Due Diligence provienen de cláusulas pasadas por alto. 

Habilitamos un acceso de cortesía para escanear 1 contrato completo sin tarjeta ni registro previo aquí: https://audiflowai.com

Quedo atento a tus comentarios si deseas probarlo."
345,"Carlos","Mendoza","Grant Thornton Assurance","Socio de Auditoria & Aseguramiento (Audit Partner)","https://www.linkedin.com/in/carlos-mendoza-auditpartner-345","audit.carlos.mendoza345@alvaradoholdings.sv","Hola Carlos, un gusto conectar. Veo tu liderazgo como Socio de Auditoria & Aseguramiento (Audit Partner) en Grant Thornton Assurance. En Audiflowai desarrollamos un motor de IA determinista para auditar contratos y detectar pasivos ocultos en 40s antes de firma o cierre contable. Saludos!","Estimado/a Carlos,

Un gusto saludarte. Te contacto porque en empresas del sector de Grant Thornton Assurance, el mayor dolor que vemos en auditorías no son los números del balance, sino las contingencias ocultas en contratos con proveedores (penalizaciones no registradas, cláusulas de rescisión asimétricas y sobrecostos).

En Audiflowai (https://audiflowai.com) creamos una infraestructura que cruza contratos contra balances en 40 segundos con rigor forense (cero alucinaciones y 100% en memoria volátil sin guardar datos en disco).

¿Te gustaría que te enviemos un análisis de prueba sin costo sobre 1 contrato modelo para que lo evalúes con tu equipo?

Saludos cordiales,
Equipo Audiflowai
soporte@audiflowai.com","Hola Carlos, espero que estés teniendo una excelente semana.

Te comparto un dato rápido: el 68% de las contingencias en procesos de Due Diligence provienen de cláusulas pasadas por alto. 

Habilitamos un acceso de cortesía para escanear 1 contrato completo sin tarjeta ni registro previo aquí: https://audiflowai.com

Quedo atento a tus comentarios si deseas probarlo."
346,"Oliver","Davis","Firma de Auditoria Central","Managing Audit Partner - PCAOB / IFRS Compliance","https://www.linkedin.com/in/oliver-davis-auditpartner-346","audit.oliver.davis346@herreratrade.pa","Hola Oliver, un gusto conectar. Veo tu liderazgo como Managing Audit Partner - PCAOB / IFRS Compliance en Firma de Auditoria Central. En Audiflowai desarrollamos un motor de IA determinista para auditar contratos y detectar pasivos ocultos en 40s antes de firma o cierre contable. Saludos!","Estimado/a Oliver,

Un gusto saludarte. Te contacto porque en empresas del sector de Firma de Auditoria Central, el mayor dolor que vemos en auditorías no son los números del balance, sino las contingencias ocultas en contratos con proveedores (penalizaciones no registradas, cláusulas de rescisión asimétricas y sobrecostos).

En Audiflowai (https://audiflowai.com) creamos una infraestructura que cruza contratos contra balances en 40 segundos con rigor forense (cero alucinaciones y 100% en memoria volátil sin guardar datos en disco).

¿Te gustaría que te enviemos un análisis de prueba sin costo sobre 1 contrato modelo para que lo evalúes con tu equipo?

Saludos cordiales,
Equipo Audiflowai
soporte@audiflowai.com","Hola Oliver, espero que estés teniendo una excelente semana.

Te comparto un dato rápido: el 68% de las contingencias en procesos de Due Diligence provienen de cláusulas pasadas por alto. 

Habilitamos un acceso de cortesía para escanear 1 contrato completo sin tarjeta ni registro previo aquí: https://audiflowai.com

Quedo atento a tus comentarios si deseas probarlo."
347,"Alejandro","Delgado","PwC Financial Audit","Socio de Auditoria & Aseguramiento (Audit Partner)","https://www.linkedin.com/in/alejandro-delgado-auditpartner-347","audit.alejandro.delgado347@finanzeprova.it","Hola Alejandro, un gusto conectar. Veo tu liderazgo como Socio de Auditoria & Aseguramiento (Audit Partner) en PwC Financial Audit. En Audiflowai desarrollamos un motor de IA determinista para auditar contratos y detectar pasivos ocultos en 40s antes de firma o cierre contable. Saludos!","Estimado/a Alejandro,

Un gusto saludarte. Te contacto porque en empresas del sector de PwC Financial Audit, el mayor dolor que vemos en auditorías no son los números del balance, sino las contingencias ocultas en contratos con proveedores (penalizaciones no registradas, cláusulas de rescisión asimétricas y sobrecostos).

En Audiflowai (https://audiflowai.com) creamos una infraestructura que cruza contratos contra balances en 40 segundos con rigor forense (cero alucinaciones y 100% en memoria volátil sin guardar datos en disco).

¿Te gustaría que te enviemos un análisis de prueba sin costo sobre 1 contrato modelo para que lo evalúes con tu equipo?

Saludos cordiales,
Equipo Audiflowai
soporte@audiflowai.com","Hola Alejandro, espero que estés teniendo una excelente semana.

Te comparto un dato rápido: el 68% de las contingencias en procesos de Due Diligence provienen de cláusulas pasadas por alto. 

Habilitamos un acceso de cortesía para escanear 1 contrato completo sin tarjeta ni registro previo aquí: https://audiflowai.com

Quedo atento a tus comentarios si deseas probarlo."
348,"Sebastian","Schneider","BDO Auditores Consultores","Managing Audit Partner - PCAOB / IFRS Compliance","https://www.linkedin.com/in/sebastian-schneider-auditpartner-348","audit.sebastian.schneider348@guzmanpartners.cr","Hola Sebastian, un gusto conectar. Veo tu liderazgo como Managing Audit Partner - PCAOB / IFRS Compliance en BDO Auditores Consultores. En Audiflowai desarrollamos un motor de IA determinista para auditar contratos y detectar pasivos ocultos en 40s antes de firma o cierre contable. Saludos!","Estimado/a Sebastian,

Un gusto saludarte. Te contacto porque en empresas del sector de BDO Auditores Consultores, el mayor dolor que vemos en auditorías no son los números del balance, sino las contingencias ocultas en contratos con proveedores (penalizaciones no registradas, cláusulas de rescisión asimétricas y sobrecostos).

En Audiflowai (https://audiflowai.com) creamos una infraestructura que cruza contratos contra balances en 40 segundos con rigor forense (cero alucinaciones y 100% en memoria volátil sin guardar datos en disco).

¿Te gustaría que te enviemos un análisis de prueba sin costo sobre 1 contrato modelo para que lo evalúes con tu equipo?

Saludos cordiales,
Equipo Audiflowai
soporte@audiflowai.com","Hola Sebastian, espero que estés teniendo una excelente semana.

Te comparto un dato rápido: el 68% de las contingencias en procesos de Due Diligence provienen de cláusulas pasadas por alto. 

Habilitamos un acceso de cortesía para escanear 1 contrato completo sin tarjeta ni registro previo aquí: https://audiflowai.com

Quedo atento a tus comentarios si deseas probarlo."
349,"Andres","Quezada","Baker Tilly International","Socio de Auditoria & Aseguramiento (Audit Partner)","https://www.linkedin.com/in/andres-quezada-auditpartner-349","audit.andres.quezada349@nordiclogistics.se","Hola Andres, un gusto conectar. Veo tu liderazgo como Socio de Auditoria & Aseguramiento (Audit Partner) en Baker Tilly International. En Audiflowai desarrollamos un motor de IA determinista para auditar contratos y detectar pasivos ocultos en 40s antes de firma o cierre contable. Saludos!","Estimado/a Andres,

Un gusto saludarte. Te contacto porque en empresas del sector de Baker Tilly International, el mayor dolor que vemos en auditorías no son los números del balance, sino las contingencias ocultas en contratos con proveedores (penalizaciones no registradas, cláusulas de rescisión asimétricas y sobrecostos).

En Audiflowai (https://audiflowai.com) creamos una infraestructura que cruza contratos contra balances en 40 segundos con rigor forense (cero alucinaciones y 100% en memoria volátil sin guardar datos en disco).

¿Te gustaría que te enviemos un análisis de prueba sin costo sobre 1 contrato modelo para que lo evalúes con tu equipo?

Saludos cordiales,
Equipo Audiflowai
soporte@audiflowai.com","Hola Andres, espero que estés teniendo una excelente semana.

Te comparto un dato rápido: el 68% de las contingencias en procesos de Due Diligence provienen de cláusulas pasadas por alto. 

Habilitamos un acceso de cortesía para escanear 1 contrato completo sin tarjeta ni registro previo aquí: https://audiflowai.com

Quedo atento a tus comentarios si deseas probarlo."
350,"Thomas","Smith","Deloitte Audit & Assurance","Managing Audit Partner - PCAOB / IFRS Compliance","https://www.linkedin.com/in/thomas-smith-auditpartner-350","audit.thomas.smith350@fuentesindustries.gt","Hola Thomas, un gusto conectar. Veo tu liderazgo como Managing Audit Partner - PCAOB / IFRS Compliance en Deloitte Audit & Assurance. En Audiflowai desarrollamos un motor de IA determinista para auditar contratos y detectar pasivos ocultos en 40s antes de firma o cierre contable. Saludos!","Estimado/a Thomas,

Un gusto saludarte. Te contacto porque en empresas del sector de Deloitte Audit & Assurance, el mayor dolor que vemos en auditorías no son los números del balance, sino las contingencias ocultas en contratos con proveedores (penalizaciones no registradas, cláusulas de rescisión asimétricas y sobrecostos).

En Audiflowai (https://audiflowai.com) creamos una infraestructura que cruza contratos contra balances en 40 segundos con rigor forense (cero alucinaciones y 100% en memoria volátil sin guardar datos en disco).

¿Te gustaría que te enviemos un análisis de prueba sin costo sobre 1 contrato modelo para que lo evalúes con tu equipo?

Saludos cordiales,
Equipo Audiflowai
soporte@audiflowai.com","Hola Thomas, espero que estés teniendo una excelente semana.

Te comparto un dato rápido: el 68% de las contingencias en procesos de Due Diligence provienen de cláusulas pasadas por alto. 

Habilitamos un acceso de cortesía para escanear 1 contrato completo sin tarjeta ni registro previo aquí: https://audiflowai.com

Quedo atento a tus comentarios si deseas probarlo."
351,"Catalina","Castillo","KPMG Corporate Audit","Socio de Auditoria & Aseguramiento (Audit Partner)","https://www.linkedin.com/in/catalina-castillo-auditpartner-351","audit.catalina.castillo351@vertextrading.de","Hola Catalina, un gusto conectar. Veo tu liderazgo como Socio de Auditoria & Aseguramiento (Audit Partner) en KPMG Corporate Audit. En Audiflowai desarrollamos un motor de IA determinista para auditar contratos y detectar pasivos ocultos en 40s antes de firma o cierre contable. Saludos!","Estimado/a Catalina,

Un gusto saludarte. Te contacto porque en empresas del sector de KPMG Corporate Audit, el mayor dolor que vemos en auditorías no son los números del balance, sino las contingencias ocultas en contratos con proveedores (penalizaciones no registradas, cláusulas de rescisión asimétricas y sobrecostos).

En Audiflowai (https://audiflowai.com) creamos una infraestructura que cruza contratos contra balances en 40 segundos con rigor forense (cero alucinaciones y 100% en memoria volátil sin guardar datos en disco).

¿Te gustaría que te enviemos un análisis de prueba sin costo sobre 1 contrato modelo para que lo evalúes con tu equipo?

Saludos cordiales,
Equipo Audiflowai
soporte@audiflowai.com","Hola Catalina, espero que estés teniendo una excelente semana.

Te comparto un dato rápido: el 68% de las contingencias en procesos de Due Diligence provienen de cláusulas pasadas por alto. 

Habilitamos un acceso de cortesía para escanear 1 contrato completo sin tarjeta ni registro previo aquí: https://audiflowai.com

Quedo atento a tus comentarios si deseas probarlo."
352,"Hans","Martin","Crowe Horwath Audit","Managing Audit Partner - PCAOB / IFRS Compliance","https://www.linkedin.com/in/hans-martin-auditpartner-352","audit.hans.martin352@escobarenterprise.pe","Hola Hans, un gusto conectar. Veo tu liderazgo como Managing Audit Partner - PCAOB / IFRS Compliance en Crowe Horwath Audit. En Audiflowai desarrollamos un motor de IA determinista para auditar contratos y detectar pasivos ocultos en 40s antes de firma o cierre contable. Saludos!","Estimado/a Hans,

Un gusto saludarte. Te contacto porque en empresas del sector de Crowe Horwath Audit, el mayor dolor que vemos en auditorías no son los números del balance, sino las contingencias ocultas en contratos con proveedores (penalizaciones no registradas, cláusulas de rescisión asimétricas y sobrecostos).

En Audiflowai (https://audiflowai.com) creamos una infraestructura que cruza contratos contra balances en 40 segundos con rigor forense (cero alucinaciones y 100% en memoria volátil sin guardar datos en disco).

¿Te gustaría que te enviemos un análisis de prueba sin costo sobre 1 contrato modelo para que lo evalúes con tu equipo?

Saludos cordiales,
Equipo Audiflowai
soporte@audiflowai.com","Hola Hans, espero que estés teniendo una excelente semana.

Te comparto un dato rápido: el 68% de las contingencias en procesos de Due Diligence provienen de cláusulas pasadas por alto. 

Habilitamos un acceso de cortesía para escanear 1 contrato completo sin tarjeta ni registro previo aquí: https://audiflowai.com

Quedo atento a tus comentarios si deseas probarlo."
353,"Roberto","Jimenez","Nordic Audit Partners","Socio de Auditoria & Aseguramiento (Audit Partner)","https://www.linkedin.com/in/roberto-jimenez-auditpartner-353","audit.roberto.jimenez353@lombardcapital.ch","Hola Roberto, un gusto conectar. Veo tu liderazgo como Socio de Auditoria & Aseguramiento (Audit Partner) en Nordic Audit Partners. En Audiflowai desarrollamos un motor de IA determinista para auditar contratos y detectar pasivos ocultos en 40s antes de firma o cierre contable. Saludos!","Estimado/a Roberto,

Un gusto saludarte. Te contacto porque en empresas del sector de Nordic Audit Partners, el mayor dolor que vemos en auditorías no son los números del balance, sino las contingencias ocultas en contratos con proveedores (penalizaciones no registradas, cláusulas de rescisión asimétricas y sobrecostos).

En Audiflowai (https://audiflowai.com) creamos una infraestructura que cruza contratos contra balances en 40 segundos con rigor forense (cero alucinaciones y 100% en memoria volátil sin guardar datos en disco).

¿Te gustaría que te enviemos un análisis de prueba sin costo sobre 1 contrato modelo para que lo evalúes con tu equipo?

Saludos cordiales,
Equipo Audiflowai
soporte@audiflowai.com","Hola Roberto, espero que estés teniendo una excelente semana.

Te comparto un dato rápido: el 68% de las contingencias en procesos de Due Diligence provienen de cláusulas pasadas por alto. 

Habilitamos un acceso de cortesía para escanear 1 contrato completo sin tarjeta ni registro previo aquí: https://audiflowai.com

Quedo atento a tus comentarios si deseas probarlo."
354,"Lucas","Hoffmann","EY Forensic & Assurance","Managing Audit Partner - PCAOB / IFRS Compliance","https://www.linkedin.com/in/lucas-hoffmann-auditpartner-354","audit.lucas.hoffmann354@delgadogroup.cl","Hola Lucas, un gusto conectar. Veo tu liderazgo como Managing Audit Partner - PCAOB / IFRS Compliance en EY Forensic & Assurance. En Audiflowai desarrollamos un motor de IA determinista para auditar contratos y detectar pasivos ocultos en 40s antes de firma o cierre contable. Saludos!","Estimado/a Lucas,

Un gusto saludarte. Te contacto porque en empresas del sector de EY Forensic & Assurance, el mayor dolor que vemos en auditorías no son los números del balance, sino las contingencias ocultas en contratos con proveedores (penalizaciones no registradas, cláusulas de rescisión asimétricas y sobrecostos).

En Audiflowai (https://audiflowai.com) creamos una infraestructura que cruza contratos contra balances en 40 segundos con rigor forense (cero alucinaciones y 100% en memoria volátil sin guardar datos en disco).

¿Te gustaría que te enviemos un análisis de prueba sin costo sobre 1 contrato modelo para que lo evalúes con tu equipo?

Saludos cordiales,
Equipo Audiflowai
soporte@audiflowai.com","Hola Lucas, espero que estés teniendo una excelente semana.

Te comparto un dato rápido: el 68% de las contingencias en procesos de Due Diligence provienen de cláusulas pasadas por alto. 

Habilitamos un acceso de cortesía para escanear 1 contrato completo sin tarjeta ni registro previo aquí: https://audiflowai.com

Quedo atento a tus comentarios si deseas probarlo."
355,"Diego","Mendoza","Grant Thornton Assurance","Socio de Auditoria & Aseguramiento (Audit Partner)","https://www.linkedin.com/in/diego-mendoza-auditpartner-355","audit.diego.mendoza355@apexglobal.co.uk","Hola Diego, un gusto conectar. Veo tu liderazgo como Socio de Auditoria & Aseguramiento (Audit Partner) en Grant Thornton Assurance. En Audiflowai desarrollamos un motor de IA determinista para auditar contratos y detectar pasivos ocultos en 40s antes de firma o cierre contable. Saludos!","Estimado/a Diego,

Un gusto saludarte. Te contacto porque en empresas del sector de Grant Thornton Assurance, el mayor dolor que vemos en auditorías no son los números del balance, sino las contingencias ocultas en contratos con proveedores (penalizaciones no registradas, cláusulas de rescisión asimétricas y sobrecostos).

En Audiflowai (https://audiflowai.com) creamos una infraestructura que cruza contratos contra balances en 40 segundos con rigor forense (cero alucinaciones y 100% en memoria volátil sin guardar datos en disco).

¿Te gustaría que te enviemos un análisis de prueba sin costo sobre 1 contrato modelo para que lo evalúes con tu equipo?

Saludos cordiales,
Equipo Audiflowai
soporte@audiflowai.com","Hola Diego, espero que estés teniendo una excelente semana.

Te comparto un dato rápido: el 68% de las contingencias en procesos de Due Diligence provienen de cláusulas pasadas por alto. 

Habilitamos un acceso de cortesía para escanear 1 contrato completo sin tarjeta ni registro previo aquí: https://audiflowai.com

Quedo atento a tus comentarios si deseas probarlo."
356,"Arthur","Davis","Firma de Auditoria Central","Managing Audit Partner - PCAOB / IFRS Compliance","https://www.linkedin.com/in/arthur-davis-auditpartner-356","audit.arthur.davis356@cisneroslogistics.co","Hola Arthur, un gusto conectar. Veo tu liderazgo como Managing Audit Partner - PCAOB / IFRS Compliance en Firma de Auditoria Central. En Audiflowai desarrollamos un motor de IA determinista para auditar contratos y detectar pasivos ocultos en 40s antes de firma o cierre contable. Saludos!","Estimado/a Arthur,

Un gusto saludarte. Te contacto porque en empresas del sector de Firma de Auditoria Central, el mayor dolor que vemos en auditorías no son los números del balance, sino las contingencias ocultas en contratos con proveedores (penalizaciones no registradas, cláusulas de rescisión asimétricas y sobrecostos).

En Audiflowai (https://audiflowai.com) creamos una infraestructura que cruza contratos contra balances en 40 segundos con rigor forense (cero alucinaciones y 100% en memoria volátil sin guardar datos en disco).

¿Te gustaría que te enviemos un análisis de prueba sin costo sobre 1 contrato modelo para que lo evalúes con tu equipo?

Saludos cordiales,
Equipo Audiflowai
soporte@audiflowai.com","Hola Arthur, espero que estés teniendo una excelente semana.

Te comparto un dato rápido: el 68% de las contingencias en procesos de Due Diligence provienen de cláusulas pasadas por alto. 

Habilitamos un acceso de cortesía para escanear 1 contrato completo sin tarjeta ni registro previo aquí: https://audiflowai.com

Quedo atento a tus comentarios si deseas probarlo."
357,"Rodrigo","Delgado","PwC Financial Audit","Socio de Auditoria & Aseguramiento (Audit Partner)","https://www.linkedin.com/in/rodrigo-delgado-auditpartner-357","audit.rodrigo.delgado357@vargasretail.co","Hola Rodrigo, un gusto conectar. Veo tu liderazgo como Socio de Auditoria & Aseguramiento (Audit Partner) en PwC Financial Audit. En Audiflowai desarrollamos un motor de IA determinista para auditar contratos y detectar pasivos ocultos en 40s antes de firma o cierre contable. Saludos!","Estimado/a Rodrigo,

Un gusto saludarte. Te contacto porque en empresas del sector de PwC Financial Audit, el mayor dolor que vemos en auditorías no son los números del balance, sino las contingencias ocultas en contratos con proveedores (penalizaciones no registradas, cláusulas de rescisión asimétricas y sobrecostos).

En Audiflowai (https://audiflowai.com) creamos una infraestructura que cruza contratos contra balances en 40 segundos con rigor forense (cero alucinaciones y 100% en memoria volátil sin guardar datos en disco).

¿Te gustaría que te enviemos un análisis de prueba sin costo sobre 1 contrato modelo para que lo evalúes con tu equipo?

Saludos cordiales,
Equipo Audiflowai
soporte@audiflowai.com","Hola Rodrigo, espero que estés teniendo una excelente semana.

Te comparto un dato rápido: el 68% de las contingencias en procesos de Due Diligence provienen de cláusulas pasadas por alto. 

Habilitamos un acceso de cortesía para escanear 1 contrato completo sin tarjeta ni registro previo aquí: https://audiflowai.com

Quedo atento a tus comentarios si deseas probarlo."
358,"Stefan","Schneider","BDO Auditores Consultores","Managing Audit Partner - PCAOB / IFRS Compliance","https://www.linkedin.com/in/stefan-schneider-auditpartner-358","audit.stefan.schneider358@bermudezcapital.mx","Hola Stefan, un gusto conectar. Veo tu liderazgo como Managing Audit Partner - PCAOB / IFRS Compliance en BDO Auditores Consultores. En Audiflowai desarrollamos un motor de IA determinista para auditar contratos y detectar pasivos ocultos en 40s antes de firma o cierre contable. Saludos!","Estimado/a Stefan,

Un gusto saludarte. Te contacto porque en empresas del sector de BDO Auditores Consultores, el mayor dolor que vemos en auditorías no son los números del balance, sino las contingencias ocultas en contratos con proveedores (penalizaciones no registradas, cláusulas de rescisión asimétricas y sobrecostos).

En Audiflowai (https://audiflowai.com) creamos una infraestructura que cruza contratos contra balances en 40 segundos con rigor forense (cero alucinaciones y 100% en memoria volátil sin guardar datos en disco).

¿Te gustaría que te enviemos un análisis de prueba sin costo sobre 1 contrato modelo para que lo evalúes con tu equipo?

Saludos cordiales,
Equipo Audiflowai
soporte@audiflowai.com","Hola Stefan, espero que estés teniendo una excelente semana.

Te comparto un dato rápido: el 68% de las contingencias en procesos de Due Diligence provienen de cláusulas pasadas por alto. 

Habilitamos un acceso de cortesía para escanear 1 contrato completo sin tarjeta ni registro previo aquí: https://audiflowai.com

Quedo atento a tus comentarios si deseas probarlo."
359,"Lorena","Quezada","Baker Tilly International","Socio de Auditoria & Aseguramiento (Audit Partner)","https://www.linkedin.com/in/lorena-quezada-auditpartner-359","audit.lorena.quezada359@mendozacorp.sv","Hola Lorena, un gusto conectar. Veo tu liderazgo como Socio de Auditoria & Aseguramiento (Audit Partner) en Baker Tilly International. En Audiflowai desarrollamos un motor de IA determinista para auditar contratos y detectar pasivos ocultos en 40s antes de firma o cierre contable. Saludos!","Estimado/a Lorena,

Un gusto saludarte. Te contacto porque en empresas del sector de Baker Tilly International, el mayor dolor que vemos en auditorías no son los números del balance, sino las contingencias ocultas en contratos con proveedores (penalizaciones no registradas, cláusulas de rescisión asimétricas y sobrecostos).

En Audiflowai (https://audiflowai.com) creamos una infraestructura que cruza contratos contra balances en 40 segundos con rigor forense (cero alucinaciones y 100% en memoria volátil sin guardar datos en disco).

¿Te gustaría que te enviemos un análisis de prueba sin costo sobre 1 contrato modelo para que lo evalúes con tu equipo?

Saludos cordiales,
Equipo Audiflowai
soporte@audiflowai.com","Hola Lorena, espero que estés teniendo una excelente semana.

Te comparto un dato rápido: el 68% de las contingencias en procesos de Due Diligence provienen de cláusulas pasadas por alto. 

Habilitamos un acceso de cortesía para escanear 1 contrato completo sin tarjeta ni registro previo aquí: https://audiflowai.com

Quedo atento a tus comentarios si deseas probarlo."
360,"Alexander","Smith","Deloitte Audit & Assurance","Managing Audit Partner - PCAOB / IFRS Compliance","https://www.linkedin.com/in/alexander-smith-auditpartner-360","audit.alexander.smith360@alvaradoholdings.sv","Hola Alexander, un gusto conectar. Veo tu liderazgo como Managing Audit Partner - PCAOB / IFRS Compliance en Deloitte Audit & Assurance. En Audiflowai desarrollamos un motor de IA determinista para auditar contratos y detectar pasivos ocultos en 40s antes de firma o cierre contable. Saludos!","Estimado/a Alexander,

Un gusto saludarte. Te contacto porque en empresas del sector de Deloitte Audit & Assurance, el mayor dolor que vemos en auditorías no son los números del balance, sino las contingencias ocultas en contratos con proveedores (penalizaciones no registradas, cláusulas de rescisión asimétricas y sobrecostos).

En Audiflowai (https://audiflowai.com) creamos una infraestructura que cruza contratos contra balances en 40 segundos con rigor forense (cero alucinaciones y 100% en memoria volátil sin guardar datos en disco).

¿Te gustaría que te enviemos un análisis de prueba sin costo sobre 1 contrato modelo para que lo evalúes con tu equipo?

Saludos cordiales,
Equipo Audiflowai
soporte@audiflowai.com","Hola Alexander, espero que estés teniendo una excelente semana.

Te comparto un dato rápido: el 68% de las contingencias en procesos de Due Diligence provienen de cláusulas pasadas por alto. 

Habilitamos un acceso de cortesía para escanear 1 contrato completo sin tarjeta ni registro previo aquí: https://audiflowai.com

Quedo atento a tus comentarios si deseas probarlo."
361,"Javier","Castillo","KPMG Corporate Audit","Socio de Auditoria & Aseguramiento (Audit Partner)","https://www.linkedin.com/in/javier-castillo-auditpartner-361","audit.javier.castillo361@herreratrade.pa","Hola Javier, un gusto conectar. Veo tu liderazgo como Socio de Auditoria & Aseguramiento (Audit Partner) en KPMG Corporate Audit. En Audiflowai desarrollamos un motor de IA determinista para auditar contratos y detectar pasivos ocultos en 40s antes de firma o cierre contable. Saludos!","Estimado/a Javier,

Un gusto saludarte. Te contacto porque en empresas del sector de KPMG Corporate Audit, el mayor dolor que vemos en auditorías no son los números del balance, sino las contingencias ocultas en contratos con proveedores (penalizaciones no registradas, cláusulas de rescisión asimétricas y sobrecostos).

En Audiflowai (https://audiflowai.com) creamos una infraestructura que cruza contratos contra balances en 40 segundos con rigor forense (cero alucinaciones y 100% en memoria volátil sin guardar datos en disco).

¿Te gustaría que te enviemos un análisis de prueba sin costo sobre 1 contrato modelo para que lo evalúes con tu equipo?

Saludos cordiales,
Equipo Audiflowai
soporte@audiflowai.com","Hola Javier, espero que estés teniendo una excelente semana.

Te comparto un dato rápido: el 68% de las contingencias en procesos de Due Diligence provienen de cláusulas pasadas por alto. 

Habilitamos un acceso de cortesía para escanear 1 contrato completo sin tarjeta ni registro previo aquí: https://audiflowai.com

Quedo atento a tus comentarios si deseas probarlo."
362,"Benjamin","Martin","Crowe Horwath Audit","Managing Audit Partner - PCAOB / IFRS Compliance","https://www.linkedin.com/in/benjamin-martin-auditpartner-362","audit.benjamin.martin362@finanzeprova.it","Hola Benjamin, un gusto conectar. Veo tu liderazgo como Managing Audit Partner - PCAOB / IFRS Compliance en Crowe Horwath Audit. En Audiflowai desarrollamos un motor de IA determinista para auditar contratos y detectar pasivos ocultos en 40s antes de firma o cierre contable. Saludos!","Estimado/a Benjamin,

Un gusto saludarte. Te contacto porque en empresas del sector de Crowe Horwath Audit, el mayor dolor que vemos en auditorías no son los números del balance, sino las contingencias ocultas en contratos con proveedores (penalizaciones no registradas, cláusulas de rescisión asimétricas y sobrecostos).

En Audiflowai (https://audiflowai.com) creamos una infraestructura que cruza contratos contra balances en 40 segundos con rigor forense (cero alucinaciones y 100% en memoria volátil sin guardar datos en disco).

¿Te gustaría que te enviemos un análisis de prueba sin costo sobre 1 contrato modelo para que lo evalúes con tu equipo?

Saludos cordiales,
Equipo Audiflowai
soporte@audiflowai.com","Hola Benjamin, espero que estés teniendo una excelente semana.

Te comparto un dato rápido: el 68% de las contingencias en procesos de Due Diligence provienen de cláusulas pasadas por alto. 

Habilitamos un acceso de cortesía para escanear 1 contrato completo sin tarjeta ni registro previo aquí: https://audiflowai.com

Quedo atento a tus comentarios si deseas probarlo."
363,"Fernando","Jimenez","Nordic Audit Partners","Socio de Auditoria & Aseguramiento (Audit Partner)","https://www.linkedin.com/in/fernando-jimenez-auditpartner-363","audit.fernando.jimenez363@guzmanpartners.cr","Hola Fernando, un gusto conectar. Veo tu liderazgo como Socio de Auditoria & Aseguramiento (Audit Partner) en Nordic Audit Partners. En Audiflowai desarrollamos un motor de IA determinista para auditar contratos y detectar pasivos ocultos en 40s antes de firma o cierre contable. Saludos!","Estimado/a Fernando,

Un gusto saludarte. Te contacto porque en empresas del sector de Nordic Audit Partners, el mayor dolor que vemos en auditorías no son los números del balance, sino las contingencias ocultas en contratos con proveedores (penalizaciones no registradas, cláusulas de rescisión asimétricas y sobrecostos).

En Audiflowai (https://audiflowai.com) creamos una infraestructura que cruza contratos contra balances en 40 segundos con rigor forense (cero alucinaciones y 100% en memoria volátil sin guardar datos en disco).

¿Te gustaría que te enviemos un análisis de prueba sin costo sobre 1 contrato modelo para que lo evalúes con tu equipo?

Saludos cordiales,
Equipo Audiflowai
soporte@audiflowai.com","Hola Fernando, espero que estés teniendo una excelente semana.

Te comparto un dato rápido: el 68% de las contingencias en procesos de Due Diligence provienen de cláusulas pasadas por alto. 

Habilitamos un acceso de cortesía para escanear 1 contrato completo sin tarjeta ni registro previo aquí: https://audiflowai.com

Quedo atento a tus comentarios si deseas probarlo."
364,"Liam","Hoffmann","EY Forensic & Assurance","Managing Audit Partner - PCAOB / IFRS Compliance","https://www.linkedin.com/in/liam-hoffmann-auditpartner-364","audit.liam.hoffmann364@nordiclogistics.se","Hola Liam, un gusto conectar. Veo tu liderazgo como Managing Audit Partner - PCAOB / IFRS Compliance en EY Forensic & Assurance. En Audiflowai desarrollamos un motor de IA determinista para auditar contratos y detectar pasivos ocultos en 40s antes de firma o cierre contable. Saludos!","Estimado/a Liam,

Un gusto saludarte. Te contacto porque en empresas del sector de EY Forensic & Assurance, el mayor dolor que vemos en auditorías no son los números del balance, sino las contingencias ocultas en contratos con proveedores (penalizaciones no registradas, cláusulas de rescisión asimétricas y sobrecostos).

En Audiflowai (https://audiflowai.com) creamos una infraestructura que cruza contratos contra balances en 40 segundos con rigor forense (cero alucinaciones y 100% en memoria volátil sin guardar datos en disco).

¿Te gustaría que te enviemos un análisis de prueba sin costo sobre 1 contrato modelo para que lo evalúes con tu equipo?

Saludos cordiales,
Equipo Audiflowai
soporte@audiflowai.com","Hola Liam, espero que estés teniendo una excelente semana.

Te comparto un dato rápido: el 68% de las contingencias en procesos de Due Diligence provienen de cláusulas pasadas por alto. 

Habilitamos un acceso de cortesía para escanear 1 contrato completo sin tarjeta ni registro previo aquí: https://audiflowai.com

Quedo atento a tus comentarios si deseas probarlo."
365,"Gonzalo","Mendoza","Grant Thornton Assurance","Socio de Auditoria & Aseguramiento (Audit Partner)","https://www.linkedin.com/in/gonzalo-mendoza-auditpartner-365","audit.gonzalo.mendoza365@fuentesindustries.gt","Hola Gonzalo, un gusto conectar. Veo tu liderazgo como Socio de Auditoria & Aseguramiento (Audit Partner) en Grant Thornton Assurance. En Audiflowai desarrollamos un motor de IA determinista para auditar contratos y detectar pasivos ocultos en 40s antes de firma o cierre contable. Saludos!","Estimado/a Gonzalo,

Un gusto saludarte. Te contacto porque en empresas del sector de Grant Thornton Assurance, el mayor dolor que vemos en auditorías no son los números del balance, sino las contingencias ocultas en contratos con proveedores (penalizaciones no registradas, cláusulas de rescisión asimétricas y sobrecostos).

En Audiflowai (https://audiflowai.com) creamos una infraestructura que cruza contratos contra balances en 40 segundos con rigor forense (cero alucinaciones y 100% en memoria volátil sin guardar datos en disco).

¿Te gustaría que te enviemos un análisis de prueba sin costo sobre 1 contrato modelo para que lo evalúes con tu equipo?

Saludos cordiales,
Equipo Audiflowai
soporte@audiflowai.com","Hola Gonzalo, espero que estés teniendo una excelente semana.

Te comparto un dato rápido: el 68% de las contingencias en procesos de Due Diligence provienen de cláusulas pasadas por alto. 

Habilitamos un acceso de cortesía para escanear 1 contrato completo sin tarjeta ni registro previo aquí: https://audiflowai.com

Quedo atento a tus comentarios si deseas probarlo."
366,"Astrid","Davis","Firma de Auditoria Central","Managing Audit Partner - PCAOB / IFRS Compliance","https://www.linkedin.com/in/astrid-davis-auditpartner-366","audit.astrid.davis366@vertextrading.de","Hola Astrid, un gusto conectar. Veo tu liderazgo como Managing Audit Partner - PCAOB / IFRS Compliance en Firma de Auditoria Central. En Audiflowai desarrollamos un motor de IA determinista para auditar contratos y detectar pasivos ocultos en 40s antes de firma o cierre contable. Saludos!","Estimado/a Astrid,

Un gusto saludarte. Te contacto porque en empresas del sector de Firma de Auditoria Central, el mayor dolor que vemos en auditorías no son los números del balance, sino las contingencias ocultas en contratos con proveedores (penalizaciones no registradas, cláusulas de rescisión asimétricas y sobrecostos).

En Audiflowai (https://audiflowai.com) creamos una infraestructura que cruza contratos contra balances en 40 segundos con rigor forense (cero alucinaciones y 100% en memoria volátil sin guardar datos en disco).

¿Te gustaría que te enviemos un análisis de prueba sin costo sobre 1 contrato modelo para que lo evalúes con tu equipo?

Saludos cordiales,
Equipo Audiflowai
soporte@audiflowai.com","Hola Astrid, espero que estés teniendo una excelente semana.

Te comparto un dato rápido: el 68% de las contingencias en procesos de Due Diligence provienen de cláusulas pasadas por alto. 

Habilitamos un acceso de cortesía para escanear 1 contrato completo sin tarjeta ni registro previo aquí: https://audiflowai.com

Quedo atento a tus comentarios si deseas probarlo."
367,"Adriana","Delgado","PwC Financial Audit","Socio de Auditoria & Aseguramiento (Audit Partner)","https://www.linkedin.com/in/adriana-delgado-auditpartner-367","audit.adriana.delgado367@escobarenterprise.pe","Hola Adriana, un gusto conectar. Veo tu liderazgo como Socio de Auditoria & Aseguramiento (Audit Partner) en PwC Financial Audit. En Audiflowai desarrollamos un motor de IA determinista para auditar contratos y detectar pasivos ocultos en 40s antes de firma o cierre contable. Saludos!","Estimado/a Adriana,

Un gusto saludarte. Te contacto porque en empresas del sector de PwC Financial Audit, el mayor dolor que vemos en auditorías no son los números del balance, sino las contingencias ocultas en contratos con proveedores (penalizaciones no registradas, cláusulas de rescisión asimétricas y sobrecostos).

En Audiflowai (https://audiflowai.com) creamos una infraestructura que cruza contratos contra balances en 40 segundos con rigor forense (cero alucinaciones y 100% en memoria volátil sin guardar datos en disco).

¿Te gustaría que te enviemos un análisis de prueba sin costo sobre 1 contrato modelo para que lo evalúes con tu equipo?

Saludos cordiales,
Equipo Audiflowai
soporte@audiflowai.com","Hola Adriana, espero que estés teniendo una excelente semana.

Te comparto un dato rápido: el 68% de las contingencias en procesos de Due Diligence provienen de cláusulas pasadas por alto. 

Habilitamos un acceso de cortesía para escanear 1 contrato completo sin tarjeta ni registro previo aquí: https://audiflowai.com

Quedo atento a tus comentarios si deseas probarlo."
368,"William","Schneider","BDO Auditores Consultores","Managing Audit Partner - PCAOB / IFRS Compliance","https://www.linkedin.com/in/william-schneider-auditpartner-368","audit.william.schneider368@lombardcapital.ch","Hola William, un gusto conectar. Veo tu liderazgo como Managing Audit Partner - PCAOB / IFRS Compliance en BDO Auditores Consultores. En Audiflowai desarrollamos un motor de IA determinista para auditar contratos y detectar pasivos ocultos en 40s antes de firma o cierre contable. Saludos!","Estimado/a William,

Un gusto saludarte. Te contacto porque en empresas del sector de BDO Auditores Consultores, el mayor dolor que vemos en auditorías no son los números del balance, sino las contingencias ocultas en contratos con proveedores (penalizaciones no registradas, cláusulas de rescisión asimétricas y sobrecostos).

En Audiflowai (https://audiflowai.com) creamos una infraestructura que cruza contratos contra balances en 40 segundos con rigor forense (cero alucinaciones y 100% en memoria volátil sin guardar datos en disco).

¿Te gustaría que te enviemos un análisis de prueba sin costo sobre 1 contrato modelo para que lo evalúes con tu equipo?

Saludos cordiales,
Equipo Audiflowai
soporte@audiflowai.com","Hola William, espero que estés teniendo una excelente semana.

Te comparto un dato rápido: el 68% de las contingencias en procesos de Due Diligence provienen de cláusulas pasadas por alto. 

Habilitamos un acceso de cortesía para escanear 1 contrato completo sin tarjeta ni registro previo aquí: https://audiflowai.com

Quedo atento a tus comentarios si deseas probarlo."
369,"Mateo","Quezada","Baker Tilly International","Socio de Auditoria & Aseguramiento (Audit Partner)","https://www.linkedin.com/in/mateo-quezada-auditpartner-369","audit.mateo.quezada369@delgadogroup.cl","Hola Mateo, un gusto conectar. Veo tu liderazgo como Socio de Auditoria & Aseguramiento (Audit Partner) en Baker Tilly International. En Audiflowai desarrollamos un motor de IA determinista para auditar contratos y detectar pasivos ocultos en 40s antes de firma o cierre contable. Saludos!","Estimado/a Mateo,

Un gusto saludarte. Te contacto porque en empresas del sector de Baker Tilly International, el mayor dolor que vemos en auditorías no son los números del balance, sino las contingencias ocultas en contratos con proveedores (penalizaciones no registradas, cláusulas de rescisión asimétricas y sobrecostos).

En Audiflowai (https://audiflowai.com) creamos una infraestructura que cruza contratos contra balances en 40 segundos con rigor forense (cero alucinaciones y 100% en memoria volátil sin guardar datos en disco).

¿Te gustaría que te enviemos un análisis de prueba sin costo sobre 1 contrato modelo para que lo evalúes con tu equipo?

Saludos cordiales,
Equipo Audiflowai
soporte@audiflowai.com","Hola Mateo, espero que estés teniendo una excelente semana.

Te comparto un dato rápido: el 68% de las contingencias en procesos de Due Diligence provienen de cláusulas pasadas por alto. 

Habilitamos un acceso de cortesía para escanear 1 contrato completo sin tarjeta ni registro previo aquí: https://audiflowai.com

Quedo atento a tus comentarios si deseas probarlo."
370,"Henry","Smith","Deloitte Audit & Assurance","Managing Audit Partner - PCAOB / IFRS Compliance","https://www.linkedin.com/in/henry-smith-auditpartner-370","audit.henry.smith370@apexglobal.co.uk","Hola Henry, un gusto conectar. Veo tu liderazgo como Managing Audit Partner - PCAOB / IFRS Compliance en Deloitte Audit & Assurance. En Audiflowai desarrollamos un motor de IA determinista para auditar contratos y detectar pasivos ocultos en 40s antes de firma o cierre contable. Saludos!","Estimado/a Henry,

Un gusto saludarte. Te contacto porque en empresas del sector de Deloitte Audit & Assurance, el mayor dolor que vemos en auditorías no son los números del balance, sino las contingencias ocultas en contratos con proveedores (penalizaciones no registradas, cláusulas de rescisión asimétricas y sobrecostos).

En Audiflowai (https://audiflowai.com) creamos una infraestructura que cruza contratos contra balances en 40 segundos con rigor forense (cero alucinaciones y 100% en memoria volátil sin guardar datos en disco).

¿Te gustaría que te enviemos un análisis de prueba sin costo sobre 1 contrato modelo para que lo evalúes con tu equipo?

Saludos cordiales,
Equipo Audiflowai
soporte@audiflowai.com","Hola Henry, espero que estés teniendo una excelente semana.

Te comparto un dato rápido: el 68% de las contingencias en procesos de Due Diligence provienen de cláusulas pasadas por alto. 

Habilitamos un acceso de cortesía para escanear 1 contrato completo sin tarjeta ni registro previo aquí: https://audiflowai.com

Quedo atento a tus comentarios si deseas probarlo."
371,"Gabriel","Castillo","KPMG Corporate Audit","Socio de Auditoria & Aseguramiento (Audit Partner)","https://www.linkedin.com/in/gabriel-castillo-auditpartner-371","audit.gabriel.castillo371@cisneroslogistics.co","Hola Gabriel, un gusto conectar. Veo tu liderazgo como Socio de Auditoria & Aseguramiento (Audit Partner) en KPMG Corporate Audit. En Audiflowai desarrollamos un motor de IA determinista para auditar contratos y detectar pasivos ocultos en 40s antes de firma o cierre contable. Saludos!","Estimado/a Gabriel,

Un gusto saludarte. Te contacto porque en empresas del sector de KPMG Corporate Audit, el mayor dolor que vemos en auditorías no son los números del balance, sino las contingencias ocultas en contratos con proveedores (penalizaciones no registradas, cláusulas de rescisión asimétricas y sobrecostos).

En Audiflowai (https://audiflowai.com) creamos una infraestructura que cruza contratos contra balances en 40 segundos con rigor forense (cero alucinaciones y 100% en memoria volátil sin guardar datos en disco).

¿Te gustaría que te enviemos un análisis de prueba sin costo sobre 1 contrato modelo para que lo evalúes con tu equipo?

Saludos cordiales,
Equipo Audiflowai
soporte@audiflowai.com","Hola Gabriel, espero que estés teniendo una excelente semana.

Te comparto un dato rápido: el 68% de las contingencias en procesos de Due Diligence provienen de cláusulas pasadas por alto. 

Habilitamos un acceso de cortesía para escanear 1 contrato completo sin tarjeta ni registro previo aquí: https://audiflowai.com

Quedo atento a tus comentarios si deseas probarlo."
372,"Noah","Martin","Crowe Horwath Audit","Managing Audit Partner - PCAOB / IFRS Compliance","https://www.linkedin.com/in/noah-martin-auditpartner-372","audit.noah.martin372@vargasretail.co","Hola Noah, un gusto conectar. Veo tu liderazgo como Managing Audit Partner - PCAOB / IFRS Compliance en Crowe Horwath Audit. En Audiflowai desarrollamos un motor de IA determinista para auditar contratos y detectar pasivos ocultos en 40s antes de firma o cierre contable. Saludos!","Estimado/a Noah,

Un gusto saludarte. Te contacto porque en empresas del sector de Crowe Horwath Audit, el mayor dolor que vemos en auditorías no son los números del balance, sino las contingencias ocultas en contratos con proveedores (penalizaciones no registradas, cláusulas de rescisión asimétricas y sobrecostos).

En Audiflowai (https://audiflowai.com) creamos una infraestructura que cruza contratos contra balances en 40 segundos con rigor forense (cero alucinaciones y 100% en memoria volátil sin guardar datos en disco).

¿Te gustaría que te enviemos un análisis de prueba sin costo sobre 1 contrato modelo para que lo evalúes con tu equipo?

Saludos cordiales,
Equipo Audiflowai
soporte@audiflowai.com","Hola Noah, espero que estés teniendo una excelente semana.

Te comparto un dato rápido: el 68% de las contingencias en procesos de Due Diligence provienen de cláusulas pasadas por alto. 

Habilitamos un acceso de cortesía para escanear 1 contrato completo sin tarjeta ni registro previo aquí: https://audiflowai.com

Quedo atento a tus comentarios si deseas probarlo."
373,"Esteban","Jimenez","Nordic Audit Partners","Socio de Auditoria & Aseguramiento (Audit Partner)","https://www.linkedin.com/in/esteban-jimenez-auditpartner-373","audit.esteban.jimenez373@bermudezcapital.mx","Hola Esteban, un gusto conectar. Veo tu liderazgo como Socio de Auditoria & Aseguramiento (Audit Partner) en Nordic Audit Partners. En Audiflowai desarrollamos un motor de IA determinista para auditar contratos y detectar pasivos ocultos en 40s antes de firma o cierre contable. Saludos!","Estimado/a Esteban,

Un gusto saludarte. Te contacto porque en empresas del sector de Nordic Audit Partners, el mayor dolor que vemos en auditorías no son los números del balance, sino las contingencias ocultas en contratos con proveedores (penalizaciones no registradas, cláusulas de rescisión asimétricas y sobrecostos).

En Audiflowai (https://audiflowai.com) creamos una infraestructura que cruza contratos contra balances en 40 segundos con rigor forense (cero alucinaciones y 100% en memoria volátil sin guardar datos en disco).

¿Te gustaría que te enviemos un análisis de prueba sin costo sobre 1 contrato modelo para que lo evalúes con tu equipo?

Saludos cordiales,
Equipo Audiflowai
soporte@audiflowai.com","Hola Esteban, espero que estés teniendo una excelente semana.

Te comparto un dato rápido: el 68% de las contingencias en procesos de Due Diligence provienen de cláusulas pasadas por alto. 

Habilitamos un acceso de cortesía para escanear 1 contrato completo sin tarjeta ni registro previo aquí: https://audiflowai.com

Quedo atento a tus comentarios si deseas probarlo."
374,"Isabelle","Hoffmann","EY Forensic & Assurance","Managing Audit Partner - PCAOB / IFRS Compliance","https://www.linkedin.com/in/isabelle-hoffmann-auditpartner-374","audit.isabelle.hoffmann374@mendozacorp.sv","Hola Isabelle, un gusto conectar. Veo tu liderazgo como Managing Audit Partner - PCAOB / IFRS Compliance en EY Forensic & Assurance. En Audiflowai desarrollamos un motor de IA determinista para auditar contratos y detectar pasivos ocultos en 40s antes de firma o cierre contable. Saludos!","Estimado/a Isabelle,

Un gusto saludarte. Te contacto porque en empresas del sector de EY Forensic & Assurance, el mayor dolor que vemos en auditorías no son los números del balance, sino las contingencias ocultas en contratos con proveedores (penalizaciones no registradas, cláusulas de rescisión asimétricas y sobrecostos).

En Audiflowai (https://audiflowai.com) creamos una infraestructura que cruza contratos contra balances en 40 segundos con rigor forense (cero alucinaciones y 100% en memoria volátil sin guardar datos en disco).

¿Te gustaría que te enviemos un análisis de prueba sin costo sobre 1 contrato modelo para que lo evalúes con tu equipo?

Saludos cordiales,
Equipo Audiflowai
soporte@audiflowai.com","Hola Isabelle, espero que estés teniendo una excelente semana.

Te comparto un dato rápido: el 68% de las contingencias en procesos de Due Diligence provienen de cláusulas pasadas por alto. 

Habilitamos un acceso de cortesía para escanear 1 contrato completo sin tarjeta ni registro previo aquí: https://audiflowai.com

Quedo atento a tus comentarios si deseas probarlo."
375,"Carlos","Mendoza","Grant Thornton Assurance","Socio de Auditoria & Aseguramiento (Audit Partner)","https://www.linkedin.com/in/carlos-mendoza-auditpartner-375","audit.carlos.mendoza375@alvaradoholdings.sv","Hola Carlos, un gusto conectar. Veo tu liderazgo como Socio de Auditoria & Aseguramiento (Audit Partner) en Grant Thornton Assurance. En Audiflowai desarrollamos un motor de IA determinista para auditar contratos y detectar pasivos ocultos en 40s antes de firma o cierre contable. Saludos!","Estimado/a Carlos,

Un gusto saludarte. Te contacto porque en empresas del sector de Grant Thornton Assurance, el mayor dolor que vemos en auditorías no son los números del balance, sino las contingencias ocultas en contratos con proveedores (penalizaciones no registradas, cláusulas de rescisión asimétricas y sobrecostos).

En Audiflowai (https://audiflowai.com) creamos una infraestructura que cruza contratos contra balances en 40 segundos con rigor forense (cero alucinaciones y 100% en memoria volátil sin guardar datos en disco).

¿Te gustaría que te enviemos un análisis de prueba sin costo sobre 1 contrato modelo para que lo evalúes con tu equipo?

Saludos cordiales,
Equipo Audiflowai
soporte@audiflowai.com","Hola Carlos, espero que estés teniendo una excelente semana.

Te comparto un dato rápido: el 68% de las contingencias en procesos de Due Diligence provienen de cláusulas pasadas por alto. 

Habilitamos un acceso de cortesía para escanear 1 contrato completo sin tarjeta ni registro previo aquí: https://audiflowai.com

Quedo atento a tus comentarios si deseas probarlo."
376,"Thomas","Anderson","Desarrollos Comerciales Latam","General Counsel - Commercial Real Estate & Leases","https://www.linkedin.com/in/thomas-anderson-realestate-376","legal.thomas.anderson376@nordiclogistics.se","Hola Thomas, un gusto conectar. Veo tu liderazgo como General Counsel - Commercial Real Estate & Leases en Desarrollos Comerciales Latam. En Audiflowai desarrollamos un motor de IA determinista para auditar contratos y detectar pasivos ocultos en 40s antes de firma o cierre contable. Saludos!","Estimado/a Thomas,

Un gusto saludarte. Te contacto porque en empresas del sector de Desarrollos Comerciales Latam, el mayor dolor que vemos en auditorías no son los números del balance, sino las contingencias ocultas en contratos con proveedores (penalizaciones no registradas, cláusulas de rescisión asimétricas y sobrecostos).

En Audiflowai (https://audiflowai.com) creamos una infraestructura que cruza contratos contra balances en 40 segundos con rigor forense (cero alucinaciones y 100% en memoria volátil sin guardar datos en disco).

¿Te gustaría que te enviemos un análisis de prueba sin costo sobre 1 contrato modelo para que lo evalúes con tu equipo?

Saludos cordiales,
Equipo Audiflowai
soporte@audiflowai.com","Hola Thomas, espero que estés teniendo una excelente semana.

Te comparto un dato rápido: el 68% de las contingencias en procesos de Due Diligence provienen de cláusulas pasadas por alto. 

Habilitamos un acceso de cortesía para escanear 1 contrato completo sin tarjeta ni registro previo aquí: https://audiflowai.com

Quedo atento a tus comentarios si deseas probarlo."
377,"Mauricio","Herrera","Logistica Inmobiliaria del Pacifico","Director Legal & Arrendamientos Corporativos","https://www.linkedin.com/in/mauricio-herrera-realestate-377","legal.mauricio.herrera377@lombardcapital.ch","Hola Mauricio, un gusto conectar. Veo tu liderazgo como Director Legal & Arrendamientos Corporativos en Logistica Inmobiliaria del Pacifico. En Audiflowai desarrollamos un motor de IA determinista para auditar contratos y detectar pasivos ocultos en 40s antes de firma o cierre contable. Saludos!","Estimado/a Mauricio,

Un gusto saludarte. Te contacto porque en empresas del sector de Logistica Inmobiliaria del Pacifico, el mayor dolor que vemos en auditorías no son los números del balance, sino las contingencias ocultas en contratos con proveedores (penalizaciones no registradas, cláusulas de rescisión asimétricas y sobrecostos).

En Audiflowai (https://audiflowai.com) creamos una infraestructura que cruza contratos contra balances en 40 segundos con rigor forense (cero alucinaciones y 100% en memoria volátil sin guardar datos en disco).

¿Te gustaría que te enviemos un análisis de prueba sin costo sobre 1 contrato modelo para que lo evalúes con tu equipo?

Saludos cordiales,
Equipo Audiflowai
soporte@audiflowai.com","Hola Mauricio, espero que estés teniendo una excelente semana.

Te comparto un dato rápido: el 68% de las contingencias en procesos de Due Diligence provienen de cláusulas pasadas por alto. 

Habilitamos un acceso de cortesía para escanear 1 contrato completo sin tarjeta ni registro previo aquí: https://audiflowai.com

Quedo atento a tus comentarios si deseas probarlo."
378,"Alexander","Hoffmann","Manhattan Asset Management","General Counsel - Commercial Real Estate & Leases","https://www.linkedin.com/in/alexander-hoffmann-realestate-378","legal.alexander.hoffmann378@vargasretail.co","Hola Alexander, un gusto conectar. Veo tu liderazgo como General Counsel - Commercial Real Estate & Leases en Manhattan Asset Management. En Audiflowai desarrollamos un motor de IA determinista para auditar contratos y detectar pasivos ocultos en 40s antes de firma o cierre contable. Saludos!","Estimado/a Alexander,

Un gusto saludarte. Te contacto porque en empresas del sector de Manhattan Asset Management, el mayor dolor que vemos en auditorías no son los números del balance, sino las contingencias ocultas en contratos con proveedores (penalizaciones no registradas, cláusulas de rescisión asimétricas y sobrecostos).

En Audiflowai (https://audiflowai.com) creamos una infraestructura que cruza contratos contra balances en 40 segundos con rigor forense (cero alucinaciones y 100% en memoria volátil sin guardar datos en disco).

¿Te gustaría que te enviemos un análisis de prueba sin costo sobre 1 contrato modelo para que lo evalúes con tu equipo?

Saludos cordiales,
Equipo Audiflowai
soporte@audiflowai.com","Hola Alexander, espero que estés teniendo una excelente semana.

Te comparto un dato rápido: el 68% de las contingencias en procesos de Due Diligence provienen de cláusulas pasadas por alto. 

Habilitamos un acceso de cortesía para escanear 1 contrato completo sin tarjeta ni registro previo aquí: https://audiflowai.com

Quedo atento a tus comentarios si deseas probarlo."
379,"Sofia","Silva","Zurich Property Partners","Director Legal & Arrendamientos Corporativos","https://www.linkedin.com/in/sofia-silva-realestate-379","legal.sofia.silva379@herreratrade.pa","Hola Sofia, un gusto conectar. Veo tu liderazgo como Director Legal & Arrendamientos Corporativos en Zurich Property Partners. En Audiflowai desarrollamos un motor de IA determinista para auditar contratos y detectar pasivos ocultos en 40s antes de firma o cierre contable. Saludos!","Estimado/a Sofia,

Un gusto saludarte. Te contacto porque en empresas del sector de Zurich Property Partners, el mayor dolor que vemos en auditorías no son los números del balance, sino las contingencias ocultas en contratos con proveedores (penalizaciones no registradas, cláusulas de rescisión asimétricas y sobrecostos).

En Audiflowai (https://audiflowai.com) creamos una infraestructura que cruza contratos contra balances en 40 segundos con rigor forense (cero alucinaciones y 100% en memoria volátil sin guardar datos en disco).

¿Te gustaría que te enviemos un análisis de prueba sin costo sobre 1 contrato modelo para que lo evalúes con tu equipo?

Saludos cordiales,
Equipo Audiflowai
soporte@audiflowai.com","Hola Sofia, espero que estés teniendo una excelente semana.

Te comparto un dato rápido: el 68% de las contingencias en procesos de Due Diligence provienen de cláusulas pasadas por alto. 

Habilitamos un acceso de cortesía para escanear 1 contrato completo sin tarjeta ni registro previo aquí: https://audiflowai.com

Quedo atento a tus comentarios si deseas probarlo."
380,"Henry","Moore","Inmobiliaria Corporativa Central","General Counsel - Commercial Real Estate & Leases","https://www.linkedin.com/in/henry-moore-realestate-380","legal.henry.moore380@fuentesindustries.gt","Hola Henry, un gusto conectar. Veo tu liderazgo como General Counsel - Commercial Real Estate & Leases en Inmobiliaria Corporativa Central. En Audiflowai desarrollamos un motor de IA determinista para auditar contratos y detectar pasivos ocultos en 40s antes de firma o cierre contable. Saludos!","Estimado/a Henry,

Un gusto saludarte. Te contacto porque en empresas del sector de Inmobiliaria Corporativa Central, el mayor dolor que vemos en auditorías no son los números del balance, sino las contingencias ocultas en contratos con proveedores (penalizaciones no registradas, cláusulas de rescisión asimétricas y sobrecostos).

En Audiflowai (https://audiflowai.com) creamos una infraestructura que cruza contratos contra balances en 40 segundos con rigor forense (cero alucinaciones y 100% en memoria volátil sin guardar datos en disco).

¿Te gustaría que te enviemos un análisis de prueba sin costo sobre 1 contrato modelo para que lo evalúes con tu equipo?

Saludos cordiales,
Equipo Audiflowai
soporte@audiflowai.com","Hola Henry, espero que estés teniendo una excelente semana.

Te comparto un dato rápido: el 68% de las contingencias en procesos de Due Diligence provienen de cláusulas pasadas por alto. 

Habilitamos un acceso de cortesía para escanear 1 contrato completo sin tarjeta ni registro previo aquí: https://audiflowai.com

Quedo atento a tus comentarios si deseas probarlo."
381,"Victoria","Jimenez","Desarrollos Comerciales Latam","Director Legal & Arrendamientos Corporativos","https://www.linkedin.com/in/victoria-jimenez-realestate-381","legal.victoria.jimenez381@delgadogroup.cl","Hola Victoria, un gusto conectar. Veo tu liderazgo como Director Legal & Arrendamientos Corporativos en Desarrollos Comerciales Latam. En Audiflowai desarrollamos un motor de IA determinista para auditar contratos y detectar pasivos ocultos en 40s antes de firma o cierre contable. Saludos!","Estimado/a Victoria,

Un gusto saludarte. Te contacto porque en empresas del sector de Desarrollos Comerciales Latam, el mayor dolor que vemos en auditorías no son los números del balance, sino las contingencias ocultas en contratos con proveedores (penalizaciones no registradas, cláusulas de rescisión asimétricas y sobrecostos).

En Audiflowai (https://audiflowai.com) creamos una infraestructura que cruza contratos contra balances en 40 segundos con rigor forense (cero alucinaciones y 100% en memoria volátil sin guardar datos en disco).

¿Te gustaría que te enviemos un análisis de prueba sin costo sobre 1 contrato modelo para que lo evalúes con tu equipo?

Saludos cordiales,
Equipo Audiflowai
soporte@audiflowai.com","Hola Victoria, espero que estés teniendo una excelente semana.

Te comparto un dato rápido: el 68% de las contingencias en procesos de Due Diligence provienen de cláusulas pasadas por alto. 

Habilitamos un acceso de cortesía para escanear 1 contrato completo sin tarjeta ni registro previo aquí: https://audiflowai.com

Quedo atento a tus comentarios si deseas probarlo."
382,"Thomas","Jensen","Logistica Inmobiliaria del Pacifico","General Counsel - Commercial Real Estate & Leases","https://www.linkedin.com/in/thomas-jensen-realestate-382","legal.thomas.jensen382@bermudezcapital.mx","Hola Thomas, un gusto conectar. Veo tu liderazgo como General Counsel - Commercial Real Estate & Leases en Logistica Inmobiliaria del Pacifico. En Audiflowai desarrollamos un motor de IA determinista para auditar contratos y detectar pasivos ocultos en 40s antes de firma o cierre contable. Saludos!","Estimado/a Thomas,

Un gusto saludarte. Te contacto porque en empresas del sector de Logistica Inmobiliaria del Pacifico, el mayor dolor que vemos en auditorías no son los números del balance, sino las contingencias ocultas en contratos con proveedores (penalizaciones no registradas, cláusulas de rescisión asimétricas y sobrecostos).

En Audiflowai (https://audiflowai.com) creamos una infraestructura que cruza contratos contra balances en 40 segundos con rigor forense (cero alucinaciones y 100% en memoria volátil sin guardar datos en disco).

¿Te gustaría que te enviemos un análisis de prueba sin costo sobre 1 contrato modelo para que lo evalúes con tu equipo?

Saludos cordiales,
Equipo Audiflowai
soporte@audiflowai.com","Hola Thomas, espero que estés teniendo una excelente semana.

Te comparto un dato rápido: el 68% de las contingencias en procesos de Due Diligence provienen de cláusulas pasadas por alto. 

Habilitamos un acceso de cortesía para escanear 1 contrato completo sin tarjeta ni registro previo aquí: https://audiflowai.com

Quedo atento a tus comentarios si deseas probarlo."
383,"Mauricio","Vargas","Manhattan Asset Management","Director Legal & Arrendamientos Corporativos","https://www.linkedin.com/in/mauricio-vargas-realestate-383","legal.mauricio.vargas383@finanzeprova.it","Hola Mauricio, un gusto conectar. Veo tu liderazgo como Director Legal & Arrendamientos Corporativos en Manhattan Asset Management. En Audiflowai desarrollamos un motor de IA determinista para auditar contratos y detectar pasivos ocultos en 40s antes de firma o cierre contable. Saludos!","Estimado/a Mauricio,

Un gusto saludarte. Te contacto porque en empresas del sector de Manhattan Asset Management, el mayor dolor que vemos en auditorías no son los números del balance, sino las contingencias ocultas en contratos con proveedores (penalizaciones no registradas, cláusulas de rescisión asimétricas y sobrecostos).

En Audiflowai (https://audiflowai.com) creamos una infraestructura que cruza contratos contra balances en 40 segundos con rigor forense (cero alucinaciones y 100% en memoria volátil sin guardar datos en disco).

¿Te gustaría que te enviemos un análisis de prueba sin costo sobre 1 contrato modelo para que lo evalúes con tu equipo?

Saludos cordiales,
Equipo Audiflowai
soporte@audiflowai.com","Hola Mauricio, espero que estés teniendo una excelente semana.

Te comparto un dato rápido: el 68% de las contingencias en procesos de Due Diligence provienen de cláusulas pasadas por alto. 

Habilitamos un acceso de cortesía para escanear 1 contrato completo sin tarjeta ni registro previo aquí: https://audiflowai.com

Quedo atento a tus comentarios si deseas probarlo."
384,"Alexander","Martin","Zurich Property Partners","General Counsel - Commercial Real Estate & Leases","https://www.linkedin.com/in/alexander-martin-realestate-384","legal.alexander.martin384@vertextrading.de","Hola Alexander, un gusto conectar. Veo tu liderazgo como General Counsel - Commercial Real Estate & Leases en Zurich Property Partners. En Audiflowai desarrollamos un motor de IA determinista para auditar contratos y detectar pasivos ocultos en 40s antes de firma o cierre contable. Saludos!","Estimado/a Alexander,

Un gusto saludarte. Te contacto porque en empresas del sector de Zurich Property Partners, el mayor dolor que vemos en auditorías no son los números del balance, sino las contingencias ocultas en contratos con proveedores (penalizaciones no registradas, cláusulas de rescisión asimétricas y sobrecostos).

En Audiflowai (https://audiflowai.com) creamos una infraestructura que cruza contratos contra balances en 40 segundos con rigor forense (cero alucinaciones y 100% en memoria volátil sin guardar datos en disco).

¿Te gustaría que te enviemos un análisis de prueba sin costo sobre 1 contrato modelo para que lo evalúes con tu equipo?

Saludos cordiales,
Equipo Audiflowai
soporte@audiflowai.com","Hola Alexander, espero que estés teniendo una excelente semana.

Te comparto un dato rápido: el 68% de las contingencias en procesos de Due Diligence provienen de cláusulas pasadas por alto. 

Habilitamos un acceso de cortesía para escanear 1 contrato completo sin tarjeta ni registro previo aquí: https://audiflowai.com

Quedo atento a tus comentarios si deseas probarlo."
385,"Sofia","Montero","Inmobiliaria Corporativa Central","Director Legal & Arrendamientos Corporativos","https://www.linkedin.com/in/sofia-montero-realestate-385","legal.sofia.montero385@apexglobal.co.uk","Hola Sofia, un gusto conectar. Veo tu liderazgo como Director Legal & Arrendamientos Corporativos en Inmobiliaria Corporativa Central. En Audiflowai desarrollamos un motor de IA determinista para auditar contratos y detectar pasivos ocultos en 40s antes de firma o cierre contable. Saludos!","Estimado/a Sofia,

Un gusto saludarte. Te contacto porque en empresas del sector de Inmobiliaria Corporativa Central, el mayor dolor que vemos en auditorías no son los números del balance, sino las contingencias ocultas en contratos con proveedores (penalizaciones no registradas, cláusulas de rescisión asimétricas y sobrecostos).

En Audiflowai (https://audiflowai.com) creamos una infraestructura que cruza contratos contra balances en 40 segundos con rigor forense (cero alucinaciones y 100% en memoria volátil sin guardar datos en disco).

¿Te gustaría que te enviemos un análisis de prueba sin costo sobre 1 contrato modelo para que lo evalúes con tu equipo?

Saludos cordiales,
Equipo Audiflowai
soporte@audiflowai.com","Hola Sofia, espero que estés teniendo una excelente semana.

Te comparto un dato rápido: el 68% de las contingencias en procesos de Due Diligence provienen de cláusulas pasadas por alto. 

Habilitamos un acceso de cortesía para escanear 1 contrato completo sin tarjeta ni registro previo aquí: https://audiflowai.com

Quedo atento a tus comentarios si deseas probarlo."
386,"Henry","Berg","Desarrollos Comerciales Latam","General Counsel - Commercial Real Estate & Leases","https://www.linkedin.com/in/henry-berg-realestate-386","legal.henry.berg386@mendozacorp.sv","Hola Henry, un gusto conectar. Veo tu liderazgo como General Counsel - Commercial Real Estate & Leases en Desarrollos Comerciales Latam. En Audiflowai desarrollamos un motor de IA determinista para auditar contratos y detectar pasivos ocultos en 40s antes de firma o cierre contable. Saludos!","Estimado/a Henry,

Un gusto saludarte. Te contacto porque en empresas del sector de Desarrollos Comerciales Latam, el mayor dolor que vemos en auditorías no son los números del balance, sino las contingencias ocultas en contratos con proveedores (penalizaciones no registradas, cláusulas de rescisión asimétricas y sobrecostos).

En Audiflowai (https://audiflowai.com) creamos una infraestructura que cruza contratos contra balances en 40 segundos con rigor forense (cero alucinaciones y 100% en memoria volátil sin guardar datos en disco).

¿Te gustaría que te enviemos un análisis de prueba sin costo sobre 1 contrato modelo para que lo evalúes con tu equipo?

Saludos cordiales,
Equipo Audiflowai
soporte@audiflowai.com","Hola Henry, espero que estés teniendo una excelente semana.

Te comparto un dato rápido: el 68% de las contingencias en procesos de Due Diligence provienen de cláusulas pasadas por alto. 

Habilitamos un acceso de cortesía para escanear 1 contrato completo sin tarjeta ni registro previo aquí: https://audiflowai.com

Quedo atento a tus comentarios si deseas probarlo."
387,"Victoria","Castillo","Logistica Inmobiliaria del Pacifico","Director Legal & Arrendamientos Corporativos","https://www.linkedin.com/in/victoria-castillo-realestate-387","legal.victoria.castillo387@guzmanpartners.cr","Hola Victoria, un gusto conectar. Veo tu liderazgo como Director Legal & Arrendamientos Corporativos en Logistica Inmobiliaria del Pacifico. En Audiflowai desarrollamos un motor de IA determinista para auditar contratos y detectar pasivos ocultos en 40s antes de firma o cierre contable. Saludos!","Estimado/a Victoria,

Un gusto saludarte. Te contacto porque en empresas del sector de Logistica Inmobiliaria del Pacifico, el mayor dolor que vemos en auditorías no son los números del balance, sino las contingencias ocultas en contratos con proveedores (penalizaciones no registradas, cláusulas de rescisión asimétricas y sobrecostos).

En Audiflowai (https://audiflowai.com) creamos una infraestructura que cruza contratos contra balances en 40 segundos con rigor forense (cero alucinaciones y 100% en memoria volátil sin guardar datos en disco).

¿Te gustaría que te enviemos un análisis de prueba sin costo sobre 1 contrato modelo para que lo evalúes con tu equipo?

Saludos cordiales,
Equipo Audiflowai
soporte@audiflowai.com","Hola Victoria, espero que estés teniendo una excelente semana.

Te comparto un dato rápido: el 68% de las contingencias en procesos de Due Diligence provienen de cláusulas pasadas por alto. 

Habilitamos un acceso de cortesía para escanear 1 contrato completo sin tarjeta ni registro previo aquí: https://audiflowai.com

Quedo atento a tus comentarios si deseas probarlo."
388,"Thomas","Walker","Manhattan Asset Management","General Counsel - Commercial Real Estate & Leases","https://www.linkedin.com/in/thomas-walker-realestate-388","legal.thomas.walker388@escobarenterprise.pe","Hola Thomas, un gusto conectar. Veo tu liderazgo como General Counsel - Commercial Real Estate & Leases en Manhattan Asset Management. En Audiflowai desarrollamos un motor de IA determinista para auditar contratos y detectar pasivos ocultos en 40s antes de firma o cierre contable. Saludos!","Estimado/a Thomas,

Un gusto saludarte. Te contacto porque en empresas del sector de Manhattan Asset Management, el mayor dolor que vemos en auditorías no son los números del balance, sino las contingencias ocultas en contratos con proveedores (penalizaciones no registradas, cláusulas de rescisión asimétricas y sobrecostos).

En Audiflowai (https://audiflowai.com) creamos una infraestructura que cruza contratos contra balances en 40 segundos con rigor forense (cero alucinaciones y 100% en memoria volátil sin guardar datos en disco).

¿Te gustaría que te enviemos un análisis de prueba sin costo sobre 1 contrato modelo para que lo evalúes con tu equipo?

Saludos cordiales,
Equipo Audiflowai
soporte@audiflowai.com","Hola Thomas, espero que estés teniendo una excelente semana.

Te comparto un dato rápido: el 68% de las contingencias en procesos de Due Diligence provienen de cláusulas pasadas por alto. 

Habilitamos un acceso de cortesía para escanear 1 contrato completo sin tarjeta ni registro previo aquí: https://audiflowai.com

Quedo atento a tus comentarios si deseas probarlo."
389,"Mauricio","Orellana","Zurich Property Partners","Director Legal & Arrendamientos Corporativos","https://www.linkedin.com/in/mauricio-orellana-realestate-389","legal.mauricio.orellana389@cisneroslogistics.co","Hola Mauricio, un gusto conectar. Veo tu liderazgo como Director Legal & Arrendamientos Corporativos en Zurich Property Partners. En Audiflowai desarrollamos un motor de IA determinista para auditar contratos y detectar pasivos ocultos en 40s antes de firma o cierre contable. Saludos!","Estimado/a Mauricio,

Un gusto saludarte. Te contacto porque en empresas del sector de Zurich Property Partners, el mayor dolor que vemos en auditorías no son los números del balance, sino las contingencias ocultas en contratos con proveedores (penalizaciones no registradas, cláusulas de rescisión asimétricas y sobrecostos).

En Audiflowai (https://audiflowai.com) creamos una infraestructura que cruza contratos contra balances en 40 segundos con rigor forense (cero alucinaciones y 100% en memoria volátil sin guardar datos en disco).

¿Te gustaría que te enviemos un análisis de prueba sin costo sobre 1 contrato modelo para que lo evalúes con tu equipo?

Saludos cordiales,
Equipo Audiflowai
soporte@audiflowai.com","Hola Mauricio, espero que estés teniendo una excelente semana.

Te comparto un dato rápido: el 68% de las contingencias en procesos de Due Diligence provienen de cláusulas pasadas por alto. 

Habilitamos un acceso de cortesía para escanear 1 contrato completo sin tarjeta ni registro previo aquí: https://audiflowai.com

Quedo atento a tus comentarios si deseas probarlo."
390,"Alexander","Smith","Inmobiliaria Corporativa Central","General Counsel - Commercial Real Estate & Leases","https://www.linkedin.com/in/alexander-smith-realestate-390","legal.alexander.smith390@alvaradoholdings.sv","Hola Alexander, un gusto conectar. Veo tu liderazgo como General Counsel - Commercial Real Estate & Leases en Inmobiliaria Corporativa Central. En Audiflowai desarrollamos un motor de IA determinista para auditar contratos y detectar pasivos ocultos en 40s antes de firma o cierre contable. Saludos!","Estimado/a Alexander,

Un gusto saludarte. Te contacto porque en empresas del sector de Inmobiliaria Corporativa Central, el mayor dolor que vemos en auditorías no son los números del balance, sino las contingencias ocultas en contratos con proveedores (penalizaciones no registradas, cláusulas de rescisión asimétricas y sobrecostos).

En Audiflowai (https://audiflowai.com) creamos una infraestructura que cruza contratos contra balances en 40 segundos con rigor forense (cero alucinaciones y 100% en memoria volátil sin guardar datos en disco).

¿Te gustaría que te enviemos un análisis de prueba sin costo sobre 1 contrato modelo para que lo evalúes con tu equipo?

Saludos cordiales,
Equipo Audiflowai
soporte@audiflowai.com","Hola Alexander, espero que estés teniendo una excelente semana.

Te comparto un dato rápido: el 68% de las contingencias en procesos de Due Diligence provienen de cláusulas pasadas por alto. 

Habilitamos un acceso de cortesía para escanear 1 contrato completo sin tarjeta ni registro previo aquí: https://audiflowai.com

Quedo atento a tus comentarios si deseas probarlo."
391,"Sofia","Rios","Desarrollos Comerciales Latam","Director Legal & Arrendamientos Corporativos","https://www.linkedin.com/in/sofia-rios-realestate-391","legal.sofia.rios391@nordiclogistics.se","Hola Sofia, un gusto conectar. Veo tu liderazgo como Director Legal & Arrendamientos Corporativos en Desarrollos Comerciales Latam. En Audiflowai desarrollamos un motor de IA determinista para auditar contratos y detectar pasivos ocultos en 40s antes de firma o cierre contable. Saludos!","Estimado/a Sofia,

Un gusto saludarte. Te contacto porque en empresas del sector de Desarrollos Comerciales Latam, el mayor dolor que vemos en auditorías no son los números del balance, sino las contingencias ocultas en contratos con proveedores (penalizaciones no registradas, cláusulas de rescisión asimétricas y sobrecostos).

En Audiflowai (https://audiflowai.com) creamos una infraestructura que cruza contratos contra balances en 40 segundos con rigor forense (cero alucinaciones y 100% en memoria volátil sin guardar datos en disco).

¿Te gustaría que te enviemos un análisis de prueba sin costo sobre 1 contrato modelo para que lo evalúes con tu equipo?

Saludos cordiales,
Equipo Audiflowai
soporte@audiflowai.com","Hola Sofia, espero que estés teniendo una excelente semana.

Te comparto un dato rápido: el 68% de las contingencias en procesos de Due Diligence provienen de cláusulas pasadas por alto. 

Habilitamos un acceso de cortesía para escanear 1 contrato completo sin tarjeta ni registro previo aquí: https://audiflowai.com

Quedo atento a tus comentarios si deseas probarlo."
392,"Henry","Schmidt","Logistica Inmobiliaria del Pacifico","General Counsel - Commercial Real Estate & Leases","https://www.linkedin.com/in/henry-schmidt-realestate-392","legal.henry.schmidt392@lombardcapital.ch","Hola Henry, un gusto conectar. Veo tu liderazgo como General Counsel - Commercial Real Estate & Leases en Logistica Inmobiliaria del Pacifico. En Audiflowai desarrollamos un motor de IA determinista para auditar contratos y detectar pasivos ocultos en 40s antes de firma o cierre contable. Saludos!","Estimado/a Henry,

Un gusto saludarte. Te contacto porque en empresas del sector de Logistica Inmobiliaria del Pacifico, el mayor dolor que vemos en auditorías no son los números del balance, sino las contingencias ocultas en contratos con proveedores (penalizaciones no registradas, cláusulas de rescisión asimétricas y sobrecostos).

En Audiflowai (https://audiflowai.com) creamos una infraestructura que cruza contratos contra balances en 40 segundos con rigor forense (cero alucinaciones y 100% en memoria volátil sin guardar datos en disco).

¿Te gustaría que te enviemos un análisis de prueba sin costo sobre 1 contrato modelo para que lo evalúes con tu equipo?

Saludos cordiales,
Equipo Audiflowai
soporte@audiflowai.com","Hola Henry, espero que estés teniendo una excelente semana.

Te comparto un dato rápido: el 68% de las contingencias en procesos de Due Diligence provienen de cláusulas pasadas por alto. 

Habilitamos un acceso de cortesía para escanear 1 contrato completo sin tarjeta ni registro previo aquí: https://audiflowai.com

Quedo atento a tus comentarios si deseas probarlo."
393,"Victoria","Quezada","Manhattan Asset Management","Director Legal & Arrendamientos Corporativos","https://www.linkedin.com/in/victoria-quezada-realestate-393","legal.victoria.quezada393@vargasretail.co","Hola Victoria, un gusto conectar. Veo tu liderazgo como Director Legal & Arrendamientos Corporativos en Manhattan Asset Management. En Audiflowai desarrollamos un motor de IA determinista para auditar contratos y detectar pasivos ocultos en 40s antes de firma o cierre contable. Saludos!","Estimado/a Victoria,

Un gusto saludarte. Te contacto porque en empresas del sector de Manhattan Asset Management, el mayor dolor que vemos en auditorías no son los números del balance, sino las contingencias ocultas en contratos con proveedores (penalizaciones no registradas, cláusulas de rescisión asimétricas y sobrecostos).

En Audiflowai (https://audiflowai.com) creamos una infraestructura que cruza contratos contra balances en 40 segundos con rigor forense (cero alucinaciones y 100% en memoria volátil sin guardar datos en disco).

¿Te gustaría que te enviemos un análisis de prueba sin costo sobre 1 contrato modelo para que lo evalúes con tu equipo?

Saludos cordiales,
Equipo Audiflowai
soporte@audiflowai.com","Hola Victoria, espero que estés teniendo una excelente semana.

Te comparto un dato rápido: el 68% de las contingencias en procesos de Due Diligence provienen de cláusulas pasadas por alto. 

Habilitamos un acceso de cortesía para escanear 1 contrato completo sin tarjeta ni registro previo aquí: https://audiflowai.com

Quedo atento a tus comentarios si deseas probarlo."
394,"Thomas","Williams","Zurich Property Partners","General Counsel - Commercial Real Estate & Leases","https://www.linkedin.com/in/thomas-williams-realestate-394","legal.thomas.williams394@herreratrade.pa","Hola Thomas, un gusto conectar. Veo tu liderazgo como General Counsel - Commercial Real Estate & Leases en Zurich Property Partners. En Audiflowai desarrollamos un motor de IA determinista para auditar contratos y detectar pasivos ocultos en 40s antes de firma o cierre contable. Saludos!","Estimado/a Thomas,

Un gusto saludarte. Te contacto porque en empresas del sector de Zurich Property Partners, el mayor dolor que vemos en auditorías no son los números del balance, sino las contingencias ocultas en contratos con proveedores (penalizaciones no registradas, cláusulas de rescisión asimétricas y sobrecostos).

En Audiflowai (https://audiflowai.com) creamos una infraestructura que cruza contratos contra balances en 40 segundos con rigor forense (cero alucinaciones y 100% en memoria volátil sin guardar datos en disco).

¿Te gustaría que te enviemos un análisis de prueba sin costo sobre 1 contrato modelo para que lo evalúes con tu equipo?

Saludos cordiales,
Equipo Audiflowai
soporte@audiflowai.com","Hola Thomas, espero que estés teniendo una excelente semana.

Te comparto un dato rápido: el 68% de las contingencias en procesos de Due Diligence provienen de cláusulas pasadas por alto. 

Habilitamos un acceso de cortesía para escanear 1 contrato completo sin tarjeta ni registro previo aquí: https://audiflowai.com

Quedo atento a tus comentarios si deseas probarlo."
395,"Mauricio","Bermudez","Inmobiliaria Corporativa Central","Director Legal & Arrendamientos Corporativos","https://www.linkedin.com/in/mauricio-bermudez-realestate-395","legal.mauricio.bermudez395@fuentesindustries.gt","Hola Mauricio, un gusto conectar. Veo tu liderazgo como Director Legal & Arrendamientos Corporativos en Inmobiliaria Corporativa Central. En Audiflowai desarrollamos un motor de IA determinista para auditar contratos y detectar pasivos ocultos en 40s antes de firma o cierre contable. Saludos!","Estimado/a Mauricio,

Un gusto saludarte. Te contacto porque en empresas del sector de Inmobiliaria Corporativa Central, el mayor dolor que vemos en auditorías no son los números del balance, sino las contingencias ocultas en contratos con proveedores (penalizaciones no registradas, cláusulas de rescisión asimétricas y sobrecostos).

En Audiflowai (https://audiflowai.com) creamos una infraestructura que cruza contratos contra balances en 40 segundos con rigor forense (cero alucinaciones y 100% en memoria volátil sin guardar datos en disco).

¿Te gustaría que te enviemos un análisis de prueba sin costo sobre 1 contrato modelo para que lo evalúes con tu equipo?

Saludos cordiales,
Equipo Audiflowai
soporte@audiflowai.com","Hola Mauricio, espero que estés teniendo una excelente semana.

Te comparto un dato rápido: el 68% de las contingencias en procesos de Due Diligence provienen de cláusulas pasadas por alto. 

Habilitamos un acceso de cortesía para escanear 1 contrato completo sin tarjeta ni registro previo aquí: https://audiflowai.com

Quedo atento a tus comentarios si deseas probarlo."
396,"Alexander","Schneider","Desarrollos Comerciales Latam","General Counsel - Commercial Real Estate & Leases","https://www.linkedin.com/in/alexander-schneider-realestate-396","legal.alexander.schneider396@delgadogroup.cl","Hola Alexander, un gusto conectar. Veo tu liderazgo como General Counsel - Commercial Real Estate & Leases en Desarrollos Comerciales Latam. En Audiflowai desarrollamos un motor de IA determinista para auditar contratos y detectar pasivos ocultos en 40s antes de firma o cierre contable. Saludos!","Estimado/a Alexander,

Un gusto saludarte. Te contacto porque en empresas del sector de Desarrollos Comerciales Latam, el mayor dolor que vemos en auditorías no son los números del balance, sino las contingencias ocultas en contratos con proveedores (penalizaciones no registradas, cláusulas de rescisión asimétricas y sobrecostos).

En Audiflowai (https://audiflowai.com) creamos una infraestructura que cruza contratos contra balances en 40 segundos con rigor forense (cero alucinaciones y 100% en memoria volátil sin guardar datos en disco).

¿Te gustaría que te enviemos un análisis de prueba sin costo sobre 1 contrato modelo para que lo evalúes con tu equipo?

Saludos cordiales,
Equipo Audiflowai
soporte@audiflowai.com","Hola Alexander, espero que estés teniendo una excelente semana.

Te comparto un dato rápido: el 68% de las contingencias en procesos de Due Diligence provienen de cláusulas pasadas por alto. 

Habilitamos un acceso de cortesía para escanear 1 contrato completo sin tarjeta ni registro previo aquí: https://audiflowai.com

Quedo atento a tus comentarios si deseas probarlo."
397,"Sofia","Salazar","Logistica Inmobiliaria del Pacifico","Director Legal & Arrendamientos Corporativos","https://www.linkedin.com/in/sofia-salazar-realestate-397","legal.sofia.salazar397@bermudezcapital.mx","Hola Sofia, un gusto conectar. Veo tu liderazgo como Director Legal & Arrendamientos Corporativos en Logistica Inmobiliaria del Pacifico. En Audiflowai desarrollamos un motor de IA determinista para auditar contratos y detectar pasivos ocultos en 40s antes de firma o cierre contable. Saludos!","Estimado/a Sofia,

Un gusto saludarte. Te contacto porque en empresas del sector de Logistica Inmobiliaria del Pacifico, el mayor dolor que vemos en auditorías no son los números del balance, sino las contingencias ocultas en contratos con proveedores (penalizaciones no registradas, cláusulas de rescisión asimétricas y sobrecostos).

En Audiflowai (https://audiflowai.com) creamos una infraestructura que cruza contratos contra balances en 40 segundos con rigor forense (cero alucinaciones y 100% en memoria volátil sin guardar datos en disco).

¿Te gustaría que te enviemos un análisis de prueba sin costo sobre 1 contrato modelo para que lo evalúes con tu equipo?

Saludos cordiales,
Equipo Audiflowai
soporte@audiflowai.com","Hola Sofia, espero que estés teniendo una excelente semana.

Te comparto un dato rápido: el 68% de las contingencias en procesos de Due Diligence provienen de cláusulas pasadas por alto. 

Habilitamos un acceso de cortesía para escanear 1 contrato completo sin tarjeta ni registro previo aquí: https://audiflowai.com

Quedo atento a tus comentarios si deseas probarlo."
398,"Henry","Jones","Manhattan Asset Management","General Counsel - Commercial Real Estate & Leases","https://www.linkedin.com/in/henry-jones-realestate-398","legal.henry.jones398@finanzeprova.it","Hola Henry, un gusto conectar. Veo tu liderazgo como General Counsel - Commercial Real Estate & Leases en Manhattan Asset Management. En Audiflowai desarrollamos un motor de IA determinista para auditar contratos y detectar pasivos ocultos en 40s antes de firma o cierre contable. Saludos!","Estimado/a Henry,

Un gusto saludarte. Te contacto porque en empresas del sector de Manhattan Asset Management, el mayor dolor que vemos en auditorías no son los números del balance, sino las contingencias ocultas en contratos con proveedores (penalizaciones no registradas, cláusulas de rescisión asimétricas y sobrecostos).

En Audiflowai (https://audiflowai.com) creamos una infraestructura que cruza contratos contra balances en 40 segundos con rigor forense (cero alucinaciones y 100% en memoria volátil sin guardar datos en disco).

¿Te gustaría que te enviemos un análisis de prueba sin costo sobre 1 contrato modelo para que lo evalúes con tu equipo?

Saludos cordiales,
Equipo Audiflowai
soporte@audiflowai.com","Hola Henry, espero que estés teniendo una excelente semana.

Te comparto un dato rápido: el 68% de las contingencias en procesos de Due Diligence provienen de cláusulas pasadas por alto. 

Habilitamos un acceso de cortesía para escanear 1 contrato completo sin tarjeta ni registro previo aquí: https://audiflowai.com

Quedo atento a tus comentarios si deseas probarlo."
399,"Victoria","Delgado","Zurich Property Partners","Director Legal & Arrendamientos Corporativos","https://www.linkedin.com/in/victoria-delgado-realestate-399","legal.victoria.delgado399@vertextrading.de","Hola Victoria, un gusto conectar. Veo tu liderazgo como Director Legal & Arrendamientos Corporativos en Zurich Property Partners. En Audiflowai desarrollamos un motor de IA determinista para auditar contratos y detectar pasivos ocultos en 40s antes de firma o cierre contable. Saludos!","Estimado/a Victoria,

Un gusto saludarte. Te contacto porque en empresas del sector de Zurich Property Partners, el mayor dolor que vemos en auditorías no son los números del balance, sino las contingencias ocultas en contratos con proveedores (penalizaciones no registradas, cláusulas de rescisión asimétricas y sobrecostos).

En Audiflowai (https://audiflowai.com) creamos una infraestructura que cruza contratos contra balances en 40 segundos con rigor forense (cero alucinaciones y 100% en memoria volátil sin guardar datos en disco).

¿Te gustaría que te enviemos un análisis de prueba sin costo sobre 1 contrato modelo para que lo evalúes con tu equipo?

Saludos cordiales,
Equipo Audiflowai
soporte@audiflowai.com","Hola Victoria, espero que estés teniendo una excelente semana.

Te comparto un dato rápido: el 68% de las contingencias en procesos de Due Diligence provienen de cláusulas pasadas por alto. 

Habilitamos un acceso de cortesía para escanear 1 contrato completo sin tarjeta ni registro previo aquí: https://audiflowai.com

Quedo atento a tus comentarios si deseas probarlo."
400,"Thomas","Weber","Inmobiliaria Corporativa Central","General Counsel - Commercial Real Estate & Leases","https://www.linkedin.com/in/thomas-weber-realestate-400","legal.thomas.weber400@apexglobal.co.uk","Hola Thomas, un gusto conectar. Veo tu liderazgo como General Counsel - Commercial Real Estate & Leases en Inmobiliaria Corporativa Central. En Audiflowai desarrollamos un motor de IA determinista para auditar contratos y detectar pasivos ocultos en 40s antes de firma o cierre contable. Saludos!","Estimado/a Thomas,

Un gusto saludarte. Te contacto porque en empresas del sector de Inmobiliaria Corporativa Central, el mayor dolor que vemos en auditorías no son los números del balance, sino las contingencias ocultas en contratos con proveedores (penalizaciones no registradas, cláusulas de rescisión asimétricas y sobrecostos).

En Audiflowai (https://audiflowai.com) creamos una infraestructura que cruza contratos contra balances en 40 segundos con rigor forense (cero alucinaciones y 100% en memoria volátil sin guardar datos en disco).

¿Te gustaría que te enviemos un análisis de prueba sin costo sobre 1 contrato modelo para que lo evalúes con tu equipo?

Saludos cordiales,
Equipo Audiflowai
soporte@audiflowai.com","Hola Thomas, espero que estés teniendo una excelente semana.

Te comparto un dato rápido: el 68% de las contingencias en procesos de Due Diligence provienen de cláusulas pasadas por alto. 

Habilitamos un acceso de cortesía para escanear 1 contrato completo sin tarjeta ni registro previo aquí: https://audiflowai.com

Quedo atento a tus comentarios si deseas probarlo."
401,"Mauricio","Urrutia","Desarrollos Comerciales Latam","Director Legal & Arrendamientos Corporativos","https://www.linkedin.com/in/mauricio-urrutia-realestate-401","legal.mauricio.urrutia401@mendozacorp.sv","Hola Mauricio, un gusto conectar. Veo tu liderazgo como Director Legal & Arrendamientos Corporativos en Desarrollos Comerciales Latam. En Audiflowai desarrollamos un motor de IA determinista para auditar contratos y detectar pasivos ocultos en 40s antes de firma o cierre contable. Saludos!","Estimado/a Mauricio,

Un gusto saludarte. Te contacto porque en empresas del sector de Desarrollos Comerciales Latam, el mayor dolor que vemos en auditorías no son los números del balance, sino las contingencias ocultas en contratos con proveedores (penalizaciones no registradas, cláusulas de rescisión asimétricas y sobrecostos).

En Audiflowai (https://audiflowai.com) creamos una infraestructura que cruza contratos contra balances en 40 segundos con rigor forense (cero alucinaciones y 100% en memoria volátil sin guardar datos en disco).

¿Te gustaría que te enviemos un análisis de prueba sin costo sobre 1 contrato modelo para que lo evalúes con tu equipo?

Saludos cordiales,
Equipo Audiflowai
soporte@audiflowai.com","Hola Mauricio, espero que estés teniendo una excelente semana.

Te comparto un dato rápido: el 68% de las contingencias en procesos de Due Diligence provienen de cláusulas pasadas por alto. 

Habilitamos un acceso de cortesía para escanear 1 contrato completo sin tarjeta ni registro previo aquí: https://audiflowai.com

Quedo atento a tus comentarios si deseas probarlo."
402,"Alexander","Davis","Logistica Inmobiliaria del Pacifico","General Counsel - Commercial Real Estate & Leases","https://www.linkedin.com/in/alexander-davis-realestate-402","legal.alexander.davis402@guzmanpartners.cr","Hola Alexander, un gusto conectar. Veo tu liderazgo como General Counsel - Commercial Real Estate & Leases en Logistica Inmobiliaria del Pacifico. En Audiflowai desarrollamos un motor de IA determinista para auditar contratos y detectar pasivos ocultos en 40s antes de firma o cierre contable. Saludos!","Estimado/a Alexander,

Un gusto saludarte. Te contacto porque en empresas del sector de Logistica Inmobiliaria del Pacifico, el mayor dolor que vemos en auditorías no son los números del balance, sino las contingencias ocultas en contratos con proveedores (penalizaciones no registradas, cláusulas de rescisión asimétricas y sobrecostos).

En Audiflowai (https://audiflowai.com) creamos una infraestructura que cruza contratos contra balances en 40 segundos con rigor forense (cero alucinaciones y 100% en memoria volátil sin guardar datos en disco).

¿Te gustaría que te enviemos un análisis de prueba sin costo sobre 1 contrato modelo para que lo evalúes con tu equipo?

Saludos cordiales,
Equipo Audiflowai
soporte@audiflowai.com","Hola Alexander, espero que estés teniendo una excelente semana.

Te comparto un dato rápido: el 68% de las contingencias en procesos de Due Diligence provienen de cláusulas pasadas por alto. 

Habilitamos un acceso de cortesía para escanear 1 contrato completo sin tarjeta ni registro previo aquí: https://audiflowai.com

Quedo atento a tus comentarios si deseas probarlo."
403,"Sofia","Fuentes","Manhattan Asset Management","Director Legal & Arrendamientos Corporativos","https://www.linkedin.com/in/sofia-fuentes-realestate-403","legal.sofia.fuentes403@escobarenterprise.pe","Hola Sofia, un gusto conectar. Veo tu liderazgo como Director Legal & Arrendamientos Corporativos en Manhattan Asset Management. En Audiflowai desarrollamos un motor de IA determinista para auditar contratos y detectar pasivos ocultos en 40s antes de firma o cierre contable. Saludos!","Estimado/a Sofia,

Un gusto saludarte. Te contacto porque en empresas del sector de Manhattan Asset Management, el mayor dolor que vemos en auditorías no son los números del balance, sino las contingencias ocultas en contratos con proveedores (penalizaciones no registradas, cláusulas de rescisión asimétricas y sobrecostos).

En Audiflowai (https://audiflowai.com) creamos una infraestructura que cruza contratos contra balances en 40 segundos con rigor forense (cero alucinaciones y 100% en memoria volátil sin guardar datos en disco).

¿Te gustaría que te enviemos un análisis de prueba sin costo sobre 1 contrato modelo para que lo evalúes con tu equipo?

Saludos cordiales,
Equipo Audiflowai
soporte@audiflowai.com","Hola Sofia, espero que estés teniendo una excelente semana.

Te comparto un dato rápido: el 68% de las contingencias en procesos de Due Diligence provienen de cláusulas pasadas por alto. 

Habilitamos un acceso de cortesía para escanear 1 contrato completo sin tarjeta ni registro previo aquí: https://audiflowai.com

Quedo atento a tus comentarios si deseas probarlo."
404,"Henry","Wagner","Zurich Property Partners","General Counsel - Commercial Real Estate & Leases","https://www.linkedin.com/in/henry-wagner-realestate-404","legal.henry.wagner404@cisneroslogistics.co","Hola Henry, un gusto conectar. Veo tu liderazgo como General Counsel - Commercial Real Estate & Leases en Zurich Property Partners. En Audiflowai desarrollamos un motor de IA determinista para auditar contratos y detectar pasivos ocultos en 40s antes de firma o cierre contable. Saludos!","Estimado/a Henry,

Un gusto saludarte. Te contacto porque en empresas del sector de Zurich Property Partners, el mayor dolor que vemos en auditorías no son los números del balance, sino las contingencias ocultas en contratos con proveedores (penalizaciones no registradas, cláusulas de rescisión asimétricas y sobrecostos).

En Audiflowai (https://audiflowai.com) creamos una infraestructura que cruza contratos contra balances en 40 segundos con rigor forense (cero alucinaciones y 100% en memoria volátil sin guardar datos en disco).

¿Te gustaría que te enviemos un análisis de prueba sin costo sobre 1 contrato modelo para que lo evalúes con tu equipo?

Saludos cordiales,
Equipo Audiflowai
soporte@audiflowai.com","Hola Henry, espero que estés teniendo una excelente semana.

Te comparto un dato rápido: el 68% de las contingencias en procesos de Due Diligence provienen de cláusulas pasadas por alto. 

Habilitamos un acceso de cortesía para escanear 1 contrato completo sin tarjeta ni registro previo aquí: https://audiflowai.com

Quedo atento a tus comentarios si deseas probarlo."
405,"Victoria","Mendoza","Inmobiliaria Corporativa Central","Director Legal & Arrendamientos Corporativos","https://www.linkedin.com/in/victoria-mendoza-realestate-405","legal.victoria.mendoza405@alvaradoholdings.sv","Hola Victoria, un gusto conectar. Veo tu liderazgo como Director Legal & Arrendamientos Corporativos en Inmobiliaria Corporativa Central. En Audiflowai desarrollamos un motor de IA determinista para auditar contratos y detectar pasivos ocultos en 40s antes de firma o cierre contable. Saludos!","Estimado/a Victoria,

Un gusto saludarte. Te contacto porque en empresas del sector de Inmobiliaria Corporativa Central, el mayor dolor que vemos en auditorías no son los números del balance, sino las contingencias ocultas en contratos con proveedores (penalizaciones no registradas, cláusulas de rescisión asimétricas y sobrecostos).

En Audiflowai (https://audiflowai.com) creamos una infraestructura que cruza contratos contra balances en 40 segundos con rigor forense (cero alucinaciones y 100% en memoria volátil sin guardar datos en disco).

¿Te gustaría que te enviemos un análisis de prueba sin costo sobre 1 contrato modelo para que lo evalúes con tu equipo?

Saludos cordiales,
Equipo Audiflowai
soporte@audiflowai.com","Hola Victoria, espero que estés teniendo una excelente semana.

Te comparto un dato rápido: el 68% de las contingencias en procesos de Due Diligence provienen de cláusulas pasadas por alto. 

Habilitamos un acceso de cortesía para escanear 1 contrato completo sin tarjeta ni registro previo aquí: https://audiflowai.com

Quedo atento a tus comentarios si deseas probarlo."
406,"Thomas","Anderson","Desarrollos Comerciales Latam","General Counsel - Commercial Real Estate & Leases","https://www.linkedin.com/in/thomas-anderson-realestate-406","legal.thomas.anderson406@nordiclogistics.se","Hola Thomas, un gusto conectar. Veo tu liderazgo como General Counsel - Commercial Real Estate & Leases en Desarrollos Comerciales Latam. En Audiflowai desarrollamos un motor de IA determinista para auditar contratos y detectar pasivos ocultos en 40s antes de firma o cierre contable. Saludos!","Estimado/a Thomas,

Un gusto saludarte. Te contacto porque en empresas del sector de Desarrollos Comerciales Latam, el mayor dolor que vemos en auditorías no son los números del balance, sino las contingencias ocultas en contratos con proveedores (penalizaciones no registradas, cláusulas de rescisión asimétricas y sobrecostos).

En Audiflowai (https://audiflowai.com) creamos una infraestructura que cruza contratos contra balances en 40 segundos con rigor forense (cero alucinaciones y 100% en memoria volátil sin guardar datos en disco).

¿Te gustaría que te enviemos un análisis de prueba sin costo sobre 1 contrato modelo para que lo evalúes con tu equipo?

Saludos cordiales,
Equipo Audiflowai
soporte@audiflowai.com","Hola Thomas, espero que estés teniendo una excelente semana.

Te comparto un dato rápido: el 68% de las contingencias en procesos de Due Diligence provienen de cláusulas pasadas por alto. 

Habilitamos un acceso de cortesía para escanear 1 contrato completo sin tarjeta ni registro previo aquí: https://audiflowai.com

Quedo atento a tus comentarios si deseas probarlo."
407,"Mauricio","Herrera","Logistica Inmobiliaria del Pacifico","Director Legal & Arrendamientos Corporativos","https://www.linkedin.com/in/mauricio-herrera-realestate-407","legal.mauricio.herrera407@lombardcapital.ch","Hola Mauricio, un gusto conectar. Veo tu liderazgo como Director Legal & Arrendamientos Corporativos en Logistica Inmobiliaria del Pacifico. En Audiflowai desarrollamos un motor de IA determinista para auditar contratos y detectar pasivos ocultos en 40s antes de firma o cierre contable. Saludos!","Estimado/a Mauricio,

Un gusto saludarte. Te contacto porque en empresas del sector de Logistica Inmobiliaria del Pacifico, el mayor dolor que vemos en auditorías no son los números del balance, sino las contingencias ocultas en contratos con proveedores (penalizaciones no registradas, cláusulas de rescisión asimétricas y sobrecostos).

En Audiflowai (https://audiflowai.com) creamos una infraestructura que cruza contratos contra balances en 40 segundos con rigor forense (cero alucinaciones y 100% en memoria volátil sin guardar datos en disco).

¿Te gustaría que te enviemos un análisis de prueba sin costo sobre 1 contrato modelo para que lo evalúes con tu equipo?

Saludos cordiales,
Equipo Audiflowai
soporte@audiflowai.com","Hola Mauricio, espero que estés teniendo una excelente semana.

Te comparto un dato rápido: el 68% de las contingencias en procesos de Due Diligence provienen de cláusulas pasadas por alto. 

Habilitamos un acceso de cortesía para escanear 1 contrato completo sin tarjeta ni registro previo aquí: https://audiflowai.com

Quedo atento a tus comentarios si deseas probarlo."
408,"Alexander","Hoffmann","Manhattan Asset Management","General Counsel - Commercial Real Estate & Leases","https://www.linkedin.com/in/alexander-hoffmann-realestate-408","legal.alexander.hoffmann408@vargasretail.co","Hola Alexander, un gusto conectar. Veo tu liderazgo como General Counsel - Commercial Real Estate & Leases en Manhattan Asset Management. En Audiflowai desarrollamos un motor de IA determinista para auditar contratos y detectar pasivos ocultos en 40s antes de firma o cierre contable. Saludos!","Estimado/a Alexander,

Un gusto saludarte. Te contacto porque en empresas del sector de Manhattan Asset Management, el mayor dolor que vemos en auditorías no son los números del balance, sino las contingencias ocultas en contratos con proveedores (penalizaciones no registradas, cláusulas de rescisión asimétricas y sobrecostos).

En Audiflowai (https://audiflowai.com) creamos una infraestructura que cruza contratos contra balances en 40 segundos con rigor forense (cero alucinaciones y 100% en memoria volátil sin guardar datos en disco).

¿Te gustaría que te enviemos un análisis de prueba sin costo sobre 1 contrato modelo para que lo evalúes con tu equipo?

Saludos cordiales,
Equipo Audiflowai
soporte@audiflowai.com","Hola Alexander, espero que estés teniendo una excelente semana.

Te comparto un dato rápido: el 68% de las contingencias en procesos de Due Diligence provienen de cláusulas pasadas por alto. 

Habilitamos un acceso de cortesía para escanear 1 contrato completo sin tarjeta ni registro previo aquí: https://audiflowai.com

Quedo atento a tus comentarios si deseas probarlo."
409,"Sofia","Silva","Zurich Property Partners","Director Legal & Arrendamientos Corporativos","https://www.linkedin.com/in/sofia-silva-realestate-409","legal.sofia.silva409@herreratrade.pa","Hola Sofia, un gusto conectar. Veo tu liderazgo como Director Legal & Arrendamientos Corporativos en Zurich Property Partners. En Audiflowai desarrollamos un motor de IA determinista para auditar contratos y detectar pasivos ocultos en 40s antes de firma o cierre contable. Saludos!","Estimado/a Sofia,

Un gusto saludarte. Te contacto porque en empresas del sector de Zurich Property Partners, el mayor dolor que vemos en auditorías no son los números del balance, sino las contingencias ocultas en contratos con proveedores (penalizaciones no registradas, cláusulas de rescisión asimétricas y sobrecostos).

En Audiflowai (https://audiflowai.com) creamos una infraestructura que cruza contratos contra balances en 40 segundos con rigor forense (cero alucinaciones y 100% en memoria volátil sin guardar datos en disco).

¿Te gustaría que te enviemos un análisis de prueba sin costo sobre 1 contrato modelo para que lo evalúes con tu equipo?

Saludos cordiales,
Equipo Audiflowai
soporte@audiflowai.com","Hola Sofia, espero que estés teniendo una excelente semana.

Te comparto un dato rápido: el 68% de las contingencias en procesos de Due Diligence provienen de cláusulas pasadas por alto. 

Habilitamos un acceso de cortesía para escanear 1 contrato completo sin tarjeta ni registro previo aquí: https://audiflowai.com

Quedo atento a tus comentarios si deseas probarlo."
410,"Henry","Moore","Inmobiliaria Corporativa Central","General Counsel - Commercial Real Estate & Leases","https://www.linkedin.com/in/henry-moore-realestate-410","legal.henry.moore410@fuentesindustries.gt","Hola Henry, un gusto conectar. Veo tu liderazgo como General Counsel - Commercial Real Estate & Leases en Inmobiliaria Corporativa Central. En Audiflowai desarrollamos un motor de IA determinista para auditar contratos y detectar pasivos ocultos en 40s antes de firma o cierre contable. Saludos!","Estimado/a Henry,

Un gusto saludarte. Te contacto porque en empresas del sector de Inmobiliaria Corporativa Central, el mayor dolor que vemos en auditorías no son los números del balance, sino las contingencias ocultas en contratos con proveedores (penalizaciones no registradas, cláusulas de rescisión asimétricas y sobrecostos).

En Audiflowai (https://audiflowai.com) creamos una infraestructura que cruza contratos contra balances en 40 segundos con rigor forense (cero alucinaciones y 100% en memoria volátil sin guardar datos en disco).

¿Te gustaría que te enviemos un análisis de prueba sin costo sobre 1 contrato modelo para que lo evalúes con tu equipo?

Saludos cordiales,
Equipo Audiflowai
soporte@audiflowai.com","Hola Henry, espero que estés teniendo una excelente semana.

Te comparto un dato rápido: el 68% de las contingencias en procesos de Due Diligence provienen de cláusulas pasadas por alto. 

Habilitamos un acceso de cortesía para escanear 1 contrato completo sin tarjeta ni registro previo aquí: https://audiflowai.com

Quedo atento a tus comentarios si deseas probarlo."
411,"Victoria","Jimenez","Desarrollos Comerciales Latam","Director Legal & Arrendamientos Corporativos","https://www.linkedin.com/in/victoria-jimenez-realestate-411","legal.victoria.jimenez411@delgadogroup.cl","Hola Victoria, un gusto conectar. Veo tu liderazgo como Director Legal & Arrendamientos Corporativos en Desarrollos Comerciales Latam. En Audiflowai desarrollamos un motor de IA determinista para auditar contratos y detectar pasivos ocultos en 40s antes de firma o cierre contable. Saludos!","Estimado/a Victoria,

Un gusto saludarte. Te contacto porque en empresas del sector de Desarrollos Comerciales Latam, el mayor dolor que vemos en auditorías no son los números del balance, sino las contingencias ocultas en contratos con proveedores (penalizaciones no registradas, cláusulas de rescisión asimétricas y sobrecostos).

En Audiflowai (https://audiflowai.com) creamos una infraestructura que cruza contratos contra balances en 40 segundos con rigor forense (cero alucinaciones y 100% en memoria volátil sin guardar datos en disco).

¿Te gustaría que te enviemos un análisis de prueba sin costo sobre 1 contrato modelo para que lo evalúes con tu equipo?

Saludos cordiales,
Equipo Audiflowai
soporte@audiflowai.com","Hola Victoria, espero que estés teniendo una excelente semana.

Te comparto un dato rápido: el 68% de las contingencias en procesos de Due Diligence provienen de cláusulas pasadas por alto. 

Habilitamos un acceso de cortesía para escanear 1 contrato completo sin tarjeta ni registro previo aquí: https://audiflowai.com

Quedo atento a tus comentarios si deseas probarlo."
412,"Thomas","Jensen","Logistica Inmobiliaria del Pacifico","General Counsel - Commercial Real Estate & Leases","https://www.linkedin.com/in/thomas-jensen-realestate-412","legal.thomas.jensen412@bermudezcapital.mx","Hola Thomas, un gusto conectar. Veo tu liderazgo como General Counsel - Commercial Real Estate & Leases en Logistica Inmobiliaria del Pacifico. En Audiflowai desarrollamos un motor de IA determinista para auditar contratos y detectar pasivos ocultos en 40s antes de firma o cierre contable. Saludos!","Estimado/a Thomas,

Un gusto saludarte. Te contacto porque en empresas del sector de Logistica Inmobiliaria del Pacifico, el mayor dolor que vemos en auditorías no son los números del balance, sino las contingencias ocultas en contratos con proveedores (penalizaciones no registradas, cláusulas de rescisión asimétricas y sobrecostos).

En Audiflowai (https://audiflowai.com) creamos una infraestructura que cruza contratos contra balances en 40 segundos con rigor forense (cero alucinaciones y 100% en memoria volátil sin guardar datos en disco).

¿Te gustaría que te enviemos un análisis de prueba sin costo sobre 1 contrato modelo para que lo evalúes con tu equipo?

Saludos cordiales,
Equipo Audiflowai
soporte@audiflowai.com","Hola Thomas, espero que estés teniendo una excelente semana.

Te comparto un dato rápido: el 68% de las contingencias en procesos de Due Diligence provienen de cláusulas pasadas por alto. 

Habilitamos un acceso de cortesía para escanear 1 contrato completo sin tarjeta ni registro previo aquí: https://audiflowai.com

Quedo atento a tus comentarios si deseas probarlo."
413,"Mauricio","Vargas","Manhattan Asset Management","Director Legal & Arrendamientos Corporativos","https://www.linkedin.com/in/mauricio-vargas-realestate-413","legal.mauricio.vargas413@finanzeprova.it","Hola Mauricio, un gusto conectar. Veo tu liderazgo como Director Legal & Arrendamientos Corporativos en Manhattan Asset Management. En Audiflowai desarrollamos un motor de IA determinista para auditar contratos y detectar pasivos ocultos en 40s antes de firma o cierre contable. Saludos!","Estimado/a Mauricio,

Un gusto saludarte. Te contacto porque en empresas del sector de Manhattan Asset Management, el mayor dolor que vemos en auditorías no son los números del balance, sino las contingencias ocultas en contratos con proveedores (penalizaciones no registradas, cláusulas de rescisión asimétricas y sobrecostos).

En Audiflowai (https://audiflowai.com) creamos una infraestructura que cruza contratos contra balances en 40 segundos con rigor forense (cero alucinaciones y 100% en memoria volátil sin guardar datos en disco).

¿Te gustaría que te enviemos un análisis de prueba sin costo sobre 1 contrato modelo para que lo evalúes con tu equipo?

Saludos cordiales,
Equipo Audiflowai
soporte@audiflowai.com","Hola Mauricio, espero que estés teniendo una excelente semana.

Te comparto un dato rápido: el 68% de las contingencias en procesos de Due Diligence provienen de cláusulas pasadas por alto. 

Habilitamos un acceso de cortesía para escanear 1 contrato completo sin tarjeta ni registro previo aquí: https://audiflowai.com

Quedo atento a tus comentarios si deseas probarlo."
414,"Alexander","Martin","Zurich Property Partners","General Counsel - Commercial Real Estate & Leases","https://www.linkedin.com/in/alexander-martin-realestate-414","legal.alexander.martin414@vertextrading.de","Hola Alexander, un gusto conectar. Veo tu liderazgo como General Counsel - Commercial Real Estate & Leases en Zurich Property Partners. En Audiflowai desarrollamos un motor de IA determinista para auditar contratos y detectar pasivos ocultos en 40s antes de firma o cierre contable. Saludos!","Estimado/a Alexander,

Un gusto saludarte. Te contacto porque en empresas del sector de Zurich Property Partners, el mayor dolor que vemos en auditorías no son los números del balance, sino las contingencias ocultas en contratos con proveedores (penalizaciones no registradas, cláusulas de rescisión asimétricas y sobrecostos).

En Audiflowai (https://audiflowai.com) creamos una infraestructura que cruza contratos contra balances en 40 segundos con rigor forense (cero alucinaciones y 100% en memoria volátil sin guardar datos en disco).

¿Te gustaría que te enviemos un análisis de prueba sin costo sobre 1 contrato modelo para que lo evalúes con tu equipo?

Saludos cordiales,
Equipo Audiflowai
soporte@audiflowai.com","Hola Alexander, espero que estés teniendo una excelente semana.

Te comparto un dato rápido: el 68% de las contingencias en procesos de Due Diligence provienen de cláusulas pasadas por alto. 

Habilitamos un acceso de cortesía para escanear 1 contrato completo sin tarjeta ni registro previo aquí: https://audiflowai.com

Quedo atento a tus comentarios si deseas probarlo."
415,"Sofia","Montero","Inmobiliaria Corporativa Central","Director Legal & Arrendamientos Corporativos","https://www.linkedin.com/in/sofia-montero-realestate-415","legal.sofia.montero415@apexglobal.co.uk","Hola Sofia, un gusto conectar. Veo tu liderazgo como Director Legal & Arrendamientos Corporativos en Inmobiliaria Corporativa Central. En Audiflowai desarrollamos un motor de IA determinista para auditar contratos y detectar pasivos ocultos en 40s antes de firma o cierre contable. Saludos!","Estimado/a Sofia,

Un gusto saludarte. Te contacto porque en empresas del sector de Inmobiliaria Corporativa Central, el mayor dolor que vemos en auditorías no son los números del balance, sino las contingencias ocultas en contratos con proveedores (penalizaciones no registradas, cláusulas de rescisión asimétricas y sobrecostos).

En Audiflowai (https://audiflowai.com) creamos una infraestructura que cruza contratos contra balances en 40 segundos con rigor forense (cero alucinaciones y 100% en memoria volátil sin guardar datos en disco).

¿Te gustaría que te enviemos un análisis de prueba sin costo sobre 1 contrato modelo para que lo evalúes con tu equipo?

Saludos cordiales,
Equipo Audiflowai
soporte@audiflowai.com","Hola Sofia, espero que estés teniendo una excelente semana.

Te comparto un dato rápido: el 68% de las contingencias en procesos de Due Diligence provienen de cláusulas pasadas por alto. 

Habilitamos un acceso de cortesía para escanear 1 contrato completo sin tarjeta ni registro previo aquí: https://audiflowai.com

Quedo atento a tus comentarios si deseas probarlo."
416,"Henry","Berg","Desarrollos Comerciales Latam","General Counsel - Commercial Real Estate & Leases","https://www.linkedin.com/in/henry-berg-realestate-416","legal.henry.berg416@mendozacorp.sv","Hola Henry, un gusto conectar. Veo tu liderazgo como General Counsel - Commercial Real Estate & Leases en Desarrollos Comerciales Latam. En Audiflowai desarrollamos un motor de IA determinista para auditar contratos y detectar pasivos ocultos en 40s antes de firma o cierre contable. Saludos!","Estimado/a Henry,

Un gusto saludarte. Te contacto porque en empresas del sector de Desarrollos Comerciales Latam, el mayor dolor que vemos en auditorías no son los números del balance, sino las contingencias ocultas en contratos con proveedores (penalizaciones no registradas, cláusulas de rescisión asimétricas y sobrecostos).

En Audiflowai (https://audiflowai.com) creamos una infraestructura que cruza contratos contra balances en 40 segundos con rigor forense (cero alucinaciones y 100% en memoria volátil sin guardar datos en disco).

¿Te gustaría que te enviemos un análisis de prueba sin costo sobre 1 contrato modelo para que lo evalúes con tu equipo?

Saludos cordiales,
Equipo Audiflowai
soporte@audiflowai.com","Hola Henry, espero que estés teniendo una excelente semana.

Te comparto un dato rápido: el 68% de las contingencias en procesos de Due Diligence provienen de cláusulas pasadas por alto. 

Habilitamos un acceso de cortesía para escanear 1 contrato completo sin tarjeta ni registro previo aquí: https://audiflowai.com

Quedo atento a tus comentarios si deseas probarlo."
417,"Victoria","Castillo","Logistica Inmobiliaria del Pacifico","Director Legal & Arrendamientos Corporativos","https://www.linkedin.com/in/victoria-castillo-realestate-417","legal.victoria.castillo417@guzmanpartners.cr","Hola Victoria, un gusto conectar. Veo tu liderazgo como Director Legal & Arrendamientos Corporativos en Logistica Inmobiliaria del Pacifico. En Audiflowai desarrollamos un motor de IA determinista para auditar contratos y detectar pasivos ocultos en 40s antes de firma o cierre contable. Saludos!","Estimado/a Victoria,

Un gusto saludarte. Te contacto porque en empresas del sector de Logistica Inmobiliaria del Pacifico, el mayor dolor que vemos en auditorías no son los números del balance, sino las contingencias ocultas en contratos con proveedores (penalizaciones no registradas, cláusulas de rescisión asimétricas y sobrecostos).

En Audiflowai (https://audiflowai.com) creamos una infraestructura que cruza contratos contra balances en 40 segundos con rigor forense (cero alucinaciones y 100% en memoria volátil sin guardar datos en disco).

¿Te gustaría que te enviemos un análisis de prueba sin costo sobre 1 contrato modelo para que lo evalúes con tu equipo?

Saludos cordiales,
Equipo Audiflowai
soporte@audiflowai.com","Hola Victoria, espero que estés teniendo una excelente semana.

Te comparto un dato rápido: el 68% de las contingencias en procesos de Due Diligence provienen de cláusulas pasadas por alto. 

Habilitamos un acceso de cortesía para escanear 1 contrato completo sin tarjeta ni registro previo aquí: https://audiflowai.com

Quedo atento a tus comentarios si deseas probarlo."
418,"Thomas","Walker","Manhattan Asset Management","General Counsel - Commercial Real Estate & Leases","https://www.linkedin.com/in/thomas-walker-realestate-418","legal.thomas.walker418@escobarenterprise.pe","Hola Thomas, un gusto conectar. Veo tu liderazgo como General Counsel - Commercial Real Estate & Leases en Manhattan Asset Management. En Audiflowai desarrollamos un motor de IA determinista para auditar contratos y detectar pasivos ocultos en 40s antes de firma o cierre contable. Saludos!","Estimado/a Thomas,

Un gusto saludarte. Te contacto porque en empresas del sector de Manhattan Asset Management, el mayor dolor que vemos en auditorías no son los números del balance, sino las contingencias ocultas en contratos con proveedores (penalizaciones no registradas, cláusulas de rescisión asimétricas y sobrecostos).

En Audiflowai (https://audiflowai.com) creamos una infraestructura que cruza contratos contra balances en 40 segundos con rigor forense (cero alucinaciones y 100% en memoria volátil sin guardar datos en disco).

¿Te gustaría que te enviemos un análisis de prueba sin costo sobre 1 contrato modelo para que lo evalúes con tu equipo?

Saludos cordiales,
Equipo Audiflowai
soporte@audiflowai.com","Hola Thomas, espero que estés teniendo una excelente semana.

Te comparto un dato rápido: el 68% de las contingencias en procesos de Due Diligence provienen de cláusulas pasadas por alto. 

Habilitamos un acceso de cortesía para escanear 1 contrato completo sin tarjeta ni registro previo aquí: https://audiflowai.com

Quedo atento a tus comentarios si deseas probarlo."
419,"Mauricio","Orellana","Zurich Property Partners","Director Legal & Arrendamientos Corporativos","https://www.linkedin.com/in/mauricio-orellana-realestate-419","legal.mauricio.orellana419@cisneroslogistics.co","Hola Mauricio, un gusto conectar. Veo tu liderazgo como Director Legal & Arrendamientos Corporativos en Zurich Property Partners. En Audiflowai desarrollamos un motor de IA determinista para auditar contratos y detectar pasivos ocultos en 40s antes de firma o cierre contable. Saludos!","Estimado/a Mauricio,

Un gusto saludarte. Te contacto porque en empresas del sector de Zurich Property Partners, el mayor dolor que vemos en auditorías no son los números del balance, sino las contingencias ocultas en contratos con proveedores (penalizaciones no registradas, cláusulas de rescisión asimétricas y sobrecostos).

En Audiflowai (https://audiflowai.com) creamos una infraestructura que cruza contratos contra balances en 40 segundos con rigor forense (cero alucinaciones y 100% en memoria volátil sin guardar datos en disco).

¿Te gustaría que te enviemos un análisis de prueba sin costo sobre 1 contrato modelo para que lo evalúes con tu equipo?

Saludos cordiales,
Equipo Audiflowai
soporte@audiflowai.com","Hola Mauricio, espero que estés teniendo una excelente semana.

Te comparto un dato rápido: el 68% de las contingencias en procesos de Due Diligence provienen de cláusulas pasadas por alto. 

Habilitamos un acceso de cortesía para escanear 1 contrato completo sin tarjeta ni registro previo aquí: https://audiflowai.com

Quedo atento a tus comentarios si deseas probarlo."
420,"Alexander","Smith","Inmobiliaria Corporativa Central","General Counsel - Commercial Real Estate & Leases","https://www.linkedin.com/in/alexander-smith-realestate-420","legal.alexander.smith420@alvaradoholdings.sv","Hola Alexander, un gusto conectar. Veo tu liderazgo como General Counsel - Commercial Real Estate & Leases en Inmobiliaria Corporativa Central. En Audiflowai desarrollamos un motor de IA determinista para auditar contratos y detectar pasivos ocultos en 40s antes de firma o cierre contable. Saludos!","Estimado/a Alexander,

Un gusto saludarte. Te contacto porque en empresas del sector de Inmobiliaria Corporativa Central, el mayor dolor que vemos en auditorías no son los números del balance, sino las contingencias ocultas en contratos con proveedores (penalizaciones no registradas, cláusulas de rescisión asimétricas y sobrecostos).

En Audiflowai (https://audiflowai.com) creamos una infraestructura que cruza contratos contra balances en 40 segundos con rigor forense (cero alucinaciones y 100% en memoria volátil sin guardar datos en disco).

¿Te gustaría que te enviemos un análisis de prueba sin costo sobre 1 contrato modelo para que lo evalúes con tu equipo?

Saludos cordiales,
Equipo Audiflowai
soporte@audiflowai.com","Hola Alexander, espero que estés teniendo una excelente semana.

Te comparto un dato rápido: el 68% de las contingencias en procesos de Due Diligence provienen de cláusulas pasadas por alto. 

Habilitamos un acceso de cortesía para escanear 1 contrato completo sin tarjeta ni registro previo aquí: https://audiflowai.com

Quedo atento a tus comentarios si deseas probarlo."
421,"Sofia","Rios","Desarrollos Comerciales Latam","Director Legal & Arrendamientos Corporativos","https://www.linkedin.com/in/sofia-rios-realestate-421","legal.sofia.rios421@nordiclogistics.se","Hola Sofia, un gusto conectar. Veo tu liderazgo como Director Legal & Arrendamientos Corporativos en Desarrollos Comerciales Latam. En Audiflowai desarrollamos un motor de IA determinista para auditar contratos y detectar pasivos ocultos en 40s antes de firma o cierre contable. Saludos!","Estimado/a Sofia,

Un gusto saludarte. Te contacto porque en empresas del sector de Desarrollos Comerciales Latam, el mayor dolor que vemos en auditorías no son los números del balance, sino las contingencias ocultas en contratos con proveedores (penalizaciones no registradas, cláusulas de rescisión asimétricas y sobrecostos).

En Audiflowai (https://audiflowai.com) creamos una infraestructura que cruza contratos contra balances en 40 segundos con rigor forense (cero alucinaciones y 100% en memoria volátil sin guardar datos en disco).

¿Te gustaría que te enviemos un análisis de prueba sin costo sobre 1 contrato modelo para que lo evalúes con tu equipo?

Saludos cordiales,
Equipo Audiflowai
soporte@audiflowai.com","Hola Sofia, espero que estés teniendo una excelente semana.

Te comparto un dato rápido: el 68% de las contingencias en procesos de Due Diligence provienen de cláusulas pasadas por alto. 

Habilitamos un acceso de cortesía para escanear 1 contrato completo sin tarjeta ni registro previo aquí: https://audiflowai.com

Quedo atento a tus comentarios si deseas probarlo."
422,"Henry","Schmidt","Logistica Inmobiliaria del Pacifico","General Counsel - Commercial Real Estate & Leases","https://www.linkedin.com/in/henry-schmidt-realestate-422","legal.henry.schmidt422@lombardcapital.ch","Hola Henry, un gusto conectar. Veo tu liderazgo como General Counsel - Commercial Real Estate & Leases en Logistica Inmobiliaria del Pacifico. En Audiflowai desarrollamos un motor de IA determinista para auditar contratos y detectar pasivos ocultos en 40s antes de firma o cierre contable. Saludos!","Estimado/a Henry,

Un gusto saludarte. Te contacto porque en empresas del sector de Logistica Inmobiliaria del Pacifico, el mayor dolor que vemos en auditorías no son los números del balance, sino las contingencias ocultas en contratos con proveedores (penalizaciones no registradas, cláusulas de rescisión asimétricas y sobrecostos).

En Audiflowai (https://audiflowai.com) creamos una infraestructura que cruza contratos contra balances en 40 segundos con rigor forense (cero alucinaciones y 100% en memoria volátil sin guardar datos en disco).

¿Te gustaría que te enviemos un análisis de prueba sin costo sobre 1 contrato modelo para que lo evalúes con tu equipo?

Saludos cordiales,
Equipo Audiflowai
soporte@audiflowai.com","Hola Henry, espero que estés teniendo una excelente semana.

Te comparto un dato rápido: el 68% de las contingencias en procesos de Due Diligence provienen de cláusulas pasadas por alto. 

Habilitamos un acceso de cortesía para escanear 1 contrato completo sin tarjeta ni registro previo aquí: https://audiflowai.com

Quedo atento a tus comentarios si deseas probarlo."
423,"Victoria","Quezada","Manhattan Asset Management","Director Legal & Arrendamientos Corporativos","https://www.linkedin.com/in/victoria-quezada-realestate-423","legal.victoria.quezada423@vargasretail.co","Hola Victoria, un gusto conectar. Veo tu liderazgo como Director Legal & Arrendamientos Corporativos en Manhattan Asset Management. En Audiflowai desarrollamos un motor de IA determinista para auditar contratos y detectar pasivos ocultos en 40s antes de firma o cierre contable. Saludos!","Estimado/a Victoria,

Un gusto saludarte. Te contacto porque en empresas del sector de Manhattan Asset Management, el mayor dolor que vemos en auditorías no son los números del balance, sino las contingencias ocultas en contratos con proveedores (penalizaciones no registradas, cláusulas de rescisión asimétricas y sobrecostos).

En Audiflowai (https://audiflowai.com) creamos una infraestructura que cruza contratos contra balances en 40 segundos con rigor forense (cero alucinaciones y 100% en memoria volátil sin guardar datos en disco).

¿Te gustaría que te enviemos un análisis de prueba sin costo sobre 1 contrato modelo para que lo evalúes con tu equipo?

Saludos cordiales,
Equipo Audiflowai
soporte@audiflowai.com","Hola Victoria, espero que estés teniendo una excelente semana.

Te comparto un dato rápido: el 68% de las contingencias en procesos de Due Diligence provienen de cláusulas pasadas por alto. 

Habilitamos un acceso de cortesía para escanear 1 contrato completo sin tarjeta ni registro previo aquí: https://audiflowai.com

Quedo atento a tus comentarios si deseas probarlo."
424,"Thomas","Williams","Zurich Property Partners","General Counsel - Commercial Real Estate & Leases","https://www.linkedin.com/in/thomas-williams-realestate-424","legal.thomas.williams424@herreratrade.pa","Hola Thomas, un gusto conectar. Veo tu liderazgo como General Counsel - Commercial Real Estate & Leases en Zurich Property Partners. En Audiflowai desarrollamos un motor de IA determinista para auditar contratos y detectar pasivos ocultos en 40s antes de firma o cierre contable. Saludos!","Estimado/a Thomas,

Un gusto saludarte. Te contacto porque en empresas del sector de Zurich Property Partners, el mayor dolor que vemos en auditorías no son los números del balance, sino las contingencias ocultas en contratos con proveedores (penalizaciones no registradas, cláusulas de rescisión asimétricas y sobrecostos).

En Audiflowai (https://audiflowai.com) creamos una infraestructura que cruza contratos contra balances en 40 segundos con rigor forense (cero alucinaciones y 100% en memoria volátil sin guardar datos en disco).

¿Te gustaría que te enviemos un análisis de prueba sin costo sobre 1 contrato modelo para que lo evalúes con tu equipo?

Saludos cordiales,
Equipo Audiflowai
soporte@audiflowai.com","Hola Thomas, espero que estés teniendo una excelente semana.

Te comparto un dato rápido: el 68% de las contingencias en procesos de Due Diligence provienen de cláusulas pasadas por alto. 

Habilitamos un acceso de cortesía para escanear 1 contrato completo sin tarjeta ni registro previo aquí: https://audiflowai.com

Quedo atento a tus comentarios si deseas probarlo."
425,"Mauricio","Bermudez","Inmobiliaria Corporativa Central","Director Legal & Arrendamientos Corporativos","https://www.linkedin.com/in/mauricio-bermudez-realestate-425","legal.mauricio.bermudez425@fuentesindustries.gt","Hola Mauricio, un gusto conectar. Veo tu liderazgo como Director Legal & Arrendamientos Corporativos en Inmobiliaria Corporativa Central. En Audiflowai desarrollamos un motor de IA determinista para auditar contratos y detectar pasivos ocultos en 40s antes de firma o cierre contable. Saludos!","Estimado/a Mauricio,

Un gusto saludarte. Te contacto porque en empresas del sector de Inmobiliaria Corporativa Central, el mayor dolor que vemos en auditorías no son los números del balance, sino las contingencias ocultas en contratos con proveedores (penalizaciones no registradas, cláusulas de rescisión asimétricas y sobrecostos).

En Audiflowai (https://audiflowai.com) creamos una infraestructura que cruza contratos contra balances en 40 segundos con rigor forense (cero alucinaciones y 100% en memoria volátil sin guardar datos en disco).

¿Te gustaría que te enviemos un análisis de prueba sin costo sobre 1 contrato modelo para que lo evalúes con tu equipo?

Saludos cordiales,
Equipo Audiflowai
soporte@audiflowai.com","Hola Mauricio, espero que estés teniendo una excelente semana.

Te comparto un dato rápido: el 68% de las contingencias en procesos de Due Diligence provienen de cláusulas pasadas por alto. 

Habilitamos un acceso de cortesía para escanear 1 contrato completo sin tarjeta ni registro previo aquí: https://audiflowai.com

Quedo atento a tus comentarios si deseas probarlo."
426,"Alexander","Schneider","Desarrollos Comerciales Latam","General Counsel - Commercial Real Estate & Leases","https://www.linkedin.com/in/alexander-schneider-realestate-426","legal.alexander.schneider426@delgadogroup.cl","Hola Alexander, un gusto conectar. Veo tu liderazgo como General Counsel - Commercial Real Estate & Leases en Desarrollos Comerciales Latam. En Audiflowai desarrollamos un motor de IA determinista para auditar contratos y detectar pasivos ocultos en 40s antes de firma o cierre contable. Saludos!","Estimado/a Alexander,

Un gusto saludarte. Te contacto porque en empresas del sector de Desarrollos Comerciales Latam, el mayor dolor que vemos en auditorías no son los números del balance, sino las contingencias ocultas en contratos con proveedores (penalizaciones no registradas, cláusulas de rescisión asimétricas y sobrecostos).

En Audiflowai (https://audiflowai.com) creamos una infraestructura que cruza contratos contra balances en 40 segundos con rigor forense (cero alucinaciones y 100% en memoria volátil sin guardar datos en disco).

¿Te gustaría que te enviemos un análisis de prueba sin costo sobre 1 contrato modelo para que lo evalúes con tu equipo?

Saludos cordiales,
Equipo Audiflowai
soporte@audiflowai.com","Hola Alexander, espero que estés teniendo una excelente semana.

Te comparto un dato rápido: el 68% de las contingencias en procesos de Due Diligence provienen de cláusulas pasadas por alto. 

Habilitamos un acceso de cortesía para escanear 1 contrato completo sin tarjeta ni registro previo aquí: https://audiflowai.com

Quedo atento a tus comentarios si deseas probarlo."
427,"Sofia","Salazar","Logistica Inmobiliaria del Pacifico","Director Legal & Arrendamientos Corporativos","https://www.linkedin.com/in/sofia-salazar-realestate-427","legal.sofia.salazar427@bermudezcapital.mx","Hola Sofia, un gusto conectar. Veo tu liderazgo como Director Legal & Arrendamientos Corporativos en Logistica Inmobiliaria del Pacifico. En Audiflowai desarrollamos un motor de IA determinista para auditar contratos y detectar pasivos ocultos en 40s antes de firma o cierre contable. Saludos!","Estimado/a Sofia,

Un gusto saludarte. Te contacto porque en empresas del sector de Logistica Inmobiliaria del Pacifico, el mayor dolor que vemos en auditorías no son los números del balance, sino las contingencias ocultas en contratos con proveedores (penalizaciones no registradas, cláusulas de rescisión asimétricas y sobrecostos).

En Audiflowai (https://audiflowai.com) creamos una infraestructura que cruza contratos contra balances en 40 segundos con rigor forense (cero alucinaciones y 100% en memoria volátil sin guardar datos en disco).

¿Te gustaría que te enviemos un análisis de prueba sin costo sobre 1 contrato modelo para que lo evalúes con tu equipo?

Saludos cordiales,
Equipo Audiflowai
soporte@audiflowai.com","Hola Sofia, espero que estés teniendo una excelente semana.

Te comparto un dato rápido: el 68% de las contingencias en procesos de Due Diligence provienen de cláusulas pasadas por alto. 

Habilitamos un acceso de cortesía para escanear 1 contrato completo sin tarjeta ni registro previo aquí: https://audiflowai.com

Quedo atento a tus comentarios si deseas probarlo."
428,"Henry","Jones","Manhattan Asset Management","General Counsel - Commercial Real Estate & Leases","https://www.linkedin.com/in/henry-jones-realestate-428","legal.henry.jones428@finanzeprova.it","Hola Henry, un gusto conectar. Veo tu liderazgo como General Counsel - Commercial Real Estate & Leases en Manhattan Asset Management. En Audiflowai desarrollamos un motor de IA determinista para auditar contratos y detectar pasivos ocultos en 40s antes de firma o cierre contable. Saludos!","Estimado/a Henry,

Un gusto saludarte. Te contacto porque en empresas del sector de Manhattan Asset Management, el mayor dolor que vemos en auditorías no son los números del balance, sino las contingencias ocultas en contratos con proveedores (penalizaciones no registradas, cláusulas de rescisión asimétricas y sobrecostos).

En Audiflowai (https://audiflowai.com) creamos una infraestructura que cruza contratos contra balances en 40 segundos con rigor forense (cero alucinaciones y 100% en memoria volátil sin guardar datos en disco).

¿Te gustaría que te enviemos un análisis de prueba sin costo sobre 1 contrato modelo para que lo evalúes con tu equipo?

Saludos cordiales,
Equipo Audiflowai
soporte@audiflowai.com","Hola Henry, espero que estés teniendo una excelente semana.

Te comparto un dato rápido: el 68% de las contingencias en procesos de Due Diligence provienen de cláusulas pasadas por alto. 

Habilitamos un acceso de cortesía para escanear 1 contrato completo sin tarjeta ni registro previo aquí: https://audiflowai.com

Quedo atento a tus comentarios si deseas probarlo."
429,"Victoria","Delgado","Zurich Property Partners","Director Legal & Arrendamientos Corporativos","https://www.linkedin.com/in/victoria-delgado-realestate-429","legal.victoria.delgado429@vertextrading.de","Hola Victoria, un gusto conectar. Veo tu liderazgo como Director Legal & Arrendamientos Corporativos en Zurich Property Partners. En Audiflowai desarrollamos un motor de IA determinista para auditar contratos y detectar pasivos ocultos en 40s antes de firma o cierre contable. Saludos!","Estimado/a Victoria,

Un gusto saludarte. Te contacto porque en empresas del sector de Zurich Property Partners, el mayor dolor que vemos en auditorías no son los números del balance, sino las contingencias ocultas en contratos con proveedores (penalizaciones no registradas, cláusulas de rescisión asimétricas y sobrecostos).

En Audiflowai (https://audiflowai.com) creamos una infraestructura que cruza contratos contra balances en 40 segundos con rigor forense (cero alucinaciones y 100% en memoria volátil sin guardar datos en disco).

¿Te gustaría que te enviemos un análisis de prueba sin costo sobre 1 contrato modelo para que lo evalúes con tu equipo?

Saludos cordiales,
Equipo Audiflowai
soporte@audiflowai.com","Hola Victoria, espero que estés teniendo una excelente semana.

Te comparto un dato rápido: el 68% de las contingencias en procesos de Due Diligence provienen de cláusulas pasadas por alto. 

Habilitamos un acceso de cortesía para escanear 1 contrato completo sin tarjeta ni registro previo aquí: https://audiflowai.com

Quedo atento a tus comentarios si deseas probarlo."
430,"Thomas","Weber","Inmobiliaria Corporativa Central","General Counsel - Commercial Real Estate & Leases","https://www.linkedin.com/in/thomas-weber-realestate-430","legal.thomas.weber430@apexglobal.co.uk","Hola Thomas, un gusto conectar. Veo tu liderazgo como General Counsel - Commercial Real Estate & Leases en Inmobiliaria Corporativa Central. En Audiflowai desarrollamos un motor de IA determinista para auditar contratos y detectar pasivos ocultos en 40s antes de firma o cierre contable. Saludos!","Estimado/a Thomas,

Un gusto saludarte. Te contacto porque en empresas del sector de Inmobiliaria Corporativa Central, el mayor dolor que vemos en auditorías no son los números del balance, sino las contingencias ocultas en contratos con proveedores (penalizaciones no registradas, cláusulas de rescisión asimétricas y sobrecostos).

En Audiflowai (https://audiflowai.com) creamos una infraestructura que cruza contratos contra balances en 40 segundos con rigor forense (cero alucinaciones y 100% en memoria volátil sin guardar datos en disco).

¿Te gustaría que te enviemos un análisis de prueba sin costo sobre 1 contrato modelo para que lo evalúes con tu equipo?

Saludos cordiales,
Equipo Audiflowai
soporte@audiflowai.com","Hola Thomas, espero que estés teniendo una excelente semana.

Te comparto un dato rápido: el 68% de las contingencias en procesos de Due Diligence provienen de cláusulas pasadas por alto. 

Habilitamos un acceso de cortesía para escanear 1 contrato completo sin tarjeta ni registro previo aquí: https://audiflowai.com

Quedo atento a tus comentarios si deseas probarlo."
431,"Mauricio","Urrutia","Desarrollos Comerciales Latam","Director Legal & Arrendamientos Corporativos","https://www.linkedin.com/in/mauricio-urrutia-realestate-431","legal.mauricio.urrutia431@mendozacorp.sv","Hola Mauricio, un gusto conectar. Veo tu liderazgo como Director Legal & Arrendamientos Corporativos en Desarrollos Comerciales Latam. En Audiflowai desarrollamos un motor de IA determinista para auditar contratos y detectar pasivos ocultos en 40s antes de firma o cierre contable. Saludos!","Estimado/a Mauricio,

Un gusto saludarte. Te contacto porque en empresas del sector de Desarrollos Comerciales Latam, el mayor dolor que vemos en auditorías no son los números del balance, sino las contingencias ocultas en contratos con proveedores (penalizaciones no registradas, cláusulas de rescisión asimétricas y sobrecostos).

En Audiflowai (https://audiflowai.com) creamos una infraestructura que cruza contratos contra balances en 40 segundos con rigor forense (cero alucinaciones y 100% en memoria volátil sin guardar datos en disco).

¿Te gustaría que te enviemos un análisis de prueba sin costo sobre 1 contrato modelo para que lo evalúes con tu equipo?

Saludos cordiales,
Equipo Audiflowai
soporte@audiflowai.com","Hola Mauricio, espero que estés teniendo una excelente semana.

Te comparto un dato rápido: el 68% de las contingencias en procesos de Due Diligence provienen de cláusulas pasadas por alto. 

Habilitamos un acceso de cortesía para escanear 1 contrato completo sin tarjeta ni registro previo aquí: https://audiflowai.com

Quedo atento a tus comentarios si deseas probarlo."
432,"Alexander","Davis","Logistica Inmobiliaria del Pacifico","General Counsel - Commercial Real Estate & Leases","https://www.linkedin.com/in/alexander-davis-realestate-432","legal.alexander.davis432@guzmanpartners.cr","Hola Alexander, un gusto conectar. Veo tu liderazgo como General Counsel - Commercial Real Estate & Leases en Logistica Inmobiliaria del Pacifico. En Audiflowai desarrollamos un motor de IA determinista para auditar contratos y detectar pasivos ocultos en 40s antes de firma o cierre contable. Saludos!","Estimado/a Alexander,

Un gusto saludarte. Te contacto porque en empresas del sector de Logistica Inmobiliaria del Pacifico, el mayor dolor que vemos en auditorías no son los números del balance, sino las contingencias ocultas en contratos con proveedores (penalizaciones no registradas, cláusulas de rescisión asimétricas y sobrecostos).

En Audiflowai (https://audiflowai.com) creamos una infraestructura que cruza contratos contra balances en 40 segundos con rigor forense (cero alucinaciones y 100% en memoria volátil sin guardar datos en disco).

¿Te gustaría que te enviemos un análisis de prueba sin costo sobre 1 contrato modelo para que lo evalúes con tu equipo?

Saludos cordiales,
Equipo Audiflowai
soporte@audiflowai.com","Hola Alexander, espero que estés teniendo una excelente semana.

Te comparto un dato rápido: el 68% de las contingencias en procesos de Due Diligence provienen de cláusulas pasadas por alto. 

Habilitamos un acceso de cortesía para escanear 1 contrato completo sin tarjeta ni registro previo aquí: https://audiflowai.com

Quedo atento a tus comentarios si deseas probarlo."
433,"Sofia","Fuentes","Manhattan Asset Management","Director Legal & Arrendamientos Corporativos","https://www.linkedin.com/in/sofia-fuentes-realestate-433","legal.sofia.fuentes433@escobarenterprise.pe","Hola Sofia, un gusto conectar. Veo tu liderazgo como Director Legal & Arrendamientos Corporativos en Manhattan Asset Management. En Audiflowai desarrollamos un motor de IA determinista para auditar contratos y detectar pasivos ocultos en 40s antes de firma o cierre contable. Saludos!","Estimado/a Sofia,

Un gusto saludarte. Te contacto porque en empresas del sector de Manhattan Asset Management, el mayor dolor que vemos en auditorías no son los números del balance, sino las contingencias ocultas en contratos con proveedores (penalizaciones no registradas, cláusulas de rescisión asimétricas y sobrecostos).

En Audiflowai (https://audiflowai.com) creamos una infraestructura que cruza contratos contra balances en 40 segundos con rigor forense (cero alucinaciones y 100% en memoria volátil sin guardar datos en disco).

¿Te gustaría que te enviemos un análisis de prueba sin costo sobre 1 contrato modelo para que lo evalúes con tu equipo?

Saludos cordiales,
Equipo Audiflowai
soporte@audiflowai.com","Hola Sofia, espero que estés teniendo una excelente semana.

Te comparto un dato rápido: el 68% de las contingencias en procesos de Due Diligence provienen de cláusulas pasadas por alto. 

Habilitamos un acceso de cortesía para escanear 1 contrato completo sin tarjeta ni registro previo aquí: https://audiflowai.com

Quedo atento a tus comentarios si deseas probarlo."
434,"Henry","Wagner","Zurich Property Partners","General Counsel - Commercial Real Estate & Leases","https://www.linkedin.com/in/henry-wagner-realestate-434","legal.henry.wagner434@cisneroslogistics.co","Hola Henry, un gusto conectar. Veo tu liderazgo como General Counsel - Commercial Real Estate & Leases en Zurich Property Partners. En Audiflowai desarrollamos un motor de IA determinista para auditar contratos y detectar pasivos ocultos en 40s antes de firma o cierre contable. Saludos!","Estimado/a Henry,

Un gusto saludarte. Te contacto porque en empresas del sector de Zurich Property Partners, el mayor dolor que vemos en auditorías no son los números del balance, sino las contingencias ocultas en contratos con proveedores (penalizaciones no registradas, cláusulas de rescisión asimétricas y sobrecostos).

En Audiflowai (https://audiflowai.com) creamos una infraestructura que cruza contratos contra balances en 40 segundos con rigor forense (cero alucinaciones y 100% en memoria volátil sin guardar datos en disco).

¿Te gustaría que te enviemos un análisis de prueba sin costo sobre 1 contrato modelo para que lo evalúes con tu equipo?

Saludos cordiales,
Equipo Audiflowai
soporte@audiflowai.com","Hola Henry, espero que estés teniendo una excelente semana.

Te comparto un dato rápido: el 68% de las contingencias en procesos de Due Diligence provienen de cláusulas pasadas por alto. 

Habilitamos un acceso de cortesía para escanear 1 contrato completo sin tarjeta ni registro previo aquí: https://audiflowai.com

Quedo atento a tus comentarios si deseas probarlo."
435,"Victoria","Mendoza","Inmobiliaria Corporativa Central","Director Legal & Arrendamientos Corporativos","https://www.linkedin.com/in/victoria-mendoza-realestate-435","legal.victoria.mendoza435@alvaradoholdings.sv","Hola Victoria, un gusto conectar. Veo tu liderazgo como Director Legal & Arrendamientos Corporativos en Inmobiliaria Corporativa Central. En Audiflowai desarrollamos un motor de IA determinista para auditar contratos y detectar pasivos ocultos en 40s antes de firma o cierre contable. Saludos!","Estimado/a Victoria,

Un gusto saludarte. Te contacto porque en empresas del sector de Inmobiliaria Corporativa Central, el mayor dolor que vemos en auditorías no son los números del balance, sino las contingencias ocultas en contratos con proveedores (penalizaciones no registradas, cláusulas de rescisión asimétricas y sobrecostos).

En Audiflowai (https://audiflowai.com) creamos una infraestructura que cruza contratos contra balances en 40 segundos con rigor forense (cero alucinaciones y 100% en memoria volátil sin guardar datos en disco).

¿Te gustaría que te enviemos un análisis de prueba sin costo sobre 1 contrato modelo para que lo evalúes con tu equipo?

Saludos cordiales,
Equipo Audiflowai
soporte@audiflowai.com","Hola Victoria, espero que estés teniendo una excelente semana.

Te comparto un dato rápido: el 68% de las contingencias en procesos de Due Diligence provienen de cláusulas pasadas por alto. 

Habilitamos un acceso de cortesía para escanear 1 contrato completo sin tarjeta ni registro previo aquí: https://audiflowai.com

Quedo atento a tus comentarios si deseas probarlo."
436,"Thomas","Anderson","Desarrollos Comerciales Latam","General Counsel - Commercial Real Estate & Leases","https://www.linkedin.com/in/thomas-anderson-realestate-436","legal.thomas.anderson436@nordiclogistics.se","Hola Thomas, un gusto conectar. Veo tu liderazgo como General Counsel - Commercial Real Estate & Leases en Desarrollos Comerciales Latam. En Audiflowai desarrollamos un motor de IA determinista para auditar contratos y detectar pasivos ocultos en 40s antes de firma o cierre contable. Saludos!","Estimado/a Thomas,

Un gusto saludarte. Te contacto porque en empresas del sector de Desarrollos Comerciales Latam, el mayor dolor que vemos en auditorías no son los números del balance, sino las contingencias ocultas en contratos con proveedores (penalizaciones no registradas, cláusulas de rescisión asimétricas y sobrecostos).

En Audiflowai (https://audiflowai.com) creamos una infraestructura que cruza contratos contra balances en 40 segundos con rigor forense (cero alucinaciones y 100% en memoria volátil sin guardar datos en disco).

¿Te gustaría que te enviemos un análisis de prueba sin costo sobre 1 contrato modelo para que lo evalúes con tu equipo?

Saludos cordiales,
Equipo Audiflowai
soporte@audiflowai.com","Hola Thomas, espero que estés teniendo una excelente semana.

Te comparto un dato rápido: el 68% de las contingencias en procesos de Due Diligence provienen de cláusulas pasadas por alto. 

Habilitamos un acceso de cortesía para escanear 1 contrato completo sin tarjeta ni registro previo aquí: https://audiflowai.com

Quedo atento a tus comentarios si deseas probarlo."
437,"Mauricio","Herrera","Logistica Inmobiliaria del Pacifico","Director Legal & Arrendamientos Corporativos","https://www.linkedin.com/in/mauricio-herrera-realestate-437","legal.mauricio.herrera437@lombardcapital.ch","Hola Mauricio, un gusto conectar. Veo tu liderazgo como Director Legal & Arrendamientos Corporativos en Logistica Inmobiliaria del Pacifico. En Audiflowai desarrollamos un motor de IA determinista para auditar contratos y detectar pasivos ocultos en 40s antes de firma o cierre contable. Saludos!","Estimado/a Mauricio,

Un gusto saludarte. Te contacto porque en empresas del sector de Logistica Inmobiliaria del Pacifico, el mayor dolor que vemos en auditorías no son los números del balance, sino las contingencias ocultas en contratos con proveedores (penalizaciones no registradas, cláusulas de rescisión asimétricas y sobrecostos).

En Audiflowai (https://audiflowai.com) creamos una infraestructura que cruza contratos contra balances en 40 segundos con rigor forense (cero alucinaciones y 100% en memoria volátil sin guardar datos en disco).

¿Te gustaría que te enviemos un análisis de prueba sin costo sobre 1 contrato modelo para que lo evalúes con tu equipo?

Saludos cordiales,
Equipo Audiflowai
soporte@audiflowai.com","Hola Mauricio, espero que estés teniendo una excelente semana.

Te comparto un dato rápido: el 68% de las contingencias en procesos de Due Diligence provienen de cláusulas pasadas por alto. 

Habilitamos un acceso de cortesía para escanear 1 contrato completo sin tarjeta ni registro previo aquí: https://audiflowai.com

Quedo atento a tus comentarios si deseas probarlo."
438,"Alexander","Hoffmann","Manhattan Asset Management","General Counsel - Commercial Real Estate & Leases","https://www.linkedin.com/in/alexander-hoffmann-realestate-438","legal.alexander.hoffmann438@vargasretail.co","Hola Alexander, un gusto conectar. Veo tu liderazgo como General Counsel - Commercial Real Estate & Leases en Manhattan Asset Management. En Audiflowai desarrollamos un motor de IA determinista para auditar contratos y detectar pasivos ocultos en 40s antes de firma o cierre contable. Saludos!","Estimado/a Alexander,

Un gusto saludarte. Te contacto porque en empresas del sector de Manhattan Asset Management, el mayor dolor que vemos en auditorías no son los números del balance, sino las contingencias ocultas en contratos con proveedores (penalizaciones no registradas, cláusulas de rescisión asimétricas y sobrecostos).

En Audiflowai (https://audiflowai.com) creamos una infraestructura que cruza contratos contra balances en 40 segundos con rigor forense (cero alucinaciones y 100% en memoria volátil sin guardar datos en disco).

¿Te gustaría que te enviemos un análisis de prueba sin costo sobre 1 contrato modelo para que lo evalúes con tu equipo?

Saludos cordiales,
Equipo Audiflowai
soporte@audiflowai.com","Hola Alexander, espero que estés teniendo una excelente semana.

Te comparto un dato rápido: el 68% de las contingencias en procesos de Due Diligence provienen de cláusulas pasadas por alto. 

Habilitamos un acceso de cortesía para escanear 1 contrato completo sin tarjeta ni registro previo aquí: https://audiflowai.com

Quedo atento a tus comentarios si deseas probarlo."
439,"Sofia","Silva","Zurich Property Partners","Director Legal & Arrendamientos Corporativos","https://www.linkedin.com/in/sofia-silva-realestate-439","legal.sofia.silva439@herreratrade.pa","Hola Sofia, un gusto conectar. Veo tu liderazgo como Director Legal & Arrendamientos Corporativos en Zurich Property Partners. En Audiflowai desarrollamos un motor de IA determinista para auditar contratos y detectar pasivos ocultos en 40s antes de firma o cierre contable. Saludos!","Estimado/a Sofia,

Un gusto saludarte. Te contacto porque en empresas del sector de Zurich Property Partners, el mayor dolor que vemos en auditorías no son los números del balance, sino las contingencias ocultas en contratos con proveedores (penalizaciones no registradas, cláusulas de rescisión asimétricas y sobrecostos).

En Audiflowai (https://audiflowai.com) creamos una infraestructura que cruza contratos contra balances en 40 segundos con rigor forense (cero alucinaciones y 100% en memoria volátil sin guardar datos en disco).

¿Te gustaría que te enviemos un análisis de prueba sin costo sobre 1 contrato modelo para que lo evalúes con tu equipo?

Saludos cordiales,
Equipo Audiflowai
soporte@audiflowai.com","Hola Sofia, espero que estés teniendo una excelente semana.

Te comparto un dato rápido: el 68% de las contingencias en procesos de Due Diligence provienen de cláusulas pasadas por alto. 

Habilitamos un acceso de cortesía para escanear 1 contrato completo sin tarjeta ni registro previo aquí: https://audiflowai.com

Quedo atento a tus comentarios si deseas probarlo."
440,"Henry","Moore","Inmobiliaria Corporativa Central","General Counsel - Commercial Real Estate & Leases","https://www.linkedin.com/in/henry-moore-realestate-440","legal.henry.moore440@fuentesindustries.gt","Hola Henry, un gusto conectar. Veo tu liderazgo como General Counsel - Commercial Real Estate & Leases en Inmobiliaria Corporativa Central. En Audiflowai desarrollamos un motor de IA determinista para auditar contratos y detectar pasivos ocultos en 40s antes de firma o cierre contable. Saludos!","Estimado/a Henry,

Un gusto saludarte. Te contacto porque en empresas del sector de Inmobiliaria Corporativa Central, el mayor dolor que vemos en auditorías no son los números del balance, sino las contingencias ocultas en contratos con proveedores (penalizaciones no registradas, cláusulas de rescisión asimétricas y sobrecostos).

En Audiflowai (https://audiflowai.com) creamos una infraestructura que cruza contratos contra balances en 40 segundos con rigor forense (cero alucinaciones y 100% en memoria volátil sin guardar datos en disco).

¿Te gustaría que te enviemos un análisis de prueba sin costo sobre 1 contrato modelo para que lo evalúes con tu equipo?

Saludos cordiales,
Equipo Audiflowai
soporte@audiflowai.com","Hola Henry, espero que estés teniendo una excelente semana.

Te comparto un dato rápido: el 68% de las contingencias en procesos de Due Diligence provienen de cláusulas pasadas por alto. 

Habilitamos un acceso de cortesía para escanear 1 contrato completo sin tarjeta ni registro previo aquí: https://audiflowai.com

Quedo atento a tus comentarios si deseas probarlo."
441,"Victoria","Jimenez","Desarrollos Comerciales Latam","Director Legal & Arrendamientos Corporativos","https://www.linkedin.com/in/victoria-jimenez-realestate-441","legal.victoria.jimenez441@delgadogroup.cl","Hola Victoria, un gusto conectar. Veo tu liderazgo como Director Legal & Arrendamientos Corporativos en Desarrollos Comerciales Latam. En Audiflowai desarrollamos un motor de IA determinista para auditar contratos y detectar pasivos ocultos en 40s antes de firma o cierre contable. Saludos!","Estimado/a Victoria,

Un gusto saludarte. Te contacto porque en empresas del sector de Desarrollos Comerciales Latam, el mayor dolor que vemos en auditorías no son los números del balance, sino las contingencias ocultas en contratos con proveedores (penalizaciones no registradas, cláusulas de rescisión asimétricas y sobrecostos).

En Audiflowai (https://audiflowai.com) creamos una infraestructura que cruza contratos contra balances en 40 segundos con rigor forense (cero alucinaciones y 100% en memoria volátil sin guardar datos en disco).

¿Te gustaría que te enviemos un análisis de prueba sin costo sobre 1 contrato modelo para que lo evalúes con tu equipo?

Saludos cordiales,
Equipo Audiflowai
soporte@audiflowai.com","Hola Victoria, espero que estés teniendo una excelente semana.

Te comparto un dato rápido: el 68% de las contingencias en procesos de Due Diligence provienen de cláusulas pasadas por alto. 

Habilitamos un acceso de cortesía para escanear 1 contrato completo sin tarjeta ni registro previo aquí: https://audiflowai.com

Quedo atento a tus comentarios si deseas probarlo."
442,"Thomas","Jensen","Logistica Inmobiliaria del Pacifico","General Counsel - Commercial Real Estate & Leases","https://www.linkedin.com/in/thomas-jensen-realestate-442","legal.thomas.jensen442@bermudezcapital.mx","Hola Thomas, un gusto conectar. Veo tu liderazgo como General Counsel - Commercial Real Estate & Leases en Logistica Inmobiliaria del Pacifico. En Audiflowai desarrollamos un motor de IA determinista para auditar contratos y detectar pasivos ocultos en 40s antes de firma o cierre contable. Saludos!","Estimado/a Thomas,

Un gusto saludarte. Te contacto porque en empresas del sector de Logistica Inmobiliaria del Pacifico, el mayor dolor que vemos en auditorías no son los números del balance, sino las contingencias ocultas en contratos con proveedores (penalizaciones no registradas, cláusulas de rescisión asimétricas y sobrecostos).

En Audiflowai (https://audiflowai.com) creamos una infraestructura que cruza contratos contra balances en 40 segundos con rigor forense (cero alucinaciones y 100% en memoria volátil sin guardar datos en disco).

¿Te gustaría que te enviemos un análisis de prueba sin costo sobre 1 contrato modelo para que lo evalúes con tu equipo?

Saludos cordiales,
Equipo Audiflowai
soporte@audiflowai.com","Hola Thomas, espero que estés teniendo una excelente semana.

Te comparto un dato rápido: el 68% de las contingencias en procesos de Due Diligence provienen de cláusulas pasadas por alto. 

Habilitamos un acceso de cortesía para escanear 1 contrato completo sin tarjeta ni registro previo aquí: https://audiflowai.com

Quedo atento a tus comentarios si deseas probarlo."
443,"Mauricio","Vargas","Manhattan Asset Management","Director Legal & Arrendamientos Corporativos","https://www.linkedin.com/in/mauricio-vargas-realestate-443","legal.mauricio.vargas443@finanzeprova.it","Hola Mauricio, un gusto conectar. Veo tu liderazgo como Director Legal & Arrendamientos Corporativos en Manhattan Asset Management. En Audiflowai desarrollamos un motor de IA determinista para auditar contratos y detectar pasivos ocultos en 40s antes de firma o cierre contable. Saludos!","Estimado/a Mauricio,

Un gusto saludarte. Te contacto porque en empresas del sector de Manhattan Asset Management, el mayor dolor que vemos en auditorías no son los números del balance, sino las contingencias ocultas en contratos con proveedores (penalizaciones no registradas, cláusulas de rescisión asimétricas y sobrecostos).

En Audiflowai (https://audiflowai.com) creamos una infraestructura que cruza contratos contra balances en 40 segundos con rigor forense (cero alucinaciones y 100% en memoria volátil sin guardar datos en disco).

¿Te gustaría que te enviemos un análisis de prueba sin costo sobre 1 contrato modelo para que lo evalúes con tu equipo?

Saludos cordiales,
Equipo Audiflowai
soporte@audiflowai.com","Hola Mauricio, espero que estés teniendo una excelente semana.

Te comparto un dato rápido: el 68% de las contingencias en procesos de Due Diligence provienen de cláusulas pasadas por alto. 

Habilitamos un acceso de cortesía para escanear 1 contrato completo sin tarjeta ni registro previo aquí: https://audiflowai.com

Quedo atento a tus comentarios si deseas probarlo."
444,"Alexander","Martin","Zurich Property Partners","General Counsel - Commercial Real Estate & Leases","https://www.linkedin.com/in/alexander-martin-realestate-444","legal.alexander.martin444@vertextrading.de","Hola Alexander, un gusto conectar. Veo tu liderazgo como General Counsel - Commercial Real Estate & Leases en Zurich Property Partners. En Audiflowai desarrollamos un motor de IA determinista para auditar contratos y detectar pasivos ocultos en 40s antes de firma o cierre contable. Saludos!","Estimado/a Alexander,

Un gusto saludarte. Te contacto porque en empresas del sector de Zurich Property Partners, el mayor dolor que vemos en auditorías no son los números del balance, sino las contingencias ocultas en contratos con proveedores (penalizaciones no registradas, cláusulas de rescisión asimétricas y sobrecostos).

En Audiflowai (https://audiflowai.com) creamos una infraestructura que cruza contratos contra balances en 40 segundos con rigor forense (cero alucinaciones y 100% en memoria volátil sin guardar datos en disco).

¿Te gustaría que te enviemos un análisis de prueba sin costo sobre 1 contrato modelo para que lo evalúes con tu equipo?

Saludos cordiales,
Equipo Audiflowai
soporte@audiflowai.com","Hola Alexander, espero que estés teniendo una excelente semana.

Te comparto un dato rápido: el 68% de las contingencias en procesos de Due Diligence provienen de cláusulas pasadas por alto. 

Habilitamos un acceso de cortesía para escanear 1 contrato completo sin tarjeta ni registro previo aquí: https://audiflowai.com

Quedo atento a tus comentarios si deseas probarlo."
445,"Sofia","Montero","Inmobiliaria Corporativa Central","Director Legal & Arrendamientos Corporativos","https://www.linkedin.com/in/sofia-montero-realestate-445","legal.sofia.montero445@apexglobal.co.uk","Hola Sofia, un gusto conectar. Veo tu liderazgo como Director Legal & Arrendamientos Corporativos en Inmobiliaria Corporativa Central. En Audiflowai desarrollamos un motor de IA determinista para auditar contratos y detectar pasivos ocultos en 40s antes de firma o cierre contable. Saludos!","Estimado/a Sofia,

Un gusto saludarte. Te contacto porque en empresas del sector de Inmobiliaria Corporativa Central, el mayor dolor que vemos en auditorías no son los números del balance, sino las contingencias ocultas en contratos con proveedores (penalizaciones no registradas, cláusulas de rescisión asimétricas y sobrecostos).

En Audiflowai (https://audiflowai.com) creamos una infraestructura que cruza contratos contra balances en 40 segundos con rigor forense (cero alucinaciones y 100% en memoria volátil sin guardar datos en disco).

¿Te gustaría que te enviemos un análisis de prueba sin costo sobre 1 contrato modelo para que lo evalúes con tu equipo?

Saludos cordiales,
Equipo Audiflowai
soporte@audiflowai.com","Hola Sofia, espero que estés teniendo una excelente semana.

Te comparto un dato rápido: el 68% de las contingencias en procesos de Due Diligence provienen de cláusulas pasadas por alto. 

Habilitamos un acceso de cortesía para escanear 1 contrato completo sin tarjeta ni registro previo aquí: https://audiflowai.com

Quedo atento a tus comentarios si deseas probarlo."
446,"Henry","Berg","Desarrollos Comerciales Latam","General Counsel - Commercial Real Estate & Leases","https://www.linkedin.com/in/henry-berg-realestate-446","legal.henry.berg446@mendozacorp.sv","Hola Henry, un gusto conectar. Veo tu liderazgo como General Counsel - Commercial Real Estate & Leases en Desarrollos Comerciales Latam. En Audiflowai desarrollamos un motor de IA determinista para auditar contratos y detectar pasivos ocultos en 40s antes de firma o cierre contable. Saludos!","Estimado/a Henry,

Un gusto saludarte. Te contacto porque en empresas del sector de Desarrollos Comerciales Latam, el mayor dolor que vemos en auditorías no son los números del balance, sino las contingencias ocultas en contratos con proveedores (penalizaciones no registradas, cláusulas de rescisión asimétricas y sobrecostos).

En Audiflowai (https://audiflowai.com) creamos una infraestructura que cruza contratos contra balances en 40 segundos con rigor forense (cero alucinaciones y 100% en memoria volátil sin guardar datos en disco).

¿Te gustaría que te enviemos un análisis de prueba sin costo sobre 1 contrato modelo para que lo evalúes con tu equipo?

Saludos cordiales,
Equipo Audiflowai
soporte@audiflowai.com","Hola Henry, espero que estés teniendo una excelente semana.

Te comparto un dato rápido: el 68% de las contingencias en procesos de Due Diligence provienen de cláusulas pasadas por alto. 

Habilitamos un acceso de cortesía para escanear 1 contrato completo sin tarjeta ni registro previo aquí: https://audiflowai.com

Quedo atento a tus comentarios si deseas probarlo."
447,"Victoria","Castillo","Logistica Inmobiliaria del Pacifico","Director Legal & Arrendamientos Corporativos","https://www.linkedin.com/in/victoria-castillo-realestate-447","legal.victoria.castillo447@guzmanpartners.cr","Hola Victoria, un gusto conectar. Veo tu liderazgo como Director Legal & Arrendamientos Corporativos en Logistica Inmobiliaria del Pacifico. En Audiflowai desarrollamos un motor de IA determinista para auditar contratos y detectar pasivos ocultos en 40s antes de firma o cierre contable. Saludos!","Estimado/a Victoria,

Un gusto saludarte. Te contacto porque en empresas del sector de Logistica Inmobiliaria del Pacifico, el mayor dolor que vemos en auditorías no son los números del balance, sino las contingencias ocultas en contratos con proveedores (penalizaciones no registradas, cláusulas de rescisión asimétricas y sobrecostos).

En Audiflowai (https://audiflowai.com) creamos una infraestructura que cruza contratos contra balances en 40 segundos con rigor forense (cero alucinaciones y 100% en memoria volátil sin guardar datos en disco).

¿Te gustaría que te enviemos un análisis de prueba sin costo sobre 1 contrato modelo para que lo evalúes con tu equipo?

Saludos cordiales,
Equipo Audiflowai
soporte@audiflowai.com","Hola Victoria, espero que estés teniendo una excelente semana.

Te comparto un dato rápido: el 68% de las contingencias en procesos de Due Diligence provienen de cláusulas pasadas por alto. 

Habilitamos un acceso de cortesía para escanear 1 contrato completo sin tarjeta ni registro previo aquí: https://audiflowai.com

Quedo atento a tus comentarios si deseas probarlo."
448,"Thomas","Walker","Manhattan Asset Management","General Counsel - Commercial Real Estate & Leases","https://www.linkedin.com/in/thomas-walker-realestate-448","legal.thomas.walker448@escobarenterprise.pe","Hola Thomas, un gusto conectar. Veo tu liderazgo como General Counsel - Commercial Real Estate & Leases en Manhattan Asset Management. En Audiflowai desarrollamos un motor de IA determinista para auditar contratos y detectar pasivos ocultos en 40s antes de firma o cierre contable. Saludos!","Estimado/a Thomas,

Un gusto saludarte. Te contacto porque en empresas del sector de Manhattan Asset Management, el mayor dolor que vemos en auditorías no son los números del balance, sino las contingencias ocultas en contratos con proveedores (penalizaciones no registradas, cláusulas de rescisión asimétricas y sobrecostos).

En Audiflowai (https://audiflowai.com) creamos una infraestructura que cruza contratos contra balances en 40 segundos con rigor forense (cero alucinaciones y 100% en memoria volátil sin guardar datos en disco).

¿Te gustaría que te enviemos un análisis de prueba sin costo sobre 1 contrato modelo para que lo evalúes con tu equipo?

Saludos cordiales,
Equipo Audiflowai
soporte@audiflowai.com","Hola Thomas, espero que estés teniendo una excelente semana.

Te comparto un dato rápido: el 68% de las contingencias en procesos de Due Diligence provienen de cláusulas pasadas por alto. 

Habilitamos un acceso de cortesía para escanear 1 contrato completo sin tarjeta ni registro previo aquí: https://audiflowai.com

Quedo atento a tus comentarios si deseas probarlo."
449,"Mauricio","Orellana","Zurich Property Partners","Director Legal & Arrendamientos Corporativos","https://www.linkedin.com/in/mauricio-orellana-realestate-449","legal.mauricio.orellana449@cisneroslogistics.co","Hola Mauricio, un gusto conectar. Veo tu liderazgo como Director Legal & Arrendamientos Corporativos en Zurich Property Partners. En Audiflowai desarrollamos un motor de IA determinista para auditar contratos y detectar pasivos ocultos en 40s antes de firma o cierre contable. Saludos!","Estimado/a Mauricio,

Un gusto saludarte. Te contacto porque en empresas del sector de Zurich Property Partners, el mayor dolor que vemos en auditorías no son los números del balance, sino las contingencias ocultas en contratos con proveedores (penalizaciones no registradas, cláusulas de rescisión asimétricas y sobrecostos).

En Audiflowai (https://audiflowai.com) creamos una infraestructura que cruza contratos contra balances en 40 segundos con rigor forense (cero alucinaciones y 100% en memoria volátil sin guardar datos en disco).

¿Te gustaría que te enviemos un análisis de prueba sin costo sobre 1 contrato modelo para que lo evalúes con tu equipo?

Saludos cordiales,
Equipo Audiflowai
soporte@audiflowai.com","Hola Mauricio, espero que estés teniendo una excelente semana.

Te comparto un dato rápido: el 68% de las contingencias en procesos de Due Diligence provienen de cláusulas pasadas por alto. 

Habilitamos un acceso de cortesía para escanear 1 contrato completo sin tarjeta ni registro previo aquí: https://audiflowai.com

Quedo atento a tus comentarios si deseas probarlo."
450,"Alexander","Smith","Inmobiliaria Corporativa Central","General Counsel - Commercial Real Estate & Leases","https://www.linkedin.com/in/alexander-smith-realestate-450","legal.alexander.smith450@alvaradoholdings.sv","Hola Alexander, un gusto conectar. Veo tu liderazgo como General Counsel - Commercial Real Estate & Leases en Inmobiliaria Corporativa Central. En Audiflowai desarrollamos un motor de IA determinista para auditar contratos y detectar pasivos ocultos en 40s antes de firma o cierre contable. Saludos!","Estimado/a Alexander,

Un gusto saludarte. Te contacto porque en empresas del sector de Inmobiliaria Corporativa Central, el mayor dolor que vemos en auditorías no son los números del balance, sino las contingencias ocultas en contratos con proveedores (penalizaciones no registradas, cláusulas de rescisión asimétricas y sobrecostos).

En Audiflowai (https://audiflowai.com) creamos una infraestructura que cruza contratos contra balances en 40 segundos con rigor forense (cero alucinaciones y 100% en memoria volátil sin guardar datos en disco).

¿Te gustaría que te enviemos un análisis de prueba sin costo sobre 1 contrato modelo para que lo evalúes con tu equipo?

Saludos cordiales,
Equipo Audiflowai
soporte@audiflowai.com","Hola Alexander, espero que estés teniendo una excelente semana.

Te comparto un dato rápido: el 68% de las contingencias en procesos de Due Diligence provienen de cláusulas pasadas por alto. 

Habilitamos un acceso de cortesía para escanear 1 contrato completo sin tarjeta ni registro previo aquí: https://audiflowai.com

Quedo atento a tus comentarios si deseas probarlo."
451,"Sofia","Rios","Desarrollos Comerciales Latam","Director Legal & Arrendamientos Corporativos","https://www.linkedin.com/in/sofia-rios-realestate-451","legal.sofia.rios451@nordiclogistics.se","Hola Sofia, un gusto conectar. Veo tu liderazgo como Director Legal & Arrendamientos Corporativos en Desarrollos Comerciales Latam. En Audiflowai desarrollamos un motor de IA determinista para auditar contratos y detectar pasivos ocultos en 40s antes de firma o cierre contable. Saludos!","Estimado/a Sofia,

Un gusto saludarte. Te contacto porque en empresas del sector de Desarrollos Comerciales Latam, el mayor dolor que vemos en auditorías no son los números del balance, sino las contingencias ocultas en contratos con proveedores (penalizaciones no registradas, cláusulas de rescisión asimétricas y sobrecostos).

En Audiflowai (https://audiflowai.com) creamos una infraestructura que cruza contratos contra balances en 40 segundos con rigor forense (cero alucinaciones y 100% en memoria volátil sin guardar datos en disco).

¿Te gustaría que te enviemos un análisis de prueba sin costo sobre 1 contrato modelo para que lo evalúes con tu equipo?

Saludos cordiales,
Equipo Audiflowai
soporte@audiflowai.com","Hola Sofia, espero que estés teniendo una excelente semana.

Te comparto un dato rápido: el 68% de las contingencias en procesos de Due Diligence provienen de cláusulas pasadas por alto. 

Habilitamos un acceso de cortesía para escanear 1 contrato completo sin tarjeta ni registro previo aquí: https://audiflowai.com

Quedo atento a tus comentarios si deseas probarlo."
452,"Henry","Schmidt","Logistica Inmobiliaria del Pacifico","General Counsel - Commercial Real Estate & Leases","https://www.linkedin.com/in/henry-schmidt-realestate-452","legal.henry.schmidt452@lombardcapital.ch","Hola Henry, un gusto conectar. Veo tu liderazgo como General Counsel - Commercial Real Estate & Leases en Logistica Inmobiliaria del Pacifico. En Audiflowai desarrollamos un motor de IA determinista para auditar contratos y detectar pasivos ocultos en 40s antes de firma o cierre contable. Saludos!","Estimado/a Henry,

Un gusto saludarte. Te contacto porque en empresas del sector de Logistica Inmobiliaria del Pacifico, el mayor dolor que vemos en auditorías no son los números del balance, sino las contingencias ocultas en contratos con proveedores (penalizaciones no registradas, cláusulas de rescisión asimétricas y sobrecostos).

En Audiflowai (https://audiflowai.com) creamos una infraestructura que cruza contratos contra balances en 40 segundos con rigor forense (cero alucinaciones y 100% en memoria volátil sin guardar datos en disco).

¿Te gustaría que te enviemos un análisis de prueba sin costo sobre 1 contrato modelo para que lo evalúes con tu equipo?

Saludos cordiales,
Equipo Audiflowai
soporte@audiflowai.com","Hola Henry, espero que estés teniendo una excelente semana.

Te comparto un dato rápido: el 68% de las contingencias en procesos de Due Diligence provienen de cláusulas pasadas por alto. 

Habilitamos un acceso de cortesía para escanear 1 contrato completo sin tarjeta ni registro previo aquí: https://audiflowai.com

Quedo atento a tus comentarios si deseas probarlo."
453,"Victoria","Quezada","Manhattan Asset Management","Director Legal & Arrendamientos Corporativos","https://www.linkedin.com/in/victoria-quezada-realestate-453","legal.victoria.quezada453@vargasretail.co","Hola Victoria, un gusto conectar. Veo tu liderazgo como Director Legal & Arrendamientos Corporativos en Manhattan Asset Management. En Audiflowai desarrollamos un motor de IA determinista para auditar contratos y detectar pasivos ocultos en 40s antes de firma o cierre contable. Saludos!","Estimado/a Victoria,

Un gusto saludarte. Te contacto porque en empresas del sector de Manhattan Asset Management, el mayor dolor que vemos en auditorías no son los números del balance, sino las contingencias ocultas en contratos con proveedores (penalizaciones no registradas, cláusulas de rescisión asimétricas y sobrecostos).

En Audiflowai (https://audiflowai.com) creamos una infraestructura que cruza contratos contra balances en 40 segundos con rigor forense (cero alucinaciones y 100% en memoria volátil sin guardar datos en disco).

¿Te gustaría que te enviemos un análisis de prueba sin costo sobre 1 contrato modelo para que lo evalúes con tu equipo?

Saludos cordiales,
Equipo Audiflowai
soporte@audiflowai.com","Hola Victoria, espero que estés teniendo una excelente semana.

Te comparto un dato rápido: el 68% de las contingencias en procesos de Due Diligence provienen de cláusulas pasadas por alto. 

Habilitamos un acceso de cortesía para escanear 1 contrato completo sin tarjeta ni registro previo aquí: https://audiflowai.com

Quedo atento a tus comentarios si deseas probarlo."
454,"Thomas","Williams","Zurich Property Partners","General Counsel - Commercial Real Estate & Leases","https://www.linkedin.com/in/thomas-williams-realestate-454","legal.thomas.williams454@herreratrade.pa","Hola Thomas, un gusto conectar. Veo tu liderazgo como General Counsel - Commercial Real Estate & Leases en Zurich Property Partners. En Audiflowai desarrollamos un motor de IA determinista para auditar contratos y detectar pasivos ocultos en 40s antes de firma o cierre contable. Saludos!","Estimado/a Thomas,

Un gusto saludarte. Te contacto porque en empresas del sector de Zurich Property Partners, el mayor dolor que vemos en auditorías no son los números del balance, sino las contingencias ocultas en contratos con proveedores (penalizaciones no registradas, cláusulas de rescisión asimétricas y sobrecostos).

En Audiflowai (https://audiflowai.com) creamos una infraestructura que cruza contratos contra balances en 40 segundos con rigor forense (cero alucinaciones y 100% en memoria volátil sin guardar datos en disco).

¿Te gustaría que te enviemos un análisis de prueba sin costo sobre 1 contrato modelo para que lo evalúes con tu equipo?

Saludos cordiales,
Equipo Audiflowai
soporte@audiflowai.com","Hola Thomas, espero que estés teniendo una excelente semana.

Te comparto un dato rápido: el 68% de las contingencias en procesos de Due Diligence provienen de cláusulas pasadas por alto. 

Habilitamos un acceso de cortesía para escanear 1 contrato completo sin tarjeta ni registro previo aquí: https://audiflowai.com

Quedo atento a tus comentarios si deseas probarlo."
455,"Mauricio","Bermudez","Inmobiliaria Corporativa Central","Director Legal & Arrendamientos Corporativos","https://www.linkedin.com/in/mauricio-bermudez-realestate-455","legal.mauricio.bermudez455@fuentesindustries.gt","Hola Mauricio, un gusto conectar. Veo tu liderazgo como Director Legal & Arrendamientos Corporativos en Inmobiliaria Corporativa Central. En Audiflowai desarrollamos un motor de IA determinista para auditar contratos y detectar pasivos ocultos en 40s antes de firma o cierre contable. Saludos!","Estimado/a Mauricio,

Un gusto saludarte. Te contacto porque en empresas del sector de Inmobiliaria Corporativa Central, el mayor dolor que vemos en auditorías no son los números del balance, sino las contingencias ocultas en contratos con proveedores (penalizaciones no registradas, cláusulas de rescisión asimétricas y sobrecostos).

En Audiflowai (https://audiflowai.com) creamos una infraestructura que cruza contratos contra balances en 40 segundos con rigor forense (cero alucinaciones y 100% en memoria volátil sin guardar datos en disco).

¿Te gustaría que te enviemos un análisis de prueba sin costo sobre 1 contrato modelo para que lo evalúes con tu equipo?

Saludos cordiales,
Equipo Audiflowai
soporte@audiflowai.com","Hola Mauricio, espero que estés teniendo una excelente semana.

Te comparto un dato rápido: el 68% de las contingencias en procesos de Due Diligence provienen de cláusulas pasadas por alto. 

Habilitamos un acceso de cortesía para escanear 1 contrato completo sin tarjeta ni registro previo aquí: https://audiflowai.com

Quedo atento a tus comentarios si deseas probarlo."
456,"Alexander","Schneider","Desarrollos Comerciales Latam","General Counsel - Commercial Real Estate & Leases","https://www.linkedin.com/in/alexander-schneider-realestate-456","legal.alexander.schneider456@delgadogroup.cl","Hola Alexander, un gusto conectar. Veo tu liderazgo como General Counsel - Commercial Real Estate & Leases en Desarrollos Comerciales Latam. En Audiflowai desarrollamos un motor de IA determinista para auditar contratos y detectar pasivos ocultos en 40s antes de firma o cierre contable. Saludos!","Estimado/a Alexander,

Un gusto saludarte. Te contacto porque en empresas del sector de Desarrollos Comerciales Latam, el mayor dolor que vemos en auditorías no son los números del balance, sino las contingencias ocultas en contratos con proveedores (penalizaciones no registradas, cláusulas de rescisión asimétricas y sobrecostos).

En Audiflowai (https://audiflowai.com) creamos una infraestructura que cruza contratos contra balances en 40 segundos con rigor forense (cero alucinaciones y 100% en memoria volátil sin guardar datos en disco).

¿Te gustaría que te enviemos un análisis de prueba sin costo sobre 1 contrato modelo para que lo evalúes con tu equipo?

Saludos cordiales,
Equipo Audiflowai
soporte@audiflowai.com","Hola Alexander, espero que estés teniendo una excelente semana.

Te comparto un dato rápido: el 68% de las contingencias en procesos de Due Diligence provienen de cláusulas pasadas por alto. 

Habilitamos un acceso de cortesía para escanear 1 contrato completo sin tarjeta ni registro previo aquí: https://audiflowai.com

Quedo atento a tus comentarios si deseas probarlo."
457,"Sofia","Salazar","Logistica Inmobiliaria del Pacifico","Director Legal & Arrendamientos Corporativos","https://www.linkedin.com/in/sofia-salazar-realestate-457","legal.sofia.salazar457@bermudezcapital.mx","Hola Sofia, un gusto conectar. Veo tu liderazgo como Director Legal & Arrendamientos Corporativos en Logistica Inmobiliaria del Pacifico. En Audiflowai desarrollamos un motor de IA determinista para auditar contratos y detectar pasivos ocultos en 40s antes de firma o cierre contable. Saludos!","Estimado/a Sofia,

Un gusto saludarte. Te contacto porque en empresas del sector de Logistica Inmobiliaria del Pacifico, el mayor dolor que vemos en auditorías no son los números del balance, sino las contingencias ocultas en contratos con proveedores (penalizaciones no registradas, cláusulas de rescisión asimétricas y sobrecostos).

En Audiflowai (https://audiflowai.com) creamos una infraestructura que cruza contratos contra balances en 40 segundos con rigor forense (cero alucinaciones y 100% en memoria volátil sin guardar datos en disco).

¿Te gustaría que te enviemos un análisis de prueba sin costo sobre 1 contrato modelo para que lo evalúes con tu equipo?

Saludos cordiales,
Equipo Audiflowai
soporte@audiflowai.com","Hola Sofia, espero que estés teniendo una excelente semana.

Te comparto un dato rápido: el 68% de las contingencias en procesos de Due Diligence provienen de cláusulas pasadas por alto. 

Habilitamos un acceso de cortesía para escanear 1 contrato completo sin tarjeta ni registro previo aquí: https://audiflowai.com

Quedo atento a tus comentarios si deseas probarlo."
458,"Henry","Jones","Manhattan Asset Management","General Counsel - Commercial Real Estate & Leases","https://www.linkedin.com/in/henry-jones-realestate-458","legal.henry.jones458@finanzeprova.it","Hola Henry, un gusto conectar. Veo tu liderazgo como General Counsel - Commercial Real Estate & Leases en Manhattan Asset Management. En Audiflowai desarrollamos un motor de IA determinista para auditar contratos y detectar pasivos ocultos en 40s antes de firma o cierre contable. Saludos!","Estimado/a Henry,

Un gusto saludarte. Te contacto porque en empresas del sector de Manhattan Asset Management, el mayor dolor que vemos en auditorías no son los números del balance, sino las contingencias ocultas en contratos con proveedores (penalizaciones no registradas, cláusulas de rescisión asimétricas y sobrecostos).

En Audiflowai (https://audiflowai.com) creamos una infraestructura que cruza contratos contra balances en 40 segundos con rigor forense (cero alucinaciones y 100% en memoria volátil sin guardar datos en disco).

¿Te gustaría que te enviemos un análisis de prueba sin costo sobre 1 contrato modelo para que lo evalúes con tu equipo?

Saludos cordiales,
Equipo Audiflowai
soporte@audiflowai.com","Hola Henry, espero que estés teniendo una excelente semana.

Te comparto un dato rápido: el 68% de las contingencias en procesos de Due Diligence provienen de cláusulas pasadas por alto. 

Habilitamos un acceso de cortesía para escanear 1 contrato completo sin tarjeta ni registro previo aquí: https://audiflowai.com

Quedo atento a tus comentarios si deseas probarlo."
459,"Victoria","Delgado","Zurich Property Partners","Director Legal & Arrendamientos Corporativos","https://www.linkedin.com/in/victoria-delgado-realestate-459","legal.victoria.delgado459@vertextrading.de","Hola Victoria, un gusto conectar. Veo tu liderazgo como Director Legal & Arrendamientos Corporativos en Zurich Property Partners. En Audiflowai desarrollamos un motor de IA determinista para auditar contratos y detectar pasivos ocultos en 40s antes de firma o cierre contable. Saludos!","Estimado/a Victoria,

Un gusto saludarte. Te contacto porque en empresas del sector de Zurich Property Partners, el mayor dolor que vemos en auditorías no son los números del balance, sino las contingencias ocultas en contratos con proveedores (penalizaciones no registradas, cláusulas de rescisión asimétricas y sobrecostos).

En Audiflowai (https://audiflowai.com) creamos una infraestructura que cruza contratos contra balances en 40 segundos con rigor forense (cero alucinaciones y 100% en memoria volátil sin guardar datos en disco).

¿Te gustaría que te enviemos un análisis de prueba sin costo sobre 1 contrato modelo para que lo evalúes con tu equipo?

Saludos cordiales,
Equipo Audiflowai
soporte@audiflowai.com","Hola Victoria, espero que estés teniendo una excelente semana.

Te comparto un dato rápido: el 68% de las contingencias en procesos de Due Diligence provienen de cláusulas pasadas por alto. 

Habilitamos un acceso de cortesía para escanear 1 contrato completo sin tarjeta ni registro previo aquí: https://audiflowai.com

Quedo atento a tus comentarios si deseas probarlo."
460,"Thomas","Weber","Inmobiliaria Corporativa Central","General Counsel - Commercial Real Estate & Leases","https://www.linkedin.com/in/thomas-weber-realestate-460","legal.thomas.weber460@apexglobal.co.uk","Hola Thomas, un gusto conectar. Veo tu liderazgo como General Counsel - Commercial Real Estate & Leases en Inmobiliaria Corporativa Central. En Audiflowai desarrollamos un motor de IA determinista para auditar contratos y detectar pasivos ocultos en 40s antes de firma o cierre contable. Saludos!","Estimado/a Thomas,

Un gusto saludarte. Te contacto porque en empresas del sector de Inmobiliaria Corporativa Central, el mayor dolor que vemos en auditorías no son los números del balance, sino las contingencias ocultas en contratos con proveedores (penalizaciones no registradas, cláusulas de rescisión asimétricas y sobrecostos).

En Audiflowai (https://audiflowai.com) creamos una infraestructura que cruza contratos contra balances en 40 segundos con rigor forense (cero alucinaciones y 100% en memoria volátil sin guardar datos en disco).

¿Te gustaría que te enviemos un análisis de prueba sin costo sobre 1 contrato modelo para que lo evalúes con tu equipo?

Saludos cordiales,
Equipo Audiflowai
soporte@audiflowai.com","Hola Thomas, espero que estés teniendo una excelente semana.

Te comparto un dato rápido: el 68% de las contingencias en procesos de Due Diligence provienen de cláusulas pasadas por alto. 

Habilitamos un acceso de cortesía para escanear 1 contrato completo sin tarjeta ni registro previo aquí: https://audiflowai.com

Quedo atento a tus comentarios si deseas probarlo."
461,"Mauricio","Urrutia","Desarrollos Comerciales Latam","Director Legal & Arrendamientos Corporativos","https://www.linkedin.com/in/mauricio-urrutia-realestate-461","legal.mauricio.urrutia461@mendozacorp.sv","Hola Mauricio, un gusto conectar. Veo tu liderazgo como Director Legal & Arrendamientos Corporativos en Desarrollos Comerciales Latam. En Audiflowai desarrollamos un motor de IA determinista para auditar contratos y detectar pasivos ocultos en 40s antes de firma o cierre contable. Saludos!","Estimado/a Mauricio,

Un gusto saludarte. Te contacto porque en empresas del sector de Desarrollos Comerciales Latam, el mayor dolor que vemos en auditorías no son los números del balance, sino las contingencias ocultas en contratos con proveedores (penalizaciones no registradas, cláusulas de rescisión asimétricas y sobrecostos).

En Audiflowai (https://audiflowai.com) creamos una infraestructura que cruza contratos contra balances en 40 segundos con rigor forense (cero alucinaciones y 100% en memoria volátil sin guardar datos en disco).

¿Te gustaría que te enviemos un análisis de prueba sin costo sobre 1 contrato modelo para que lo evalúes con tu equipo?

Saludos cordiales,
Equipo Audiflowai
soporte@audiflowai.com","Hola Mauricio, espero que estés teniendo una excelente semana.

Te comparto un dato rápido: el 68% de las contingencias en procesos de Due Diligence provienen de cláusulas pasadas por alto. 

Habilitamos un acceso de cortesía para escanear 1 contrato completo sin tarjeta ni registro previo aquí: https://audiflowai.com

Quedo atento a tus comentarios si deseas probarlo."
462,"Alexander","Davis","Logistica Inmobiliaria del Pacifico","General Counsel - Commercial Real Estate & Leases","https://www.linkedin.com/in/alexander-davis-realestate-462","legal.alexander.davis462@guzmanpartners.cr","Hola Alexander, un gusto conectar. Veo tu liderazgo como General Counsel - Commercial Real Estate & Leases en Logistica Inmobiliaria del Pacifico. En Audiflowai desarrollamos un motor de IA determinista para auditar contratos y detectar pasivos ocultos en 40s antes de firma o cierre contable. Saludos!","Estimado/a Alexander,

Un gusto saludarte. Te contacto porque en empresas del sector de Logistica Inmobiliaria del Pacifico, el mayor dolor que vemos en auditorías no son los números del balance, sino las contingencias ocultas en contratos con proveedores (penalizaciones no registradas, cláusulas de rescisión asimétricas y sobrecostos).

En Audiflowai (https://audiflowai.com) creamos una infraestructura que cruza contratos contra balances en 40 segundos con rigor forense (cero alucinaciones y 100% en memoria volátil sin guardar datos en disco).

¿Te gustaría que te enviemos un análisis de prueba sin costo sobre 1 contrato modelo para que lo evalúes con tu equipo?

Saludos cordiales,
Equipo Audiflowai
soporte@audiflowai.com","Hola Alexander, espero que estés teniendo una excelente semana.

Te comparto un dato rápido: el 68% de las contingencias en procesos de Due Diligence provienen de cláusulas pasadas por alto. 

Habilitamos un acceso de cortesía para escanear 1 contrato completo sin tarjeta ni registro previo aquí: https://audiflowai.com

Quedo atento a tus comentarios si deseas probarlo."
463,"Sofia","Fuentes","Manhattan Asset Management","Director Legal & Arrendamientos Corporativos","https://www.linkedin.com/in/sofia-fuentes-realestate-463","legal.sofia.fuentes463@escobarenterprise.pe","Hola Sofia, un gusto conectar. Veo tu liderazgo como Director Legal & Arrendamientos Corporativos en Manhattan Asset Management. En Audiflowai desarrollamos un motor de IA determinista para auditar contratos y detectar pasivos ocultos en 40s antes de firma o cierre contable. Saludos!","Estimado/a Sofia,

Un gusto saludarte. Te contacto porque en empresas del sector de Manhattan Asset Management, el mayor dolor que vemos en auditorías no son los números del balance, sino las contingencias ocultas en contratos con proveedores (penalizaciones no registradas, cláusulas de rescisión asimétricas y sobrecostos).

En Audiflowai (https://audiflowai.com) creamos una infraestructura que cruza contratos contra balances en 40 segundos con rigor forense (cero alucinaciones y 100% en memoria volátil sin guardar datos en disco).

¿Te gustaría que te enviemos un análisis de prueba sin costo sobre 1 contrato modelo para que lo evalúes con tu equipo?

Saludos cordiales,
Equipo Audiflowai
soporte@audiflowai.com","Hola Sofia, espero que estés teniendo una excelente semana.

Te comparto un dato rápido: el 68% de las contingencias en procesos de Due Diligence provienen de cláusulas pasadas por alto. 

Habilitamos un acceso de cortesía para escanear 1 contrato completo sin tarjeta ni registro previo aquí: https://audiflowai.com

Quedo atento a tus comentarios si deseas probarlo."
464,"Henry","Wagner","Zurich Property Partners","General Counsel - Commercial Real Estate & Leases","https://www.linkedin.com/in/henry-wagner-realestate-464","legal.henry.wagner464@cisneroslogistics.co","Hola Henry, un gusto conectar. Veo tu liderazgo como General Counsel - Commercial Real Estate & Leases en Zurich Property Partners. En Audiflowai desarrollamos un motor de IA determinista para auditar contratos y detectar pasivos ocultos en 40s antes de firma o cierre contable. Saludos!","Estimado/a Henry,

Un gusto saludarte. Te contacto porque en empresas del sector de Zurich Property Partners, el mayor dolor que vemos en auditorías no son los números del balance, sino las contingencias ocultas en contratos con proveedores (penalizaciones no registradas, cláusulas de rescisión asimétricas y sobrecostos).

En Audiflowai (https://audiflowai.com) creamos una infraestructura que cruza contratos contra balances en 40 segundos con rigor forense (cero alucinaciones y 100% en memoria volátil sin guardar datos en disco).

¿Te gustaría que te enviemos un análisis de prueba sin costo sobre 1 contrato modelo para que lo evalúes con tu equipo?

Saludos cordiales,
Equipo Audiflowai
soporte@audiflowai.com","Hola Henry, espero que estés teniendo una excelente semana.

Te comparto un dato rápido: el 68% de las contingencias en procesos de Due Diligence provienen de cláusulas pasadas por alto. 

Habilitamos un acceso de cortesía para escanear 1 contrato completo sin tarjeta ni registro previo aquí: https://audiflowai.com

Quedo atento a tus comentarios si deseas probarlo."
465,"Victoria","Mendoza","Inmobiliaria Corporativa Central","Director Legal & Arrendamientos Corporativos","https://www.linkedin.com/in/victoria-mendoza-realestate-465","legal.victoria.mendoza465@alvaradoholdings.sv","Hola Victoria, un gusto conectar. Veo tu liderazgo como Director Legal & Arrendamientos Corporativos en Inmobiliaria Corporativa Central. En Audiflowai desarrollamos un motor de IA determinista para auditar contratos y detectar pasivos ocultos en 40s antes de firma o cierre contable. Saludos!","Estimado/a Victoria,

Un gusto saludarte. Te contacto porque en empresas del sector de Inmobiliaria Corporativa Central, el mayor dolor que vemos en auditorías no son los números del balance, sino las contingencias ocultas en contratos con proveedores (penalizaciones no registradas, cláusulas de rescisión asimétricas y sobrecostos).

En Audiflowai (https://audiflowai.com) creamos una infraestructura que cruza contratos contra balances en 40 segundos con rigor forense (cero alucinaciones y 100% en memoria volátil sin guardar datos en disco).

¿Te gustaría que te enviemos un análisis de prueba sin costo sobre 1 contrato modelo para que lo evalúes con tu equipo?

Saludos cordiales,
Equipo Audiflowai
soporte@audiflowai.com","Hola Victoria, espero que estés teniendo una excelente semana.

Te comparto un dato rápido: el 68% de las contingencias en procesos de Due Diligence provienen de cláusulas pasadas por alto. 

Habilitamos un acceso de cortesía para escanear 1 contrato completo sin tarjeta ni registro previo aquí: https://audiflowai.com

Quedo atento a tus comentarios si deseas probarlo."
466,"Thomas","Anderson","Desarrollos Comerciales Latam","General Counsel - Commercial Real Estate & Leases","https://www.linkedin.com/in/thomas-anderson-realestate-466","legal.thomas.anderson466@nordiclogistics.se","Hola Thomas, un gusto conectar. Veo tu liderazgo como General Counsel - Commercial Real Estate & Leases en Desarrollos Comerciales Latam. En Audiflowai desarrollamos un motor de IA determinista para auditar contratos y detectar pasivos ocultos en 40s antes de firma o cierre contable. Saludos!","Estimado/a Thomas,

Un gusto saludarte. Te contacto porque en empresas del sector de Desarrollos Comerciales Latam, el mayor dolor que vemos en auditorías no son los números del balance, sino las contingencias ocultas en contratos con proveedores (penalizaciones no registradas, cláusulas de rescisión asimétricas y sobrecostos).

En Audiflowai (https://audiflowai.com) creamos una infraestructura que cruza contratos contra balances en 40 segundos con rigor forense (cero alucinaciones y 100% en memoria volátil sin guardar datos en disco).

¿Te gustaría que te enviemos un análisis de prueba sin costo sobre 1 contrato modelo para que lo evalúes con tu equipo?

Saludos cordiales,
Equipo Audiflowai
soporte@audiflowai.com","Hola Thomas, espero que estés teniendo una excelente semana.

Te comparto un dato rápido: el 68% de las contingencias en procesos de Due Diligence provienen de cláusulas pasadas por alto. 

Habilitamos un acceso de cortesía para escanear 1 contrato completo sin tarjeta ni registro previo aquí: https://audiflowai.com

Quedo atento a tus comentarios si deseas probarlo."
467,"Mauricio","Herrera","Logistica Inmobiliaria del Pacifico","Director Legal & Arrendamientos Corporativos","https://www.linkedin.com/in/mauricio-herrera-realestate-467","legal.mauricio.herrera467@lombardcapital.ch","Hola Mauricio, un gusto conectar. Veo tu liderazgo como Director Legal & Arrendamientos Corporativos en Logistica Inmobiliaria del Pacifico. En Audiflowai desarrollamos un motor de IA determinista para auditar contratos y detectar pasivos ocultos en 40s antes de firma o cierre contable. Saludos!","Estimado/a Mauricio,

Un gusto saludarte. Te contacto porque en empresas del sector de Logistica Inmobiliaria del Pacifico, el mayor dolor que vemos en auditorías no son los números del balance, sino las contingencias ocultas en contratos con proveedores (penalizaciones no registradas, cláusulas de rescisión asimétricas y sobrecostos).

En Audiflowai (https://audiflowai.com) creamos una infraestructura que cruza contratos contra balances en 40 segundos con rigor forense (cero alucinaciones y 100% en memoria volátil sin guardar datos en disco).

¿Te gustaría que te enviemos un análisis de prueba sin costo sobre 1 contrato modelo para que lo evalúes con tu equipo?

Saludos cordiales,
Equipo Audiflowai
soporte@audiflowai.com","Hola Mauricio, espero que estés teniendo una excelente semana.

Te comparto un dato rápido: el 68% de las contingencias en procesos de Due Diligence provienen de cláusulas pasadas por alto. 

Habilitamos un acceso de cortesía para escanear 1 contrato completo sin tarjeta ni registro previo aquí: https://audiflowai.com

Quedo atento a tus comentarios si deseas probarlo."
468,"Alexander","Hoffmann","Manhattan Asset Management","General Counsel - Commercial Real Estate & Leases","https://www.linkedin.com/in/alexander-hoffmann-realestate-468","legal.alexander.hoffmann468@vargasretail.co","Hola Alexander, un gusto conectar. Veo tu liderazgo como General Counsel - Commercial Real Estate & Leases en Manhattan Asset Management. En Audiflowai desarrollamos un motor de IA determinista para auditar contratos y detectar pasivos ocultos en 40s antes de firma o cierre contable. Saludos!","Estimado/a Alexander,

Un gusto saludarte. Te contacto porque en empresas del sector de Manhattan Asset Management, el mayor dolor que vemos en auditorías no son los números del balance, sino las contingencias ocultas en contratos con proveedores (penalizaciones no registradas, cláusulas de rescisión asimétricas y sobrecostos).

En Audiflowai (https://audiflowai.com) creamos una infraestructura que cruza contratos contra balances en 40 segundos con rigor forense (cero alucinaciones y 100% en memoria volátil sin guardar datos en disco).

¿Te gustaría que te enviemos un análisis de prueba sin costo sobre 1 contrato modelo para que lo evalúes con tu equipo?

Saludos cordiales,
Equipo Audiflowai
soporte@audiflowai.com","Hola Alexander, espero que estés teniendo una excelente semana.

Te comparto un dato rápido: el 68% de las contingencias en procesos de Due Diligence provienen de cláusulas pasadas por alto. 

Habilitamos un acceso de cortesía para escanear 1 contrato completo sin tarjeta ni registro previo aquí: https://audiflowai.com

Quedo atento a tus comentarios si deseas probarlo."
469,"Sofia","Silva","Zurich Property Partners","Director Legal & Arrendamientos Corporativos","https://www.linkedin.com/in/sofia-silva-realestate-469","legal.sofia.silva469@herreratrade.pa","Hola Sofia, un gusto conectar. Veo tu liderazgo como Director Legal & Arrendamientos Corporativos en Zurich Property Partners. En Audiflowai desarrollamos un motor de IA determinista para auditar contratos y detectar pasivos ocultos en 40s antes de firma o cierre contable. Saludos!","Estimado/a Sofia,

Un gusto saludarte. Te contacto porque en empresas del sector de Zurich Property Partners, el mayor dolor que vemos en auditorías no son los números del balance, sino las contingencias ocultas en contratos con proveedores (penalizaciones no registradas, cláusulas de rescisión asimétricas y sobrecostos).

En Audiflowai (https://audiflowai.com) creamos una infraestructura que cruza contratos contra balances en 40 segundos con rigor forense (cero alucinaciones y 100% en memoria volátil sin guardar datos en disco).

¿Te gustaría que te enviemos un análisis de prueba sin costo sobre 1 contrato modelo para que lo evalúes con tu equipo?

Saludos cordiales,
Equipo Audiflowai
soporte@audiflowai.com","Hola Sofia, espero que estés teniendo una excelente semana.

Te comparto un dato rápido: el 68% de las contingencias en procesos de Due Diligence provienen de cláusulas pasadas por alto. 

Habilitamos un acceso de cortesía para escanear 1 contrato completo sin tarjeta ni registro previo aquí: https://audiflowai.com

Quedo atento a tus comentarios si deseas probarlo."
470,"Henry","Moore","Inmobiliaria Corporativa Central","General Counsel - Commercial Real Estate & Leases","https://www.linkedin.com/in/henry-moore-realestate-470","legal.henry.moore470@fuentesindustries.gt","Hola Henry, un gusto conectar. Veo tu liderazgo como General Counsel - Commercial Real Estate & Leases en Inmobiliaria Corporativa Central. En Audiflowai desarrollamos un motor de IA determinista para auditar contratos y detectar pasivos ocultos en 40s antes de firma o cierre contable. Saludos!","Estimado/a Henry,

Un gusto saludarte. Te contacto porque en empresas del sector de Inmobiliaria Corporativa Central, el mayor dolor que vemos en auditorías no son los números del balance, sino las contingencias ocultas en contratos con proveedores (penalizaciones no registradas, cláusulas de rescisión asimétricas y sobrecostos).

En Audiflowai (https://audiflowai.com) creamos una infraestructura que cruza contratos contra balances en 40 segundos con rigor forense (cero alucinaciones y 100% en memoria volátil sin guardar datos en disco).

¿Te gustaría que te enviemos un análisis de prueba sin costo sobre 1 contrato modelo para que lo evalúes con tu equipo?

Saludos cordiales,
Equipo Audiflowai
soporte@audiflowai.com","Hola Henry, espero que estés teniendo una excelente semana.

Te comparto un dato rápido: el 68% de las contingencias en procesos de Due Diligence provienen de cláusulas pasadas por alto. 

Habilitamos un acceso de cortesía para escanear 1 contrato completo sin tarjeta ni registro previo aquí: https://audiflowai.com

Quedo atento a tus comentarios si deseas probarlo."
471,"Victoria","Jimenez","Desarrollos Comerciales Latam","Director Legal & Arrendamientos Corporativos","https://www.linkedin.com/in/victoria-jimenez-realestate-471","legal.victoria.jimenez471@delgadogroup.cl","Hola Victoria, un gusto conectar. Veo tu liderazgo como Director Legal & Arrendamientos Corporativos en Desarrollos Comerciales Latam. En Audiflowai desarrollamos un motor de IA determinista para auditar contratos y detectar pasivos ocultos en 40s antes de firma o cierre contable. Saludos!","Estimado/a Victoria,

Un gusto saludarte. Te contacto porque en empresas del sector de Desarrollos Comerciales Latam, el mayor dolor que vemos en auditorías no son los números del balance, sino las contingencias ocultas en contratos con proveedores (penalizaciones no registradas, cláusulas de rescisión asimétricas y sobrecostos).

En Audiflowai (https://audiflowai.com) creamos una infraestructura que cruza contratos contra balances en 40 segundos con rigor forense (cero alucinaciones y 100% en memoria volátil sin guardar datos en disco).

¿Te gustaría que te enviemos un análisis de prueba sin costo sobre 1 contrato modelo para que lo evalúes con tu equipo?

Saludos cordiales,
Equipo Audiflowai
soporte@audiflowai.com","Hola Victoria, espero que estés teniendo una excelente semana.

Te comparto un dato rápido: el 68% de las contingencias en procesos de Due Diligence provienen de cláusulas pasadas por alto. 

Habilitamos un acceso de cortesía para escanear 1 contrato completo sin tarjeta ni registro previo aquí: https://audiflowai.com

Quedo atento a tus comentarios si deseas probarlo."
472,"Thomas","Jensen","Logistica Inmobiliaria del Pacifico","General Counsel - Commercial Real Estate & Leases","https://www.linkedin.com/in/thomas-jensen-realestate-472","legal.thomas.jensen472@bermudezcapital.mx","Hola Thomas, un gusto conectar. Veo tu liderazgo como General Counsel - Commercial Real Estate & Leases en Logistica Inmobiliaria del Pacifico. En Audiflowai desarrollamos un motor de IA determinista para auditar contratos y detectar pasivos ocultos en 40s antes de firma o cierre contable. Saludos!","Estimado/a Thomas,

Un gusto saludarte. Te contacto porque en empresas del sector de Logistica Inmobiliaria del Pacifico, el mayor dolor que vemos en auditorías no son los números del balance, sino las contingencias ocultas en contratos con proveedores (penalizaciones no registradas, cláusulas de rescisión asimétricas y sobrecostos).

En Audiflowai (https://audiflowai.com) creamos una infraestructura que cruza contratos contra balances en 40 segundos con rigor forense (cero alucinaciones y 100% en memoria volátil sin guardar datos en disco).

¿Te gustaría que te enviemos un análisis de prueba sin costo sobre 1 contrato modelo para que lo evalúes con tu equipo?

Saludos cordiales,
Equipo Audiflowai
soporte@audiflowai.com","Hola Thomas, espero que estés teniendo una excelente semana.

Te comparto un dato rápido: el 68% de las contingencias en procesos de Due Diligence provienen de cláusulas pasadas por alto. 

Habilitamos un acceso de cortesía para escanear 1 contrato completo sin tarjeta ni registro previo aquí: https://audiflowai.com

Quedo atento a tus comentarios si deseas probarlo."
473,"Mauricio","Vargas","Manhattan Asset Management","Director Legal & Arrendamientos Corporativos","https://www.linkedin.com/in/mauricio-vargas-realestate-473","legal.mauricio.vargas473@finanzeprova.it","Hola Mauricio, un gusto conectar. Veo tu liderazgo como Director Legal & Arrendamientos Corporativos en Manhattan Asset Management. En Audiflowai desarrollamos un motor de IA determinista para auditar contratos y detectar pasivos ocultos en 40s antes de firma o cierre contable. Saludos!","Estimado/a Mauricio,

Un gusto saludarte. Te contacto porque en empresas del sector de Manhattan Asset Management, el mayor dolor que vemos en auditorías no son los números del balance, sino las contingencias ocultas en contratos con proveedores (penalizaciones no registradas, cláusulas de rescisión asimétricas y sobrecostos).

En Audiflowai (https://audiflowai.com) creamos una infraestructura que cruza contratos contra balances en 40 segundos con rigor forense (cero alucinaciones y 100% en memoria volátil sin guardar datos en disco).

¿Te gustaría que te enviemos un análisis de prueba sin costo sobre 1 contrato modelo para que lo evalúes con tu equipo?

Saludos cordiales,
Equipo Audiflowai
soporte@audiflowai.com","Hola Mauricio, espero que estés teniendo una excelente semana.

Te comparto un dato rápido: el 68% de las contingencias en procesos de Due Diligence provienen de cláusulas pasadas por alto. 

Habilitamos un acceso de cortesía para escanear 1 contrato completo sin tarjeta ni registro previo aquí: https://audiflowai.com

Quedo atento a tus comentarios si deseas probarlo."
474,"Alexander","Martin","Zurich Property Partners","General Counsel - Commercial Real Estate & Leases","https://www.linkedin.com/in/alexander-martin-realestate-474","legal.alexander.martin474@vertextrading.de","Hola Alexander, un gusto conectar. Veo tu liderazgo como General Counsel - Commercial Real Estate & Leases en Zurich Property Partners. En Audiflowai desarrollamos un motor de IA determinista para auditar contratos y detectar pasivos ocultos en 40s antes de firma o cierre contable. Saludos!","Estimado/a Alexander,

Un gusto saludarte. Te contacto porque en empresas del sector de Zurich Property Partners, el mayor dolor que vemos en auditorías no son los números del balance, sino las contingencias ocultas en contratos con proveedores (penalizaciones no registradas, cláusulas de rescisión asimétricas y sobrecostos).

En Audiflowai (https://audiflowai.com) creamos una infraestructura que cruza contratos contra balances en 40 segundos con rigor forense (cero alucinaciones y 100% en memoria volátil sin guardar datos en disco).

¿Te gustaría que te enviemos un análisis de prueba sin costo sobre 1 contrato modelo para que lo evalúes con tu equipo?

Saludos cordiales,
Equipo Audiflowai
soporte@audiflowai.com","Hola Alexander, espero que estés teniendo una excelente semana.

Te comparto un dato rápido: el 68% de las contingencias en procesos de Due Diligence provienen de cláusulas pasadas por alto. 

Habilitamos un acceso de cortesía para escanear 1 contrato completo sin tarjeta ni registro previo aquí: https://audiflowai.com

Quedo atento a tus comentarios si deseas probarlo."
475,"Sofia","Montero","Inmobiliaria Corporativa Central","Director Legal & Arrendamientos Corporativos","https://www.linkedin.com/in/sofia-montero-realestate-475","legal.sofia.montero475@apexglobal.co.uk","Hola Sofia, un gusto conectar. Veo tu liderazgo como Director Legal & Arrendamientos Corporativos en Inmobiliaria Corporativa Central. En Audiflowai desarrollamos un motor de IA determinista para auditar contratos y detectar pasivos ocultos en 40s antes de firma o cierre contable. Saludos!","Estimado/a Sofia,

Un gusto saludarte. Te contacto porque en empresas del sector de Inmobiliaria Corporativa Central, el mayor dolor que vemos en auditorías no son los números del balance, sino las contingencias ocultas en contratos con proveedores (penalizaciones no registradas, cláusulas de rescisión asimétricas y sobrecostos).

En Audiflowai (https://audiflowai.com) creamos una infraestructura que cruza contratos contra balances en 40 segundos con rigor forense (cero alucinaciones y 100% en memoria volátil sin guardar datos en disco).

¿Te gustaría que te enviemos un análisis de prueba sin costo sobre 1 contrato modelo para que lo evalúes con tu equipo?

Saludos cordiales,
Equipo Audiflowai
soporte@audiflowai.com","Hola Sofia, espero que estés teniendo una excelente semana.

Te comparto un dato rápido: el 68% de las contingencias en procesos de Due Diligence provienen de cláusulas pasadas por alto. 

Habilitamos un acceso de cortesía para escanear 1 contrato completo sin tarjeta ni registro previo aquí: https://audiflowai.com

Quedo atento a tus comentarios si deseas probarlo."
476,"Henry","Berg","Desarrollos Comerciales Latam","General Counsel - Commercial Real Estate & Leases","https://www.linkedin.com/in/henry-berg-realestate-476","legal.henry.berg476@mendozacorp.sv","Hola Henry, un gusto conectar. Veo tu liderazgo como General Counsel - Commercial Real Estate & Leases en Desarrollos Comerciales Latam. En Audiflowai desarrollamos un motor de IA determinista para auditar contratos y detectar pasivos ocultos en 40s antes de firma o cierre contable. Saludos!","Estimado/a Henry,

Un gusto saludarte. Te contacto porque en empresas del sector de Desarrollos Comerciales Latam, el mayor dolor que vemos en auditorías no son los números del balance, sino las contingencias ocultas en contratos con proveedores (penalizaciones no registradas, cláusulas de rescisión asimétricas y sobrecostos).

En Audiflowai (https://audiflowai.com) creamos una infraestructura que cruza contratos contra balances en 40 segundos con rigor forense (cero alucinaciones y 100% en memoria volátil sin guardar datos en disco).

¿Te gustaría que te enviemos un análisis de prueba sin costo sobre 1 contrato modelo para que lo evalúes con tu equipo?

Saludos cordiales,
Equipo Audiflowai
soporte@audiflowai.com","Hola Henry, espero que estés teniendo una excelente semana.

Te comparto un dato rápido: el 68% de las contingencias en procesos de Due Diligence provienen de cláusulas pasadas por alto. 

Habilitamos un acceso de cortesía para escanear 1 contrato completo sin tarjeta ni registro previo aquí: https://audiflowai.com

Quedo atento a tus comentarios si deseas probarlo."
477,"Victoria","Castillo","Logistica Inmobiliaria del Pacifico","Director Legal & Arrendamientos Corporativos","https://www.linkedin.com/in/victoria-castillo-realestate-477","legal.victoria.castillo477@guzmanpartners.cr","Hola Victoria, un gusto conectar. Veo tu liderazgo como Director Legal & Arrendamientos Corporativos en Logistica Inmobiliaria del Pacifico. En Audiflowai desarrollamos un motor de IA determinista para auditar contratos y detectar pasivos ocultos en 40s antes de firma o cierre contable. Saludos!","Estimado/a Victoria,

Un gusto saludarte. Te contacto porque en empresas del sector de Logistica Inmobiliaria del Pacifico, el mayor dolor que vemos en auditorías no son los números del balance, sino las contingencias ocultas en contratos con proveedores (penalizaciones no registradas, cláusulas de rescisión asimétricas y sobrecostos).

En Audiflowai (https://audiflowai.com) creamos una infraestructura que cruza contratos contra balances en 40 segundos con rigor forense (cero alucinaciones y 100% en memoria volátil sin guardar datos en disco).

¿Te gustaría que te enviemos un análisis de prueba sin costo sobre 1 contrato modelo para que lo evalúes con tu equipo?

Saludos cordiales,
Equipo Audiflowai
soporte@audiflowai.com","Hola Victoria, espero que estés teniendo una excelente semana.

Te comparto un dato rápido: el 68% de las contingencias en procesos de Due Diligence provienen de cláusulas pasadas por alto. 

Habilitamos un acceso de cortesía para escanear 1 contrato completo sin tarjeta ni registro previo aquí: https://audiflowai.com

Quedo atento a tus comentarios si deseas probarlo."
478,"Thomas","Walker","Manhattan Asset Management","General Counsel - Commercial Real Estate & Leases","https://www.linkedin.com/in/thomas-walker-realestate-478","legal.thomas.walker478@escobarenterprise.pe","Hola Thomas, un gusto conectar. Veo tu liderazgo como General Counsel - Commercial Real Estate & Leases en Manhattan Asset Management. En Audiflowai desarrollamos un motor de IA determinista para auditar contratos y detectar pasivos ocultos en 40s antes de firma o cierre contable. Saludos!","Estimado/a Thomas,

Un gusto saludarte. Te contacto porque en empresas del sector de Manhattan Asset Management, el mayor dolor que vemos en auditorías no son los números del balance, sino las contingencias ocultas en contratos con proveedores (penalizaciones no registradas, cláusulas de rescisión asimétricas y sobrecostos).

En Audiflowai (https://audiflowai.com) creamos una infraestructura que cruza contratos contra balances en 40 segundos con rigor forense (cero alucinaciones y 100% en memoria volátil sin guardar datos en disco).

¿Te gustaría que te enviemos un análisis de prueba sin costo sobre 1 contrato modelo para que lo evalúes con tu equipo?

Saludos cordiales,
Equipo Audiflowai
soporte@audiflowai.com","Hola Thomas, espero que estés teniendo una excelente semana.

Te comparto un dato rápido: el 68% de las contingencias en procesos de Due Diligence provienen de cláusulas pasadas por alto. 

Habilitamos un acceso de cortesía para escanear 1 contrato completo sin tarjeta ni registro previo aquí: https://audiflowai.com

Quedo atento a tus comentarios si deseas probarlo."
479,"Mauricio","Orellana","Zurich Property Partners","Director Legal & Arrendamientos Corporativos","https://www.linkedin.com/in/mauricio-orellana-realestate-479","legal.mauricio.orellana479@cisneroslogistics.co","Hola Mauricio, un gusto conectar. Veo tu liderazgo como Director Legal & Arrendamientos Corporativos en Zurich Property Partners. En Audiflowai desarrollamos un motor de IA determinista para auditar contratos y detectar pasivos ocultos en 40s antes de firma o cierre contable. Saludos!","Estimado/a Mauricio,

Un gusto saludarte. Te contacto porque en empresas del sector de Zurich Property Partners, el mayor dolor que vemos en auditorías no son los números del balance, sino las contingencias ocultas en contratos con proveedores (penalizaciones no registradas, cláusulas de rescisión asimétricas y sobrecostos).

En Audiflowai (https://audiflowai.com) creamos una infraestructura que cruza contratos contra balances en 40 segundos con rigor forense (cero alucinaciones y 100% en memoria volátil sin guardar datos en disco).

¿Te gustaría que te enviemos un análisis de prueba sin costo sobre 1 contrato modelo para que lo evalúes con tu equipo?

Saludos cordiales,
Equipo Audiflowai
soporte@audiflowai.com","Hola Mauricio, espero que estés teniendo una excelente semana.

Te comparto un dato rápido: el 68% de las contingencias en procesos de Due Diligence provienen de cláusulas pasadas por alto. 

Habilitamos un acceso de cortesía para escanear 1 contrato completo sin tarjeta ni registro previo aquí: https://audiflowai.com

Quedo atento a tus comentarios si deseas probarlo."
480,"Alexander","Smith","Inmobiliaria Corporativa Central","General Counsel - Commercial Real Estate & Leases","https://www.linkedin.com/in/alexander-smith-realestate-480","legal.alexander.smith480@alvaradoholdings.sv","Hola Alexander, un gusto conectar. Veo tu liderazgo como General Counsel - Commercial Real Estate & Leases en Inmobiliaria Corporativa Central. En Audiflowai desarrollamos un motor de IA determinista para auditar contratos y detectar pasivos ocultos en 40s antes de firma o cierre contable. Saludos!","Estimado/a Alexander,

Un gusto saludarte. Te contacto porque en empresas del sector de Inmobiliaria Corporativa Central, el mayor dolor que vemos en auditorías no son los números del balance, sino las contingencias ocultas en contratos con proveedores (penalizaciones no registradas, cláusulas de rescisión asimétricas y sobrecostos).

En Audiflowai (https://audiflowai.com) creamos una infraestructura que cruza contratos contra balances en 40 segundos con rigor forense (cero alucinaciones y 100% en memoria volátil sin guardar datos en disco).

¿Te gustaría que te enviemos un análisis de prueba sin costo sobre 1 contrato modelo para que lo evalúes con tu equipo?

Saludos cordiales,
Equipo Audiflowai
soporte@audiflowai.com","Hola Alexander, espero que estés teniendo una excelente semana.

Te comparto un dato rápido: el 68% de las contingencias en procesos de Due Diligence provienen de cláusulas pasadas por alto. 

Habilitamos un acceso de cortesía para escanear 1 contrato completo sin tarjeta ni registro previo aquí: https://audiflowai.com

Quedo atento a tus comentarios si deseas probarlo."
481,"Sofia","Rios","Desarrollos Comerciales Latam","Director Legal & Arrendamientos Corporativos","https://www.linkedin.com/in/sofia-rios-realestate-481","legal.sofia.rios481@nordiclogistics.se","Hola Sofia, un gusto conectar. Veo tu liderazgo como Director Legal & Arrendamientos Corporativos en Desarrollos Comerciales Latam. En Audiflowai desarrollamos un motor de IA determinista para auditar contratos y detectar pasivos ocultos en 40s antes de firma o cierre contable. Saludos!","Estimado/a Sofia,

Un gusto saludarte. Te contacto porque en empresas del sector de Desarrollos Comerciales Latam, el mayor dolor que vemos en auditorías no son los números del balance, sino las contingencias ocultas en contratos con proveedores (penalizaciones no registradas, cláusulas de rescisión asimétricas y sobrecostos).

En Audiflowai (https://audiflowai.com) creamos una infraestructura que cruza contratos contra balances en 40 segundos con rigor forense (cero alucinaciones y 100% en memoria volátil sin guardar datos en disco).

¿Te gustaría que te enviemos un análisis de prueba sin costo sobre 1 contrato modelo para que lo evalúes con tu equipo?

Saludos cordiales,
Equipo Audiflowai
soporte@audiflowai.com","Hola Sofia, espero que estés teniendo una excelente semana.

Te comparto un dato rápido: el 68% de las contingencias en procesos de Due Diligence provienen de cláusulas pasadas por alto. 

Habilitamos un acceso de cortesía para escanear 1 contrato completo sin tarjeta ni registro previo aquí: https://audiflowai.com

Quedo atento a tus comentarios si deseas probarlo."
482,"Henry","Schmidt","Logistica Inmobiliaria del Pacifico","General Counsel - Commercial Real Estate & Leases","https://www.linkedin.com/in/henry-schmidt-realestate-482","legal.henry.schmidt482@lombardcapital.ch","Hola Henry, un gusto conectar. Veo tu liderazgo como General Counsel - Commercial Real Estate & Leases en Logistica Inmobiliaria del Pacifico. En Audiflowai desarrollamos un motor de IA determinista para auditar contratos y detectar pasivos ocultos en 40s antes de firma o cierre contable. Saludos!","Estimado/a Henry,

Un gusto saludarte. Te contacto porque en empresas del sector de Logistica Inmobiliaria del Pacifico, el mayor dolor que vemos en auditorías no son los números del balance, sino las contingencias ocultas en contratos con proveedores (penalizaciones no registradas, cláusulas de rescisión asimétricas y sobrecostos).

En Audiflowai (https://audiflowai.com) creamos una infraestructura que cruza contratos contra balances en 40 segundos con rigor forense (cero alucinaciones y 100% en memoria volátil sin guardar datos en disco).

¿Te gustaría que te enviemos un análisis de prueba sin costo sobre 1 contrato modelo para que lo evalúes con tu equipo?

Saludos cordiales,
Equipo Audiflowai
soporte@audiflowai.com","Hola Henry, espero que estés teniendo una excelente semana.

Te comparto un dato rápido: el 68% de las contingencias en procesos de Due Diligence provienen de cláusulas pasadas por alto. 

Habilitamos un acceso de cortesía para escanear 1 contrato completo sin tarjeta ni registro previo aquí: https://audiflowai.com

Quedo atento a tus comentarios si deseas probarlo."
483,"Victoria","Quezada","Manhattan Asset Management","Director Legal & Arrendamientos Corporativos","https://www.linkedin.com/in/victoria-quezada-realestate-483","legal.victoria.quezada483@vargasretail.co","Hola Victoria, un gusto conectar. Veo tu liderazgo como Director Legal & Arrendamientos Corporativos en Manhattan Asset Management. En Audiflowai desarrollamos un motor de IA determinista para auditar contratos y detectar pasivos ocultos en 40s antes de firma o cierre contable. Saludos!","Estimado/a Victoria,

Un gusto saludarte. Te contacto porque en empresas del sector de Manhattan Asset Management, el mayor dolor que vemos en auditorías no son los números del balance, sino las contingencias ocultas en contratos con proveedores (penalizaciones no registradas, cláusulas de rescisión asimétricas y sobrecostos).

En Audiflowai (https://audiflowai.com) creamos una infraestructura que cruza contratos contra balances en 40 segundos con rigor forense (cero alucinaciones y 100% en memoria volátil sin guardar datos en disco).

¿Te gustaría que te enviemos un análisis de prueba sin costo sobre 1 contrato modelo para que lo evalúes con tu equipo?

Saludos cordiales,
Equipo Audiflowai
soporte@audiflowai.com","Hola Victoria, espero que estés teniendo una excelente semana.

Te comparto un dato rápido: el 68% de las contingencias en procesos de Due Diligence provienen de cláusulas pasadas por alto. 

Habilitamos un acceso de cortesía para escanear 1 contrato completo sin tarjeta ni registro previo aquí: https://audiflowai.com

Quedo atento a tus comentarios si deseas probarlo."
484,"Thomas","Williams","Zurich Property Partners","General Counsel - Commercial Real Estate & Leases","https://www.linkedin.com/in/thomas-williams-realestate-484","legal.thomas.williams484@herreratrade.pa","Hola Thomas, un gusto conectar. Veo tu liderazgo como General Counsel - Commercial Real Estate & Leases en Zurich Property Partners. En Audiflowai desarrollamos un motor de IA determinista para auditar contratos y detectar pasivos ocultos en 40s antes de firma o cierre contable. Saludos!","Estimado/a Thomas,

Un gusto saludarte. Te contacto porque en empresas del sector de Zurich Property Partners, el mayor dolor que vemos en auditorías no son los números del balance, sino las contingencias ocultas en contratos con proveedores (penalizaciones no registradas, cláusulas de rescisión asimétricas y sobrecostos).

En Audiflowai (https://audiflowai.com) creamos una infraestructura que cruza contratos contra balances en 40 segundos con rigor forense (cero alucinaciones y 100% en memoria volátil sin guardar datos en disco).

¿Te gustaría que te enviemos un análisis de prueba sin costo sobre 1 contrato modelo para que lo evalúes con tu equipo?

Saludos cordiales,
Equipo Audiflowai
soporte@audiflowai.com","Hola Thomas, espero que estés teniendo una excelente semana.

Te comparto un dato rápido: el 68% de las contingencias en procesos de Due Diligence provienen de cláusulas pasadas por alto. 

Habilitamos un acceso de cortesía para escanear 1 contrato completo sin tarjeta ni registro previo aquí: https://audiflowai.com

Quedo atento a tus comentarios si deseas probarlo."
485,"Mauricio","Bermudez","Inmobiliaria Corporativa Central","Director Legal & Arrendamientos Corporativos","https://www.linkedin.com/in/mauricio-bermudez-realestate-485","legal.mauricio.bermudez485@fuentesindustries.gt","Hola Mauricio, un gusto conectar. Veo tu liderazgo como Director Legal & Arrendamientos Corporativos en Inmobiliaria Corporativa Central. En Audiflowai desarrollamos un motor de IA determinista para auditar contratos y detectar pasivos ocultos en 40s antes de firma o cierre contable. Saludos!","Estimado/a Mauricio,

Un gusto saludarte. Te contacto porque en empresas del sector de Inmobiliaria Corporativa Central, el mayor dolor que vemos en auditorías no son los números del balance, sino las contingencias ocultas en contratos con proveedores (penalizaciones no registradas, cláusulas de rescisión asimétricas y sobrecostos).

En Audiflowai (https://audiflowai.com) creamos una infraestructura que cruza contratos contra balances en 40 segundos con rigor forense (cero alucinaciones y 100% en memoria volátil sin guardar datos en disco).

¿Te gustaría que te enviemos un análisis de prueba sin costo sobre 1 contrato modelo para que lo evalúes con tu equipo?

Saludos cordiales,
Equipo Audiflowai
soporte@audiflowai.com","Hola Mauricio, espero que estés teniendo una excelente semana.

Te comparto un dato rápido: el 68% de las contingencias en procesos de Due Diligence provienen de cláusulas pasadas por alto. 

Habilitamos un acceso de cortesía para escanear 1 contrato completo sin tarjeta ni registro previo aquí: https://audiflowai.com

Quedo atento a tus comentarios si deseas probarlo."
486,"Alexander","Schneider","Desarrollos Comerciales Latam","General Counsel - Commercial Real Estate & Leases","https://www.linkedin.com/in/alexander-schneider-realestate-486","legal.alexander.schneider486@delgadogroup.cl","Hola Alexander, un gusto conectar. Veo tu liderazgo como General Counsel - Commercial Real Estate & Leases en Desarrollos Comerciales Latam. En Audiflowai desarrollamos un motor de IA determinista para auditar contratos y detectar pasivos ocultos en 40s antes de firma o cierre contable. Saludos!","Estimado/a Alexander,

Un gusto saludarte. Te contacto porque en empresas del sector de Desarrollos Comerciales Latam, el mayor dolor que vemos en auditorías no son los números del balance, sino las contingencias ocultas en contratos con proveedores (penalizaciones no registradas, cláusulas de rescisión asimétricas y sobrecostos).

En Audiflowai (https://audiflowai.com) creamos una infraestructura que cruza contratos contra balances en 40 segundos con rigor forense (cero alucinaciones y 100% en memoria volátil sin guardar datos en disco).

¿Te gustaría que te enviemos un análisis de prueba sin costo sobre 1 contrato modelo para que lo evalúes con tu equipo?

Saludos cordiales,
Equipo Audiflowai
soporte@audiflowai.com","Hola Alexander, espero que estés teniendo una excelente semana.

Te comparto un dato rápido: el 68% de las contingencias en procesos de Due Diligence provienen de cláusulas pasadas por alto. 

Habilitamos un acceso de cortesía para escanear 1 contrato completo sin tarjeta ni registro previo aquí: https://audiflowai.com

Quedo atento a tus comentarios si deseas probarlo."
487,"Sofia","Salazar","Logistica Inmobiliaria del Pacifico","Director Legal & Arrendamientos Corporativos","https://www.linkedin.com/in/sofia-salazar-realestate-487","legal.sofia.salazar487@bermudezcapital.mx","Hola Sofia, un gusto conectar. Veo tu liderazgo como Director Legal & Arrendamientos Corporativos en Logistica Inmobiliaria del Pacifico. En Audiflowai desarrollamos un motor de IA determinista para auditar contratos y detectar pasivos ocultos en 40s antes de firma o cierre contable. Saludos!","Estimado/a Sofia,

Un gusto saludarte. Te contacto porque en empresas del sector de Logistica Inmobiliaria del Pacifico, el mayor dolor que vemos en auditorías no son los números del balance, sino las contingencias ocultas en contratos con proveedores (penalizaciones no registradas, cláusulas de rescisión asimétricas y sobrecostos).

En Audiflowai (https://audiflowai.com) creamos una infraestructura que cruza contratos contra balances en 40 segundos con rigor forense (cero alucinaciones y 100% en memoria volátil sin guardar datos en disco).

¿Te gustaría que te enviemos un análisis de prueba sin costo sobre 1 contrato modelo para que lo evalúes con tu equipo?

Saludos cordiales,
Equipo Audiflowai
soporte@audiflowai.com","Hola Sofia, espero que estés teniendo una excelente semana.

Te comparto un dato rápido: el 68% de las contingencias en procesos de Due Diligence provienen de cláusulas pasadas por alto. 

Habilitamos un acceso de cortesía para escanear 1 contrato completo sin tarjeta ni registro previo aquí: https://audiflowai.com

Quedo atento a tus comentarios si deseas probarlo."
488,"Henry","Jones","Manhattan Asset Management","General Counsel - Commercial Real Estate & Leases","https://www.linkedin.com/in/henry-jones-realestate-488","legal.henry.jones488@finanzeprova.it","Hola Henry, un gusto conectar. Veo tu liderazgo como General Counsel - Commercial Real Estate & Leases en Manhattan Asset Management. En Audiflowai desarrollamos un motor de IA determinista para auditar contratos y detectar pasivos ocultos en 40s antes de firma o cierre contable. Saludos!","Estimado/a Henry,

Un gusto saludarte. Te contacto porque en empresas del sector de Manhattan Asset Management, el mayor dolor que vemos en auditorías no son los números del balance, sino las contingencias ocultas en contratos con proveedores (penalizaciones no registradas, cláusulas de rescisión asimétricas y sobrecostos).

En Audiflowai (https://audiflowai.com) creamos una infraestructura que cruza contratos contra balances en 40 segundos con rigor forense (cero alucinaciones y 100% en memoria volátil sin guardar datos en disco).

¿Te gustaría que te enviemos un análisis de prueba sin costo sobre 1 contrato modelo para que lo evalúes con tu equipo?

Saludos cordiales,
Equipo Audiflowai
soporte@audiflowai.com","Hola Henry, espero que estés teniendo una excelente semana.

Te comparto un dato rápido: el 68% de las contingencias en procesos de Due Diligence provienen de cláusulas pasadas por alto. 

Habilitamos un acceso de cortesía para escanear 1 contrato completo sin tarjeta ni registro previo aquí: https://audiflowai.com

Quedo atento a tus comentarios si deseas probarlo."
489,"Victoria","Delgado","Zurich Property Partners","Director Legal & Arrendamientos Corporativos","https://www.linkedin.com/in/victoria-delgado-realestate-489","legal.victoria.delgado489@vertextrading.de","Hola Victoria, un gusto conectar. Veo tu liderazgo como Director Legal & Arrendamientos Corporativos en Zurich Property Partners. En Audiflowai desarrollamos un motor de IA determinista para auditar contratos y detectar pasivos ocultos en 40s antes de firma o cierre contable. Saludos!","Estimado/a Victoria,

Un gusto saludarte. Te contacto porque en empresas del sector de Zurich Property Partners, el mayor dolor que vemos en auditorías no son los números del balance, sino las contingencias ocultas en contratos con proveedores (penalizaciones no registradas, cláusulas de rescisión asimétricas y sobrecostos).

En Audiflowai (https://audiflowai.com) creamos una infraestructura que cruza contratos contra balances en 40 segundos con rigor forense (cero alucinaciones y 100% en memoria volátil sin guardar datos en disco).

¿Te gustaría que te enviemos un análisis de prueba sin costo sobre 1 contrato modelo para que lo evalúes con tu equipo?

Saludos cordiales,
Equipo Audiflowai
soporte@audiflowai.com","Hola Victoria, espero que estés teniendo una excelente semana.

Te comparto un dato rápido: el 68% de las contingencias en procesos de Due Diligence provienen de cláusulas pasadas por alto. 

Habilitamos un acceso de cortesía para escanear 1 contrato completo sin tarjeta ni registro previo aquí: https://audiflowai.com

Quedo atento a tus comentarios si deseas probarlo."
490,"Thomas","Weber","Inmobiliaria Corporativa Central","General Counsel - Commercial Real Estate & Leases","https://www.linkedin.com/in/thomas-weber-realestate-490","legal.thomas.weber490@apexglobal.co.uk","Hola Thomas, un gusto conectar. Veo tu liderazgo como General Counsel - Commercial Real Estate & Leases en Inmobiliaria Corporativa Central. En Audiflowai desarrollamos un motor de IA determinista para auditar contratos y detectar pasivos ocultos en 40s antes de firma o cierre contable. Saludos!","Estimado/a Thomas,

Un gusto saludarte. Te contacto porque en empresas del sector de Inmobiliaria Corporativa Central, el mayor dolor que vemos en auditorías no son los números del balance, sino las contingencias ocultas en contratos con proveedores (penalizaciones no registradas, cláusulas de rescisión asimétricas y sobrecostos).

En Audiflowai (https://audiflowai.com) creamos una infraestructura que cruza contratos contra balances en 40 segundos con rigor forense (cero alucinaciones y 100% en memoria volátil sin guardar datos en disco).

¿Te gustaría que te enviemos un análisis de prueba sin costo sobre 1 contrato modelo para que lo evalúes con tu equipo?

Saludos cordiales,
Equipo Audiflowai
soporte@audiflowai.com","Hola Thomas, espero que estés teniendo una excelente semana.

Te comparto un dato rápido: el 68% de las contingencias en procesos de Due Diligence provienen de cláusulas pasadas por alto. 

Habilitamos un acceso de cortesía para escanear 1 contrato completo sin tarjeta ni registro previo aquí: https://audiflowai.com

Quedo atento a tus comentarios si deseas probarlo."
491,"Mauricio","Urrutia","Desarrollos Comerciales Latam","Director Legal & Arrendamientos Corporativos","https://www.linkedin.com/in/mauricio-urrutia-realestate-491","legal.mauricio.urrutia491@mendozacorp.sv","Hola Mauricio, un gusto conectar. Veo tu liderazgo como Director Legal & Arrendamientos Corporativos en Desarrollos Comerciales Latam. En Audiflowai desarrollamos un motor de IA determinista para auditar contratos y detectar pasivos ocultos en 40s antes de firma o cierre contable. Saludos!","Estimado/a Mauricio,

Un gusto saludarte. Te contacto porque en empresas del sector de Desarrollos Comerciales Latam, el mayor dolor que vemos en auditorías no son los números del balance, sino las contingencias ocultas en contratos con proveedores (penalizaciones no registradas, cláusulas de rescisión asimétricas y sobrecostos).

En Audiflowai (https://audiflowai.com) creamos una infraestructura que cruza contratos contra balances en 40 segundos con rigor forense (cero alucinaciones y 100% en memoria volátil sin guardar datos en disco).

¿Te gustaría que te enviemos un análisis de prueba sin costo sobre 1 contrato modelo para que lo evalúes con tu equipo?

Saludos cordiales,
Equipo Audiflowai
soporte@audiflowai.com","Hola Mauricio, espero que estés teniendo una excelente semana.

Te comparto un dato rápido: el 68% de las contingencias en procesos de Due Diligence provienen de cláusulas pasadas por alto. 

Habilitamos un acceso de cortesía para escanear 1 contrato completo sin tarjeta ni registro previo aquí: https://audiflowai.com

Quedo atento a tus comentarios si deseas probarlo."
492,"Alexander","Davis","Logistica Inmobiliaria del Pacifico","General Counsel - Commercial Real Estate & Leases","https://www.linkedin.com/in/alexander-davis-realestate-492","legal.alexander.davis492@guzmanpartners.cr","Hola Alexander, un gusto conectar. Veo tu liderazgo como General Counsel - Commercial Real Estate & Leases en Logistica Inmobiliaria del Pacifico. En Audiflowai desarrollamos un motor de IA determinista para auditar contratos y detectar pasivos ocultos en 40s antes de firma o cierre contable. Saludos!","Estimado/a Alexander,

Un gusto saludarte. Te contacto porque en empresas del sector de Logistica Inmobiliaria del Pacifico, el mayor dolor que vemos en auditorías no son los números del balance, sino las contingencias ocultas en contratos con proveedores (penalizaciones no registradas, cláusulas de rescisión asimétricas y sobrecostos).

En Audiflowai (https://audiflowai.com) creamos una infraestructura que cruza contratos contra balances en 40 segundos con rigor forense (cero alucinaciones y 100% en memoria volátil sin guardar datos en disco).

¿Te gustaría que te enviemos un análisis de prueba sin costo sobre 1 contrato modelo para que lo evalúes con tu equipo?

Saludos cordiales,
Equipo Audiflowai
soporte@audiflowai.com","Hola Alexander, espero que estés teniendo una excelente semana.

Te comparto un dato rápido: el 68% de las contingencias en procesos de Due Diligence provienen de cláusulas pasadas por alto. 

Habilitamos un acceso de cortesía para escanear 1 contrato completo sin tarjeta ni registro previo aquí: https://audiflowai.com

Quedo atento a tus comentarios si deseas probarlo."
493,"Sofia","Fuentes","Manhattan Asset Management","Director Legal & Arrendamientos Corporativos","https://www.linkedin.com/in/sofia-fuentes-realestate-493","legal.sofia.fuentes493@escobarenterprise.pe","Hola Sofia, un gusto conectar. Veo tu liderazgo como Director Legal & Arrendamientos Corporativos en Manhattan Asset Management. En Audiflowai desarrollamos un motor de IA determinista para auditar contratos y detectar pasivos ocultos en 40s antes de firma o cierre contable. Saludos!","Estimado/a Sofia,

Un gusto saludarte. Te contacto porque en empresas del sector de Manhattan Asset Management, el mayor dolor que vemos en auditorías no son los números del balance, sino las contingencias ocultas en contratos con proveedores (penalizaciones no registradas, cláusulas de rescisión asimétricas y sobrecostos).

En Audiflowai (https://audiflowai.com) creamos una infraestructura que cruza contratos contra balances en 40 segundos con rigor forense (cero alucinaciones y 100% en memoria volátil sin guardar datos en disco).

¿Te gustaría que te enviemos un análisis de prueba sin costo sobre 1 contrato modelo para que lo evalúes con tu equipo?

Saludos cordiales,
Equipo Audiflowai
soporte@audiflowai.com","Hola Sofia, espero que estés teniendo una excelente semana.

Te comparto un dato rápido: el 68% de las contingencias en procesos de Due Diligence provienen de cláusulas pasadas por alto. 

Habilitamos un acceso de cortesía para escanear 1 contrato completo sin tarjeta ni registro previo aquí: https://audiflowai.com

Quedo atento a tus comentarios si deseas probarlo."
494,"Henry","Wagner","Zurich Property Partners","General Counsel - Commercial Real Estate & Leases","https://www.linkedin.com/in/henry-wagner-realestate-494","legal.henry.wagner494@cisneroslogistics.co","Hola Henry, un gusto conectar. Veo tu liderazgo como General Counsel - Commercial Real Estate & Leases en Zurich Property Partners. En Audiflowai desarrollamos un motor de IA determinista para auditar contratos y detectar pasivos ocultos en 40s antes de firma o cierre contable. Saludos!","Estimado/a Henry,

Un gusto saludarte. Te contacto porque en empresas del sector de Zurich Property Partners, el mayor dolor que vemos en auditorías no son los números del balance, sino las contingencias ocultas en contratos con proveedores (penalizaciones no registradas, cláusulas de rescisión asimétricas y sobrecostos).

En Audiflowai (https://audiflowai.com) creamos una infraestructura que cruza contratos contra balances en 40 segundos con rigor forense (cero alucinaciones y 100% en memoria volátil sin guardar datos en disco).

¿Te gustaría que te enviemos un análisis de prueba sin costo sobre 1 contrato modelo para que lo evalúes con tu equipo?

Saludos cordiales,
Equipo Audiflowai
soporte@audiflowai.com","Hola Henry, espero que estés teniendo una excelente semana.

Te comparto un dato rápido: el 68% de las contingencias en procesos de Due Diligence provienen de cláusulas pasadas por alto. 

Habilitamos un acceso de cortesía para escanear 1 contrato completo sin tarjeta ni registro previo aquí: https://audiflowai.com

Quedo atento a tus comentarios si deseas probarlo."
495,"Victoria","Mendoza","Inmobiliaria Corporativa Central","Director Legal & Arrendamientos Corporativos","https://www.linkedin.com/in/victoria-mendoza-realestate-495","legal.victoria.mendoza495@alvaradoholdings.sv","Hola Victoria, un gusto conectar. Veo tu liderazgo como Director Legal & Arrendamientos Corporativos en Inmobiliaria Corporativa Central. En Audiflowai desarrollamos un motor de IA determinista para auditar contratos y detectar pasivos ocultos en 40s antes de firma o cierre contable. Saludos!","Estimado/a Victoria,

Un gusto saludarte. Te contacto porque en empresas del sector de Inmobiliaria Corporativa Central, el mayor dolor que vemos en auditorías no son los números del balance, sino las contingencias ocultas en contratos con proveedores (penalizaciones no registradas, cláusulas de rescisión asimétricas y sobrecostos).

En Audiflowai (https://audiflowai.com) creamos una infraestructura que cruza contratos contra balances en 40 segundos con rigor forense (cero alucinaciones y 100% en memoria volátil sin guardar datos en disco).

¿Te gustaría que te enviemos un análisis de prueba sin costo sobre 1 contrato modelo para que lo evalúes con tu equipo?

Saludos cordiales,
Equipo Audiflowai
soporte@audiflowai.com","Hola Victoria, espero que estés teniendo una excelente semana.

Te comparto un dato rápido: el 68% de las contingencias en procesos de Due Diligence provienen de cláusulas pasadas por alto. 

Habilitamos un acceso de cortesía para escanear 1 contrato completo sin tarjeta ni registro previo aquí: https://audiflowai.com

Quedo atento a tus comentarios si deseas probarlo."
496,"Thomas","Anderson","Desarrollos Comerciales Latam","General Counsel - Commercial Real Estate & Leases","https://www.linkedin.com/in/thomas-anderson-realestate-496","legal.thomas.anderson496@nordiclogistics.se","Hola Thomas, un gusto conectar. Veo tu liderazgo como General Counsel - Commercial Real Estate & Leases en Desarrollos Comerciales Latam. En Audiflowai desarrollamos un motor de IA determinista para auditar contratos y detectar pasivos ocultos en 40s antes de firma o cierre contable. Saludos!","Estimado/a Thomas,

Un gusto saludarte. Te contacto porque en empresas del sector de Desarrollos Comerciales Latam, el mayor dolor que vemos en auditorías no son los números del balance, sino las contingencias ocultas en contratos con proveedores (penalizaciones no registradas, cláusulas de rescisión asimétricas y sobrecostos).

En Audiflowai (https://audiflowai.com) creamos una infraestructura que cruza contratos contra balances en 40 segundos con rigor forense (cero alucinaciones y 100% en memoria volátil sin guardar datos en disco).

¿Te gustaría que te enviemos un análisis de prueba sin costo sobre 1 contrato modelo para que lo evalúes con tu equipo?

Saludos cordiales,
Equipo Audiflowai
soporte@audiflowai.com","Hola Thomas, espero que estés teniendo una excelente semana.

Te comparto un dato rápido: el 68% de las contingencias en procesos de Due Diligence provienen de cláusulas pasadas por alto. 

Habilitamos un acceso de cortesía para escanear 1 contrato completo sin tarjeta ni registro previo aquí: https://audiflowai.com

Quedo atento a tus comentarios si deseas probarlo."
497,"Mauricio","Herrera","Logistica Inmobiliaria del Pacifico","Director Legal & Arrendamientos Corporativos","https://www.linkedin.com/in/mauricio-herrera-realestate-497","legal.mauricio.herrera497@lombardcapital.ch","Hola Mauricio, un gusto conectar. Veo tu liderazgo como Director Legal & Arrendamientos Corporativos en Logistica Inmobiliaria del Pacifico. En Audiflowai desarrollamos un motor de IA determinista para auditar contratos y detectar pasivos ocultos en 40s antes de firma o cierre contable. Saludos!","Estimado/a Mauricio,

Un gusto saludarte. Te contacto porque en empresas del sector de Logistica Inmobiliaria del Pacifico, el mayor dolor que vemos en auditorías no son los números del balance, sino las contingencias ocultas en contratos con proveedores (penalizaciones no registradas, cláusulas de rescisión asimétricas y sobrecostos).

En Audiflowai (https://audiflowai.com) creamos una infraestructura que cruza contratos contra balances en 40 segundos con rigor forense (cero alucinaciones y 100% en memoria volátil sin guardar datos en disco).

¿Te gustaría que te enviemos un análisis de prueba sin costo sobre 1 contrato modelo para que lo evalúes con tu equipo?

Saludos cordiales,
Equipo Audiflowai
soporte@audiflowai.com","Hola Mauricio, espero que estés teniendo una excelente semana.

Te comparto un dato rápido: el 68% de las contingencias en procesos de Due Diligence provienen de cláusulas pasadas por alto. 

Habilitamos un acceso de cortesía para escanear 1 contrato completo sin tarjeta ni registro previo aquí: https://audiflowai.com

Quedo atento a tus comentarios si deseas probarlo."
498,"Alexander","Hoffmann","Manhattan Asset Management","General Counsel - Commercial Real Estate & Leases","https://www.linkedin.com/in/alexander-hoffmann-realestate-498","legal.alexander.hoffmann498@vargasretail.co","Hola Alexander, un gusto conectar. Veo tu liderazgo como General Counsel - Commercial Real Estate & Leases en Manhattan Asset Management. En Audiflowai desarrollamos un motor de IA determinista para auditar contratos y detectar pasivos ocultos en 40s antes de firma o cierre contable. Saludos!","Estimado/a Alexander,

Un gusto saludarte. Te contacto porque en empresas del sector de Manhattan Asset Management, el mayor dolor que vemos en auditorías no son los números del balance, sino las contingencias ocultas en contratos con proveedores (penalizaciones no registradas, cláusulas de rescisión asimétricas y sobrecostos).

En Audiflowai (https://audiflowai.com) creamos una infraestructura que cruza contratos contra balances en 40 segundos con rigor forense (cero alucinaciones y 100% en memoria volátil sin guardar datos en disco).

¿Te gustaría que te enviemos un análisis de prueba sin costo sobre 1 contrato modelo para que lo evalúes con tu equipo?

Saludos cordiales,
Equipo Audiflowai
soporte@audiflowai.com","Hola Alexander, espero que estés teniendo una excelente semana.

Te comparto un dato rápido: el 68% de las contingencias en procesos de Due Diligence provienen de cláusulas pasadas por alto. 

Habilitamos un acceso de cortesía para escanear 1 contrato completo sin tarjeta ni registro previo aquí: https://audiflowai.com

Quedo atento a tus comentarios si deseas probarlo."
499,"Sofia","Silva","Zurich Property Partners","Director Legal & Arrendamientos Corporativos","https://www.linkedin.com/in/sofia-silva-realestate-499","legal.sofia.silva499@herreratrade.pa","Hola Sofia, un gusto conectar. Veo tu liderazgo como Director Legal & Arrendamientos Corporativos en Zurich Property Partners. En Audiflowai desarrollamos un motor de IA determinista para auditar contratos y detectar pasivos ocultos en 40s antes de firma o cierre contable. Saludos!","Estimado/a Sofia,

Un gusto saludarte. Te contacto porque en empresas del sector de Zurich Property Partners, el mayor dolor que vemos en auditorías no son los números del balance, sino las contingencias ocultas en contratos con proveedores (penalizaciones no registradas, cláusulas de rescisión asimétricas y sobrecostos).

En Audiflowai (https://audiflowai.com) creamos una infraestructura que cruza contratos contra balances en 40 segundos con rigor forense (cero alucinaciones y 100% en memoria volátil sin guardar datos en disco).

¿Te gustaría que te enviemos un análisis de prueba sin costo sobre 1 contrato modelo para que lo evalúes con tu equipo?

Saludos cordiales,
Equipo Audiflowai
soporte@audiflowai.com","Hola Sofia, espero que estés teniendo una excelente semana.

Te comparto un dato rápido: el 68% de las contingencias en procesos de Due Diligence provienen de cláusulas pasadas por alto. 

Habilitamos un acceso de cortesía para escanear 1 contrato completo sin tarjeta ni registro previo aquí: https://audiflowai.com

Quedo atento a tus comentarios si deseas probarlo."
500,"Henry","Moore","Inmobiliaria Corporativa Central","General Counsel - Commercial Real Estate & Leases","https://www.linkedin.com/in/henry-moore-realestate-500","legal.henry.moore500@fuentesindustries.gt","Hola Henry, un gusto conectar. Veo tu liderazgo como General Counsel - Commercial Real Estate & Leases en Inmobiliaria Corporativa Central. En Audiflowai desarrollamos un motor de IA determinista para auditar contratos y detectar pasivos ocultos en 40s antes de firma o cierre contable. Saludos!","Estimado/a Henry,

Un gusto saludarte. Te contacto porque en empresas del sector de Inmobiliaria Corporativa Central, el mayor dolor que vemos en auditorías no son los números del balance, sino las contingencias ocultas en contratos con proveedores (penalizaciones no registradas, cláusulas de rescisión asimétricas y sobrecostos).

En Audiflowai (https://audiflowai.com) creamos una infraestructura que cruza contratos contra balances en 40 segundos con rigor forense (cero alucinaciones y 100% en memoria volátil sin guardar datos en disco).

¿Te gustaría que te enviemos un análisis de prueba sin costo sobre 1 contrato modelo para que lo evalúes con tu equipo?

Saludos cordiales,
Equipo Audiflowai
soporte@audiflowai.com","Hola Henry, espero que estés teniendo una excelente semana.

Te comparto un dato rápido: el 68% de las contingencias en procesos de Due Diligence provienen de cláusulas pasadas por alto. 

Habilitamos un acceso de cortesía para escanear 1 contrato completo sin tarjeta ni registro previo aquí: https://audiflowai.com

Quedo atento a tus comentarios si deseas probarlo."