ID,Nombre,Apellido,Empresa,Cargo,Sector,Pais,LinkedIn_URL,Email,Nota_Conexion,Mensaje_Oficial_Ricardo
1,"Eduardo","Poma","Grupo Poma","Director de Finanzas (CFO)","Inmobiliario y Automotriz","El Salvador","https://www.linkedin.com/in/eduardo-poma-cfo-1","eduardo.poma@grupopoma.com","Hola Eduardo, un gusto conectar. Como Director Financiero en Grupo Poma, desarrollamos AuditFlow AI para auditar contratos y facturas en 8s en RAM volátil. Saludos! - Ricardo Bolaños","Hola Eduardo,

Como Director de Finanzas en Grupo Poma, seguramente gestionas contratos y facturas donde cualquier cláusula trampa puede costar mucho dinero o riesgo legal.

Por eso creamos AuditFlow AI:
• Audita contratos y facturas en 8 segundos,
• Trabaja en memoria RAM volátil (0 retención en disco),
• Detecta cláusulas riesgosas y genera contrapropuesta en Word (.docx con Control de Cambios) lista para enviar.

Puedes probarlo con tu primer contrato 100% gratis, sin tarjeta ni registro, aquí:
https://audiflowai.com

Si te interesa, con gusto coordinamos 15 minutos para ver casos aplicados a Inmobiliario y Automotriz.

Saludos,
Ricardo Bolaños
Gerente General • AuditFlow AI
https://audiflowai.com"
2,"Roberto","Simán","Grupo Simán","Director de Finanzas (CFO)","Retail y Comercio","El Salvador","https://www.linkedin.com/in/roberto-simán-cfo-2","roberto.simn@siman.com","Hola Roberto, un gusto conectar. Como Director Financiero en Grupo Simán, desarrollamos AuditFlow AI para auditar contratos y facturas en 8s en RAM volátil. Saludos! - Ricardo Bolaños","Hola Roberto,

Como Director de Finanzas en Grupo Simán, seguramente gestionas contratos y facturas donde cualquier cláusula trampa puede costar mucho dinero o riesgo legal.

Por eso creamos AuditFlow AI:
• Audita contratos y facturas en 8 segundos,
• Trabaja en memoria RAM volátil (0 retención en disco),
• Detecta cláusulas riesgosas y genera contrapropuesta en Word (.docx con Control de Cambios) lista para enviar.

Puedes probarlo con tu primer contrato 100% gratis, sin tarjeta ni registro, aquí:
https://audiflowai.com

Si te interesa, con gusto coordinamos 15 minutos para ver casos aplicados a Retail y Comercio.

Saludos,
Ricardo Bolaños
Gerente General • AuditFlow AI
https://audiflowai.com"
3,"Hugo","Agrisal","Grupo Agrisal","Director de Finanzas (CFO)","Hotelería e Inmobiliario","El Salvador","https://www.linkedin.com/in/hugo-agrisal-cfo-3","hugo.agrisal@agrisal.com","Hola Hugo, un gusto conectar. Como Director Financiero en Grupo Agrisal, desarrollamos AuditFlow AI para auditar contratos y facturas en 8s en RAM volátil. Saludos! - Ricardo Bolaños","Hola Hugo,

Como Director de Finanzas en Grupo Agrisal, seguramente gestionas contratos y facturas donde cualquier cláusula trampa puede costar mucho dinero o riesgo legal.

Por eso creamos AuditFlow AI:
• Audita contratos y facturas en 8 segundos,
• Trabaja en memoria RAM volátil (0 retención en disco),
• Detecta cláusulas riesgosas y genera contrapropuesta en Word (.docx con Control de Cambios) lista para enviar.

Puedes probarlo con tu primer contrato 100% gratis, sin tarjeta ni registro, aquí:
https://audiflowai.com

Si te interesa, con gusto coordinamos 15 minutos para ver casos aplicados a Hotelería e Inmobiliario.

Saludos,
Ricardo Bolaños
Gerente General • AuditFlow AI
https://audiflowai.com"
4,"Carlos","Calleja","Grupo Calleja / Súper Selectos","Director de Finanzas (CFO)","Supermercados y Retail","El Salvador","https://www.linkedin.com/in/carlos-calleja-cfo-4","carlos.calleja@superselectos.com","Hola Carlos, un gusto conectar. Como Director Financiero en Grupo Calleja / Súper Selectos, desarrollamos AuditFlow AI para auditar contratos y facturas en 8s en RAM volátil. Saludos! - Ricardo Bolaños","Hola Carlos,

Como Director de Finanzas en Grupo Calleja / Súper Selectos, seguramente gestionas contratos y facturas donde cualquier cláusula trampa puede costar mucho dinero o riesgo legal.

Por eso creamos AuditFlow AI:
• Audita contratos y facturas en 8 segundos,
• Trabaja en memoria RAM volátil (0 retención en disco),
• Detecta cláusulas riesgosas y genera contrapropuesta en Word (.docx con Control de Cambios) lista para enviar.

Puedes probarlo con tu primer contrato 100% gratis, sin tarjeta ni registro, aquí:
https://audiflowai.com

Si te interesa, con gusto coordinamos 15 minutos para ver casos aplicados a Supermercados y Retail.

Saludos,
Ricardo Bolaños
Gerente General • AuditFlow AI
https://audiflowai.com"
5,"Mauricio","Samayoa","Banco Cuscatlán","Director de Finanzas (CFO)","Banca y Finanzas","El Salvador","https://www.linkedin.com/in/mauricio-samayoa-cfo-5","mauricio.samayoa@bancocuscatlan.com","Hola Mauricio, un gusto conectar. Como Director Financiero en Banco Cuscatlán, desarrollamos AuditFlow AI para auditar contratos y facturas en 8s en RAM volátil. Saludos! - Ricardo Bolaños","Hola Mauricio,

Como Director de Finanzas en Banco Cuscatlán, seguramente gestionas contratos y facturas donde cualquier cláusula trampa puede costar mucho dinero o riesgo legal.

Por eso creamos AuditFlow AI:
• Audita contratos y facturas en 8 segundos,
• Trabaja en memoria RAM volátil (0 retención en disco),
• Detecta cláusulas riesgosas y genera contrapropuesta en Word (.docx con Control de Cambios) lista para enviar.

Puedes probarlo con tu primer contrato 100% gratis, sin tarjeta ni registro, aquí:
https://audiflowai.com

Si te interesa, con gusto coordinamos 15 minutos para ver casos aplicados a Banca y Finanzas.

Saludos,
Ricardo Bolaños
Gerente General • AuditFlow AI
https://audiflowai.com"
6,"Rafael","Barraza","Banco Agrícola","Director de Finanzas (CFO)","Servicios Financieros","El Salvador","https://www.linkedin.com/in/rafael-barraza-cfo-6","rafael.barraza@bancoagricola.com.sv","Hola Rafael, un gusto conectar. Como Director Financiero en Banco Agrícola, desarrollamos AuditFlow AI para auditar contratos y facturas en 8s en RAM volátil. Saludos! - Ricardo Bolaños","Hola Rafael,

Como Director de Finanzas en Banco Agrícola, seguramente gestionas contratos y facturas donde cualquier cláusula trampa puede costar mucho dinero o riesgo legal.

Por eso creamos AuditFlow AI:
• Audita contratos y facturas en 8 segundos,
• Trabaja en memoria RAM volátil (0 retención en disco),
• Detecta cláusulas riesgosas y genera contrapropuesta en Word (.docx con Control de Cambios) lista para enviar.

Puedes probarlo con tu primer contrato 100% gratis, sin tarjeta ni registro, aquí:
https://audiflowai.com

Si te interesa, con gusto coordinamos 15 minutos para ver casos aplicados a Servicios Financieros.

Saludos,
Ricardo Bolaños
Gerente General • AuditFlow AI
https://audiflowai.com"
7,"Fernando","González","BAC Credomatic El Salvador","Director de Finanzas (CFO)","Banca Corporativa","El Salvador","https://www.linkedin.com/in/fernando-gonzález-cfo-7","fernando.gonzlez@baccredomatic.com","Hola Fernando, un gusto conectar. Como Director Financiero en BAC Credomatic El Salvador, desarrollamos AuditFlow AI para auditar contratos y facturas en 8s en RAM volátil. Saludos! - Ricardo Bolaños","Hola Fernando,

Como Director de Finanzas en BAC Credomatic El Salvador, seguramente gestionas contratos y facturas donde cualquier cláusula trampa puede costar mucho dinero o riesgo legal.

Por eso creamos AuditFlow AI:
• Audita contratos y facturas en 8 segundos,
• Trabaja en memoria RAM volátil (0 retención en disco),
• Detecta cláusulas riesgosas y genera contrapropuesta en Word (.docx con Control de Cambios) lista para enviar.

Puedes probarlo con tu primer contrato 100% gratis, sin tarjeta ni registro, aquí:
https://audiflowai.com

Si te interesa, con gusto coordinamos 15 minutos para ver casos aplicados a Banca Corporativa.

Saludos,
Ricardo Bolaños
Gerente General • AuditFlow AI
https://audiflowai.com"
8,"Guillermo","Baires","Banco Davivienda El Salvador","Director de Finanzas (CFO)","Banca y Seguros","El Salvador","https://www.linkedin.com/in/guillermo-baires-cfo-8","guillermo.baires@davivienda.com.sv","Hola Guillermo, un gusto conectar. Como Director Financiero en Banco Davivienda El Salvador, desarrollamos AuditFlow AI para auditar contratos y facturas en 8s en RAM volátil. Saludos! - Ricardo Bolaños","Hola Guillermo,

Como Director de Finanzas en Banco Davivienda El Salvador, seguramente gestionas contratos y facturas donde cualquier cláusula trampa puede costar mucho dinero o riesgo legal.

Por eso creamos AuditFlow AI:
• Audita contratos y facturas en 8 segundos,
• Trabaja en memoria RAM volátil (0 retención en disco),
• Detecta cláusulas riesgosas y genera contrapropuesta en Word (.docx con Control de Cambios) lista para enviar.

Puedes probarlo con tu primer contrato 100% gratis, sin tarjeta ni registro, aquí:
https://audiflowai.com

Si te interesa, con gusto coordinamos 15 minutos para ver casos aplicados a Banca y Seguros.

Saludos,
Ricardo Bolaños
Gerente General • AuditFlow AI
https://audiflowai.com"
9,"Alejandro","Poma","Excel Automotriz","Director de Finanzas (CFO)","Automotriz y Logística","El Salvador","https://www.linkedin.com/in/alejandro-poma-cfo-9","alejandro.poma@excelautomotriz.com","Hola Alejandro, un gusto conectar. Como Director Financiero en Excel Automotriz, desarrollamos AuditFlow AI para auditar contratos y facturas en 8s en RAM volátil. Saludos! - Ricardo Bolaños","Hola Alejandro,

Como Director de Finanzas en Excel Automotriz, seguramente gestionas contratos y facturas donde cualquier cláusula trampa puede costar mucho dinero o riesgo legal.

Por eso creamos AuditFlow AI:
• Audita contratos y facturas en 8 segundos,
• Trabaja en memoria RAM volátil (0 retención en disco),
• Detecta cláusulas riesgosas y genera contrapropuesta en Word (.docx con Control de Cambios) lista para enviar.

Puedes probarlo con tu primer contrato 100% gratis, sin tarjeta ni registro, aquí:
https://audiflowai.com

Si te interesa, con gusto coordinamos 15 minutos para ver casos aplicados a Automotriz y Logística.

Saludos,
Ricardo Bolaños
Gerente General • AuditFlow AI
https://audiflowai.com"
10,"Víctor","Saca","Laboratorios Vijosa","Director de Finanzas (CFO)","Farmacéutica y Salud","El Salvador","https://www.linkedin.com/in/víctor-saca-cfo-10","vctor.saca@vijosa.com","Hola Víctor, un gusto conectar. Como Director Financiero en Laboratorios Vijosa, desarrollamos AuditFlow AI para auditar contratos y facturas en 8s en RAM volátil. Saludos! - Ricardo Bolaños","Hola Víctor,

Como Director de Finanzas en Laboratorios Vijosa, seguramente gestionas contratos y facturas donde cualquier cláusula trampa puede costar mucho dinero o riesgo legal.

Por eso creamos AuditFlow AI:
• Audita contratos y facturas en 8 segundos,
• Trabaja en memoria RAM volátil (0 retención en disco),
• Detecta cláusulas riesgosas y genera contrapropuesta en Word (.docx con Control de Cambios) lista para enviar.

Puedes probarlo con tu primer contrato 100% gratis, sin tarjeta ni registro, aquí:
https://audiflowai.com

Si te interesa, con gusto coordinamos 15 minutos para ver casos aplicados a Farmacéutica y Salud.

Saludos,
Ricardo Bolaños
Gerente General • AuditFlow AI
https://audiflowai.com"
11,"Gustavo","López","Laboratorios López","Director de Finanzas (CFO)","Industria Farmacéutica","El Salvador","https://www.linkedin.com/in/gustavo-lópez-cfo-11","gustavo.lpez@laboratorioslopez.com.sv","Hola Gustavo, un gusto conectar. Como Director Financiero en Laboratorios López, desarrollamos AuditFlow AI para auditar contratos y facturas en 8s en RAM volátil. Saludos! - Ricardo Bolaños","Hola Gustavo,

Como Director de Finanzas en Laboratorios López, seguramente gestionas contratos y facturas donde cualquier cláusula trampa puede costar mucho dinero o riesgo legal.

Por eso creamos AuditFlow AI:
• Audita contratos y facturas en 8 segundos,
• Trabaja en memoria RAM volátil (0 retención en disco),
• Detecta cláusulas riesgosas y genera contrapropuesta en Word (.docx con Control de Cambios) lista para enviar.

Puedes probarlo con tu primer contrato 100% gratis, sin tarjeta ni registro, aquí:
https://audiflowai.com

Si te interesa, con gusto coordinamos 15 minutos para ver casos aplicados a Industria Farmacéutica.

Saludos,
Ricardo Bolaños
Gerente General • AuditFlow AI
https://audiflowai.com"
12,"Rodrigo","Tona","Termoencogibles","Director de Finanzas (CFO)","Empaques y Manufactura","El Salvador","https://www.linkedin.com/in/rodrigo-tona-cfo-12","rodrigo.tona@termoencogibles.com","Hola Rodrigo, un gusto conectar. Como Director Financiero en Termoencogibles, desarrollamos AuditFlow AI para auditar contratos y facturas en 8s en RAM volátil. Saludos! - Ricardo Bolaños","Hola Rodrigo,

Como Director de Finanzas en Termoencogibles, seguramente gestionas contratos y facturas donde cualquier cláusula trampa puede costar mucho dinero o riesgo legal.

Por eso creamos AuditFlow AI:
• Audita contratos y facturas en 8 segundos,
• Trabaja en memoria RAM volátil (0 retención en disco),
• Detecta cláusulas riesgosas y genera contrapropuesta en Word (.docx con Control de Cambios) lista para enviar.

Puedes probarlo con tu primer contrato 100% gratis, sin tarjeta ni registro, aquí:
https://audiflowai.com

Si te interesa, con gusto coordinamos 15 minutos para ver casos aplicados a Empaques y Manufactura.

Saludos,
Ricardo Bolaños
Gerente General • AuditFlow AI
https://audiflowai.com"
13,"Arturo","Sagrera","Sigma Q","Director de Finanzas (CFO)","Empaques Industriales","El Salvador","https://www.linkedin.com/in/arturo-sagrera-cfo-13","arturo.sagrera@sigmaq.com","Hola Arturo, un gusto conectar. Como Director Financiero en Sigma Q, desarrollamos AuditFlow AI para auditar contratos y facturas en 8s en RAM volátil. Saludos! - Ricardo Bolaños","Hola Arturo,

Como Director de Finanzas en Sigma Q, seguramente gestionas contratos y facturas donde cualquier cláusula trampa puede costar mucho dinero o riesgo legal.

Por eso creamos AuditFlow AI:
• Audita contratos y facturas en 8 segundos,
• Trabaja en memoria RAM volátil (0 retención en disco),
• Detecta cláusulas riesgosas y genera contrapropuesta en Word (.docx con Control de Cambios) lista para enviar.

Puedes probarlo con tu primer contrato 100% gratis, sin tarjeta ni registro, aquí:
https://audiflowai.com

Si te interesa, con gusto coordinamos 15 minutos para ver casos aplicados a Empaques Industriales.

Saludos,
Ricardo Bolaños
Gerente General • AuditFlow AI
https://audiflowai.com"
14,"Mario","Valiente","Industrias La Constancia (AB InBev)","Director de Finanzas (CFO)","Bebidas y Consumo Masivo","El Salvador","https://www.linkedin.com/in/mario-valiente-cfo-14","mario.valiente@laconstancia.com","Hola Mario, un gusto conectar. Como Director Financiero en Industrias La Constancia (AB InBev), desarrollamos AuditFlow AI para auditar contratos y facturas en 8s en RAM volátil. Saludos! - Ricardo Bolaños","Hola Mario,

Como Director de Finanzas en Industrias La Constancia (AB InBev), seguramente gestionas contratos y facturas donde cualquier cláusula trampa puede costar mucho dinero o riesgo legal.

Por eso creamos AuditFlow AI:
• Audita contratos y facturas en 8 segundos,
• Trabaja en memoria RAM volátil (0 retención en disco),
• Detecta cláusulas riesgosas y genera contrapropuesta en Word (.docx con Control de Cambios) lista para enviar.

Puedes probarlo con tu primer contrato 100% gratis, sin tarjeta ni registro, aquí:
https://audiflowai.com

Si te interesa, con gusto coordinamos 15 minutos para ver casos aplicados a Bebidas y Consumo Masivo.

Saludos,
Ricardo Bolaños
Gerente General • AuditFlow AI
https://audiflowai.com"
15,"Claudia","Ibaceta","Productos Alimenticios Diana","Director de Finanzas (CFO)","Alimentos y Snacks","El Salvador","https://www.linkedin.com/in/claudia-ibaceta-cfo-15","claudia.ibaceta@diana.com.sv","Hola Claudia, un gusto conectar. Como Director Financiero en Productos Alimenticios Diana, desarrollamos AuditFlow AI para auditar contratos y facturas en 8s en RAM volátil. Saludos! - Ricardo Bolaños","Hola Claudia,

Como Director de Finanzas en Productos Alimenticios Diana, seguramente gestionas contratos y facturas donde cualquier cláusula trampa puede costar mucho dinero o riesgo legal.

Por eso creamos AuditFlow AI:
• Audita contratos y facturas en 8 segundos,
• Trabaja en memoria RAM volátil (0 retención en disco),
• Detecta cláusulas riesgosas y genera contrapropuesta en Word (.docx con Control de Cambios) lista para enviar.

Puedes probarlo con tu primer contrato 100% gratis, sin tarjeta ni registro, aquí:
https://audiflowai.com

Si te interesa, con gusto coordinamos 15 minutos para ver casos aplicados a Alimentos y Snacks.

Saludos,
Ricardo Bolaños
Gerente General • AuditFlow AI
https://audiflowai.com"
16,"Federico","Colorado","Galvanissa","Director de Finanzas (CFO)","Acero y Construcción","El Salvador","https://www.linkedin.com/in/federico-colorado-cfo-16","federico.colorado@galvanissa.com","Hola Federico, un gusto conectar. Como Director Financiero en Galvanissa, desarrollamos AuditFlow AI para auditar contratos y facturas en 8s en RAM volátil. Saludos! - Ricardo Bolaños","Hola Federico,

Como Director de Finanzas en Galvanissa, seguramente gestionas contratos y facturas donde cualquier cláusula trampa puede costar mucho dinero o riesgo legal.

Por eso creamos AuditFlow AI:
• Audita contratos y facturas en 8 segundos,
• Trabaja en memoria RAM volátil (0 retención en disco),
• Detecta cláusulas riesgosas y genera contrapropuesta en Word (.docx con Control de Cambios) lista para enviar.

Puedes probarlo con tu primer contrato 100% gratis, sin tarjeta ni registro, aquí:
https://audiflowai.com

Si te interesa, con gusto coordinamos 15 minutos para ver casos aplicados a Acero y Construcción.

Saludos,
Ricardo Bolaños
Gerente General • AuditFlow AI
https://audiflowai.com"
17,"Jaime","Saca","Holcim El Salvador","Director de Finanzas (CFO)","Materiales de Construcción","El Salvador","https://www.linkedin.com/in/jaime-saca-cfo-17","jaime.saca@holcim.com.sv","Hola Jaime, un gusto conectar. Como Director Financiero en Holcim El Salvador, desarrollamos AuditFlow AI para auditar contratos y facturas en 8s en RAM volátil. Saludos! - Ricardo Bolaños","Hola Jaime,

Como Director de Finanzas en Holcim El Salvador, seguramente gestionas contratos y facturas donde cualquier cláusula trampa puede costar mucho dinero o riesgo legal.

Por eso creamos AuditFlow AI:
• Audita contratos y facturas en 8 segundos,
• Trabaja en memoria RAM volátil (0 retención en disco),
• Detecta cláusulas riesgosas y genera contrapropuesta en Word (.docx con Control de Cambios) lista para enviar.

Puedes probarlo con tu primer contrato 100% gratis, sin tarjeta ni registro, aquí:
https://audiflowai.com

Si te interesa, con gusto coordinamos 15 minutos para ver casos aplicados a Materiales de Construcción.

Saludos,
Ricardo Bolaños
Gerente General • AuditFlow AI
https://audiflowai.com"
18,"Manuel","Gutiérrez","Aeroman El Salvador","Director de Finanzas (CFO)","Aeronáutica y MRO","El Salvador","https://www.linkedin.com/in/manuel-gutiérrez-cfo-18","manuel.gutirrez@aeroman.com.sv","Hola Manuel, un gusto conectar. Como Director Financiero en Aeroman El Salvador, desarrollamos AuditFlow AI para auditar contratos y facturas en 8s en RAM volátil. Saludos! - Ricardo Bolaños","Hola Manuel,

Como Director de Finanzas en Aeroman El Salvador, seguramente gestionas contratos y facturas donde cualquier cláusula trampa puede costar mucho dinero o riesgo legal.

Por eso creamos AuditFlow AI:
• Audita contratos y facturas en 8 segundos,
• Trabaja en memoria RAM volátil (0 retención en disco),
• Detecta cláusulas riesgosas y genera contrapropuesta en Word (.docx con Control de Cambios) lista para enviar.

Puedes probarlo con tu primer contrato 100% gratis, sin tarjeta ni registro, aquí:
https://audiflowai.com

Si te interesa, con gusto coordinamos 15 minutos para ver casos aplicados a Aeronáutica y MRO.

Saludos,
Ricardo Bolaños
Gerente General • AuditFlow AI
https://audiflowai.com"
19,"Sergio","Meza","Avianca El Salvador","Director de Finanzas (CFO)","Aviación y Transporte","El Salvador","https://www.linkedin.com/in/sergio-meza-cfo-19","sergio.meza@avianca.com","Hola Sergio, un gusto conectar. Como Director Financiero en Avianca El Salvador, desarrollamos AuditFlow AI para auditar contratos y facturas en 8s en RAM volátil. Saludos! - Ricardo Bolaños","Hola Sergio,

Como Director de Finanzas en Avianca El Salvador, seguramente gestionas contratos y facturas donde cualquier cláusula trampa puede costar mucho dinero o riesgo legal.

Por eso creamos AuditFlow AI:
• Audita contratos y facturas en 8 segundos,
• Trabaja en memoria RAM volátil (0 retención en disco),
• Detecta cláusulas riesgosas y genera contrapropuesta en Word (.docx con Control de Cambios) lista para enviar.

Puedes probarlo con tu primer contrato 100% gratis, sin tarjeta ni registro, aquí:
https://audiflowai.com

Si te interesa, con gusto coordinamos 15 minutos para ver casos aplicados a Aviación y Transporte.

Saludos,
Ricardo Bolaños
Gerente General • AuditFlow AI
https://audiflowai.com"
20,"René","Toruno","Tigo El Salvador (Millicom)","Director de Finanzas (CFO)","Telecomunicaciones y Fintech","El Salvador","https://www.linkedin.com/in/rené-toruno-cfo-20","ren.toruno@tigo.com.sv","Hola René, un gusto conectar. Como Director Financiero en Tigo El Salvador (Millicom), desarrollamos AuditFlow AI para auditar contratos y facturas en 8s en RAM volátil. Saludos! - Ricardo Bolaños","Hola René,

Como Director de Finanzas en Tigo El Salvador (Millicom), seguramente gestionas contratos y facturas donde cualquier cláusula trampa puede costar mucho dinero o riesgo legal.

Por eso creamos AuditFlow AI:
• Audita contratos y facturas en 8 segundos,
• Trabaja en memoria RAM volátil (0 retención en disco),
• Detecta cláusulas riesgosas y genera contrapropuesta en Word (.docx con Control de Cambios) lista para enviar.

Puedes probarlo con tu primer contrato 100% gratis, sin tarjeta ni registro, aquí:
https://audiflowai.com

Si te interesa, con gusto coordinamos 15 minutos para ver casos aplicados a Telecomunicaciones y Fintech.

Saludos,
Ricardo Bolaños
Gerente General • AuditFlow AI
https://audiflowai.com"
21,"Balmore","López","Claro El Salvador (América Móvil)","Director de Finanzas (CFO)","Telecomunicaciones","El Salvador","https://www.linkedin.com/in/balmore-lópez-cfo-21","balmore.lpez@claro.com.sv","Hola Balmore, un gusto conectar. Como Director Financiero en Claro El Salvador (América Móvil), desarrollamos AuditFlow AI para auditar contratos y facturas en 8s en RAM volátil. Saludos! - Ricardo Bolaños","Hola Balmore,

Como Director de Finanzas en Claro El Salvador (América Móvil), seguramente gestionas contratos y facturas donde cualquier cláusula trampa puede costar mucho dinero o riesgo legal.

Por eso creamos AuditFlow AI:
• Audita contratos y facturas en 8 segundos,
• Trabaja en memoria RAM volátil (0 retención en disco),
• Detecta cláusulas riesgosas y genera contrapropuesta en Word (.docx con Control de Cambios) lista para enviar.

Puedes probarlo con tu primer contrato 100% gratis, sin tarjeta ni registro, aquí:
https://audiflowai.com

Si te interesa, con gusto coordinamos 15 minutos para ver casos aplicados a Telecomunicaciones.

Saludos,
Ricardo Bolaños
Gerente General • AuditFlow AI
https://audiflowai.com"
22,"Francisco","Castro","CASSA (Compañía Azucarera Salvadoreña)","Director de Finanzas (CFO)","Agroindustria y Azúcar","El Salvador","https://www.linkedin.com/in/francisco-castro-cfo-22","francisco.castro@cassa.com.sv","Hola Francisco, un gusto conectar. Como Director Financiero en CASSA (Compañía Azucarera Salvadoreña), desarrollamos AuditFlow AI para auditar contratos y facturas en 8s en RAM volátil. Saludos! - Ricardo Bolaños","Hola Francisco,

Como Director de Finanzas en CASSA (Compañía Azucarera Salvadoreña), seguramente gestionas contratos y facturas donde cualquier cláusula trampa puede costar mucho dinero o riesgo legal.

Por eso creamos AuditFlow AI:
• Audita contratos y facturas en 8 segundos,
• Trabaja en memoria RAM volátil (0 retención en disco),
• Detecta cláusulas riesgosas y genera contrapropuesta en Word (.docx con Control de Cambios) lista para enviar.

Puedes probarlo con tu primer contrato 100% gratis, sin tarjeta ni registro, aquí:
https://audiflowai.com

Si te interesa, con gusto coordinamos 15 minutos para ver casos aplicados a Agroindustria y Azúcar.

Saludos,
Ricardo Bolaños
Gerente General • AuditFlow AI
https://audiflowai.com"
23,"Elena","Alvarado","Ingenio El Ángel","Director de Finanzas (CFO)","Agroindustria","El Salvador","https://www.linkedin.com/in/elena-alvarado-cfo-23","elena.alvarado@ingenioelangel.com","Hola Elena, un gusto conectar. Como Director Financiero en Ingenio El Ángel, desarrollamos AuditFlow AI para auditar contratos y facturas en 8s en RAM volátil. Saludos! - Ricardo Bolaños","Hola Elena,

Como Director de Finanzas en Ingenio El Ángel, seguramente gestionas contratos y facturas donde cualquier cláusula trampa puede costar mucho dinero o riesgo legal.

Por eso creamos AuditFlow AI:
• Audita contratos y facturas en 8 segundos,
• Trabaja en memoria RAM volátil (0 retención en disco),
• Detecta cláusulas riesgosas y genera contrapropuesta en Word (.docx con Control de Cambios) lista para enviar.

Puedes probarlo con tu primer contrato 100% gratis, sin tarjeta ni registro, aquí:
https://audiflowai.com

Si te interesa, con gusto coordinamos 15 minutos para ver casos aplicados a Agroindustria.

Saludos,
Ricardo Bolaños
Gerente General • AuditFlow AI
https://audiflowai.com"
24,"Mario","Simán","Unicomer Group","Director de Finanzas (CFO)","Retail Electrodomésticos","El Salvador","https://www.linkedin.com/in/mario-simán-cfo-24","mario.simn@unicomer.com","Hola Mario, un gusto conectar. Como Director Financiero en Unicomer Group, desarrollamos AuditFlow AI para auditar contratos y facturas en 8s en RAM volátil. Saludos! - Ricardo Bolaños","Hola Mario,

Como Director de Finanzas en Unicomer Group, seguramente gestionas contratos y facturas donde cualquier cláusula trampa puede costar mucho dinero o riesgo legal.

Por eso creamos AuditFlow AI:
• Audita contratos y facturas en 8 segundos,
• Trabaja en memoria RAM volátil (0 retención en disco),
• Detecta cláusulas riesgosas y genera contrapropuesta en Word (.docx con Control de Cambios) lista para enviar.

Puedes probarlo con tu primer contrato 100% gratis, sin tarjeta ni registro, aquí:
https://audiflowai.com

Si te interesa, con gusto coordinamos 15 minutos para ver casos aplicados a Retail Electrodomésticos.

Saludos,
Ricardo Bolaños
Gerente General • AuditFlow AI
https://audiflowai.com"
25,"Antonio","Safie","Hilasal","Director de Finanzas (CFO)","Textil y Exportación","El Salvador","https://www.linkedin.com/in/antonio-safie-cfo-25","antonio.safie@hilasal.com","Hola Antonio, un gusto conectar. Como Director Financiero en Hilasal, desarrollamos AuditFlow AI para auditar contratos y facturas en 8s en RAM volátil. Saludos! - Ricardo Bolaños","Hola Antonio,

Como Director de Finanzas en Hilasal, seguramente gestionas contratos y facturas donde cualquier cláusula trampa puede costar mucho dinero o riesgo legal.

Por eso creamos AuditFlow AI:
• Audita contratos y facturas en 8 segundos,
• Trabaja en memoria RAM volátil (0 retención en disco),
• Detecta cláusulas riesgosas y genera contrapropuesta en Word (.docx con Control de Cambios) lista para enviar.

Puedes probarlo con tu primer contrato 100% gratis, sin tarjeta ni registro, aquí:
https://audiflowai.com

Si te interesa, con gusto coordinamos 15 minutos para ver casos aplicados a Textil y Exportación.

Saludos,
Ricardo Bolaños
Gerente General • AuditFlow AI
https://audiflowai.com"
26,"Ricardo","Poma","Roble Inmobiliaria","Director de Finanzas (CFO)","Centros Comerciales e Inmuebles","El Salvador","https://www.linkedin.com/in/ricardo-poma-cfo-26","ricardo.poma@gruporoble.com","Hola Ricardo, un gusto conectar. Como Director Financiero en Roble Inmobiliaria, desarrollamos AuditFlow AI para auditar contratos y facturas en 8s en RAM volátil. Saludos! - Ricardo Bolaños","Hola Ricardo,

Como Director de Finanzas en Roble Inmobiliaria, seguramente gestionas contratos y facturas donde cualquier cláusula trampa puede costar mucho dinero o riesgo legal.

Por eso creamos AuditFlow AI:
• Audita contratos y facturas en 8 segundos,
• Trabaja en memoria RAM volátil (0 retención en disco),
• Detecta cláusulas riesgosas y genera contrapropuesta en Word (.docx con Control de Cambios) lista para enviar.

Puedes probarlo con tu primer contrato 100% gratis, sin tarjeta ni registro, aquí:
https://audiflowai.com

Si te interesa, con gusto coordinamos 15 minutos para ver casos aplicados a Centros Comerciales e Inmuebles.

Saludos,
Ricardo Bolaños
Gerente General • AuditFlow AI
https://audiflowai.com"
27,"Jorge","Zablah","AES El Salvador","Director de Finanzas (CFO)","Energía Eléctrica","El Salvador","https://www.linkedin.com/in/jorge-zablah-cfo-27","jorge.zablah@aeselsalvador.com","Hola Jorge, un gusto conectar. Como Director Financiero en AES El Salvador, desarrollamos AuditFlow AI para auditar contratos y facturas en 8s en RAM volátil. Saludos! - Ricardo Bolaños","Hola Jorge,

Como Director de Finanzas en AES El Salvador, seguramente gestionas contratos y facturas donde cualquier cláusula trampa puede costar mucho dinero o riesgo legal.

Por eso creamos AuditFlow AI:
• Audita contratos y facturas en 8 segundos,
• Trabaja en memoria RAM volátil (0 retención en disco),
• Detecta cláusulas riesgosas y genera contrapropuesta en Word (.docx con Control de Cambios) lista para enviar.

Puedes probarlo con tu primer contrato 100% gratis, sin tarjeta ni registro, aquí:
https://audiflowai.com

Si te interesa, con gusto coordinamos 15 minutos para ver casos aplicados a Energía Eléctrica.

Saludos,
Ricardo Bolaños
Gerente General • AuditFlow AI
https://audiflowai.com"
28,"Walter","Mendoza","DELSUR","Director de Finanzas (CFO)","Distribución de Energía","El Salvador","https://www.linkedin.com/in/walter-mendoza-cfo-28","walter.mendoza@delsur.com.sv","Hola Walter, un gusto conectar. Como Director Financiero en DELSUR, desarrollamos AuditFlow AI para auditar contratos y facturas en 8s en RAM volátil. Saludos! - Ricardo Bolaños","Hola Walter,

Como Director de Finanzas en DELSUR, seguramente gestionas contratos y facturas donde cualquier cláusula trampa puede costar mucho dinero o riesgo legal.

Por eso creamos AuditFlow AI:
• Audita contratos y facturas en 8 segundos,
• Trabaja en memoria RAM volátil (0 retención en disco),
• Detecta cláusulas riesgosas y genera contrapropuesta en Word (.docx con Control de Cambios) lista para enviar.

Puedes probarlo con tu primer contrato 100% gratis, sin tarjeta ni registro, aquí:
https://audiflowai.com

Si te interesa, con gusto coordinamos 15 minutos para ver casos aplicados a Distribución de Energía.

Saludos,
Ricardo Bolaños
Gerente General • AuditFlow AI
https://audiflowai.com"
29,"Carlos","Morán","Puma Energy El Salvador","Director de Finanzas (CFO)","Combustibles y Energía","El Salvador","https://www.linkedin.com/in/carlos-morán-cfo-29","carlos.morn@pumaenergy.com","Hola Carlos, un gusto conectar. Como Director Financiero en Puma Energy El Salvador, desarrollamos AuditFlow AI para auditar contratos y facturas en 8s en RAM volátil. Saludos! - Ricardo Bolaños","Hola Carlos,

Como Director de Finanzas en Puma Energy El Salvador, seguramente gestionas contratos y facturas donde cualquier cláusula trampa puede costar mucho dinero o riesgo legal.

Por eso creamos AuditFlow AI:
• Audita contratos y facturas en 8 segundos,
• Trabaja en memoria RAM volátil (0 retención en disco),
• Detecta cláusulas riesgosas y genera contrapropuesta en Word (.docx con Control de Cambios) lista para enviar.

Puedes probarlo con tu primer contrato 100% gratis, sin tarjeta ni registro, aquí:
https://audiflowai.com

Si te interesa, con gusto coordinamos 15 minutos para ver casos aplicados a Combustibles y Energía.

Saludos,
Ricardo Bolaños
Gerente General • AuditFlow AI
https://audiflowai.com"
30,"Luis","Álvarez","Bolsa de Valores de El Salvador","Director de Finanzas (CFO)","Mercado de Capitales","El Salvador","https://www.linkedin.com/in/luis-álvarez-cfo-30","luis.lvarez@bves.com.sv","Hola Luis, un gusto conectar. Como Director Financiero en Bolsa de Valores de El Salvador, desarrollamos AuditFlow AI para auditar contratos y facturas en 8s en RAM volátil. Saludos! - Ricardo Bolaños","Hola Luis,

Como Director de Finanzas en Bolsa de Valores de El Salvador, seguramente gestionas contratos y facturas donde cualquier cláusula trampa puede costar mucho dinero o riesgo legal.

Por eso creamos AuditFlow AI:
• Audita contratos y facturas en 8 segundos,
• Trabaja en memoria RAM volátil (0 retención en disco),
• Detecta cláusulas riesgosas y genera contrapropuesta en Word (.docx con Control de Cambios) lista para enviar.

Puedes probarlo con tu primer contrato 100% gratis, sin tarjeta ni registro, aquí:
https://audiflowai.com

Si te interesa, con gusto coordinamos 15 minutos para ver casos aplicados a Mercado de Capitales.

Saludos,
Ricardo Bolaños
Gerente General • AuditFlow AI
https://audiflowai.com"
31,"Juan Luis","Bosch","CMI (Corporación Multi Inversiones)","Director de Finanzas (CFO)","Alimentos y Energía","Guatemala","https://www.linkedin.com/in/juan-luis-bosch-cfo-31","juanluis.bosch@somoscmi.com","Hola Juan Luis, un gusto conectar. Como Director Financiero en CMI (Corporación Multi Inversiones), desarrollamos AuditFlow AI para auditar contratos y facturas en 8s en RAM volátil. Saludos! - Ricardo Bolaños","Hola Juan Luis,

Como Director de Finanzas en CMI (Corporación Multi Inversiones), seguramente gestionas contratos y facturas donde cualquier cláusula trampa puede costar mucho dinero o riesgo legal.

Por eso creamos AuditFlow AI:
• Audita contratos y facturas en 8 segundos,
• Trabaja en memoria RAM volátil (0 retención en disco),
• Detecta cláusulas riesgosas y genera contrapropuesta en Word (.docx con Control de Cambios) lista para enviar.

Puedes probarlo con tu primer contrato 100% gratis, sin tarjeta ni registro, aquí:
https://audiflowai.com

Si te interesa, con gusto coordinamos 15 minutos para ver casos aplicados a Alimentos y Energía.

Saludos,
Ricardo Bolaños
Gerente General • AuditFlow AI
https://audiflowai.com"
32,"Juan José","Gutiérrez","CMI Alimentos / Pollo Campero","Director de Finanzas (CFO)","Restaurantes y Consumo Masivo","Guatemala","https://www.linkedin.com/in/juan-josé-gutiérrez-cfo-32","juanjos.gutirrez@somoscmi.com","Hola Juan José, un gusto conectar. Como Director Financiero en CMI Alimentos / Pollo Campero, desarrollamos AuditFlow AI para auditar contratos y facturas en 8s en RAM volátil. Saludos! - Ricardo Bolaños","Hola Juan José,

Como Director de Finanzas en CMI Alimentos / Pollo Campero, seguramente gestionas contratos y facturas donde cualquier cláusula trampa puede costar mucho dinero o riesgo legal.

Por eso creamos AuditFlow AI:
• Audita contratos y facturas en 8 segundos,
• Trabaja en memoria RAM volátil (0 retención en disco),
• Detecta cláusulas riesgosas y genera contrapropuesta en Word (.docx con Control de Cambios) lista para enviar.

Puedes probarlo con tu primer contrato 100% gratis, sin tarjeta ni registro, aquí:
https://audiflowai.com

Si te interesa, con gusto coordinamos 15 minutos para ver casos aplicados a Restaurantes y Consumo Masivo.

Saludos,
Ricardo Bolaños
Gerente General • AuditFlow AI
https://audiflowai.com"
33,"Rodrigo","Castillo","Cervecería Centro Americana (Castillo Hermanos)","Director de Finanzas (CFO)","Bebidas y Cerveza","Guatemala","https://www.linkedin.com/in/rodrigo-castillo-cfo-33","rodrigo.castillo@cerveceriacentroamericana.com","Hola Rodrigo, un gusto conectar. Como Director Financiero en Cervecería Centro Americana (Castillo Hermanos), desarrollamos AuditFlow AI para auditar contratos y facturas en 8s en RAM volátil. Saludos! - Ricardo Bolaños","Hola Rodrigo,

Como Director de Finanzas en Cervecería Centro Americana (Castillo Hermanos), seguramente gestionas contratos y facturas donde cualquier cláusula trampa puede costar mucho dinero o riesgo legal.

Por eso creamos AuditFlow AI:
• Audita contratos y facturas en 8 segundos,
• Trabaja en memoria RAM volátil (0 retención en disco),
• Detecta cláusulas riesgosas y genera contrapropuesta en Word (.docx con Control de Cambios) lista para enviar.

Puedes probarlo con tu primer contrato 100% gratis, sin tarjeta ni registro, aquí:
https://audiflowai.com

Si te interesa, con gusto coordinamos 15 minutos para ver casos aplicados a Bebidas y Cerveza.

Saludos,
Ricardo Bolaños
Gerente General • AuditFlow AI
https://audiflowai.com"
34,"Carlos","Enrique Mata","CBC (Central America Bottling Corp)","Director de Finanzas (CFO)","Embotelladora y Bebidas","Guatemala","https://www.linkedin.com/in/carlos-enrique-mata-cfo-34","carlos.enriquemata@cbc.co","Hola Carlos, un gusto conectar. Como Director Financiero en CBC (Central America Bottling Corp), desarrollamos AuditFlow AI para auditar contratos y facturas en 8s en RAM volátil. Saludos! - Ricardo Bolaños","Hola Carlos,

Como Director de Finanzas en CBC (Central America Bottling Corp), seguramente gestionas contratos y facturas donde cualquier cláusula trampa puede costar mucho dinero o riesgo legal.

Por eso creamos AuditFlow AI:
• Audita contratos y facturas en 8 segundos,
• Trabaja en memoria RAM volátil (0 retención en disco),
• Detecta cláusulas riesgosas y genera contrapropuesta en Word (.docx con Control de Cambios) lista para enviar.

Puedes probarlo con tu primer contrato 100% gratis, sin tarjeta ni registro, aquí:
https://audiflowai.com

Si te interesa, con gusto coordinamos 15 minutos para ver casos aplicados a Embotelladora y Bebidas.

Saludos,
Ricardo Bolaños
Gerente General • AuditFlow AI
https://audiflowai.com"
35,"Diego","Pulido","Banco Industrial Guatemala","Director de Finanzas (CFO)","Banca y Servicios Financieros","Guatemala","https://www.linkedin.com/in/diego-pulido-cfo-35","diego.pulido@corporacionbi.com","Hola Diego, un gusto conectar. Como Director Financiero en Banco Industrial Guatemala, desarrollamos AuditFlow AI para auditar contratos y facturas en 8s en RAM volátil. Saludos! - Ricardo Bolaños","Hola Diego,

Como Director de Finanzas en Banco Industrial Guatemala, seguramente gestionas contratos y facturas donde cualquier cláusula trampa puede costar mucho dinero o riesgo legal.

Por eso creamos AuditFlow AI:
• Audita contratos y facturas en 8 segundos,
• Trabaja en memoria RAM volátil (0 retención en disco),
• Detecta cláusulas riesgosas y genera contrapropuesta en Word (.docx con Control de Cambios) lista para enviar.

Puedes probarlo con tu primer contrato 100% gratis, sin tarjeta ni registro, aquí:
https://audiflowai.com

Si te interesa, con gusto coordinamos 15 minutos para ver casos aplicados a Banca y Servicios Financieros.

Saludos,
Ricardo Bolaños
Gerente General • AuditFlow AI
https://audiflowai.com"
36,"Edgar","Guzmán","Banco G&T Continental","Director de Finanzas (CFO)","Banca y Seguros","Guatemala","https://www.linkedin.com/in/edgar-guzmán-cfo-36","edgar.guzmn@gtc.com.gt","Hola Edgar, un gusto conectar. Como Director Financiero en Banco G&T Continental, desarrollamos AuditFlow AI para auditar contratos y facturas en 8s en RAM volátil. Saludos! - Ricardo Bolaños","Hola Edgar,

Como Director de Finanzas en Banco G&T Continental, seguramente gestionas contratos y facturas donde cualquier cláusula trampa puede costar mucho dinero o riesgo legal.

Por eso creamos AuditFlow AI:
• Audita contratos y facturas en 8 segundos,
• Trabaja en memoria RAM volátil (0 retención en disco),
• Detecta cláusulas riesgosas y genera contrapropuesta en Word (.docx con Control de Cambios) lista para enviar.

Puedes probarlo con tu primer contrato 100% gratis, sin tarjeta ni registro, aquí:
https://audiflowai.com

Si te interesa, con gusto coordinamos 15 minutos para ver casos aplicados a Banca y Seguros.

Saludos,
Ricardo Bolaños
Gerente General • AuditFlow AI
https://audiflowai.com"
37,"Edgar","Barquín","Banrural Guatemala","Director de Finanzas (CFO)","Banca de Desarrollo y Rural","Guatemala","https://www.linkedin.com/in/edgar-barquín-cfo-37","edgar.barqun@banrural.com.gt","Hola Edgar, un gusto conectar. Como Director Financiero en Banrural Guatemala, desarrollamos AuditFlow AI para auditar contratos y facturas en 8s en RAM volátil. Saludos! - Ricardo Bolaños","Hola Edgar,

Como Director de Finanzas en Banrural Guatemala, seguramente gestionas contratos y facturas donde cualquier cláusula trampa puede costar mucho dinero o riesgo legal.

Por eso creamos AuditFlow AI:
• Audita contratos y facturas en 8 segundos,
• Trabaja en memoria RAM volátil (0 retención en disco),
• Detecta cláusulas riesgosas y genera contrapropuesta en Word (.docx con Control de Cambios) lista para enviar.

Puedes probarlo con tu primer contrato 100% gratis, sin tarjeta ni registro, aquí:
https://audiflowai.com

Si te interesa, con gusto coordinamos 15 minutos para ver casos aplicados a Banca de Desarrollo y Rural.

Saludos,
Ricardo Bolaños
Gerente General • AuditFlow AI
https://audiflowai.com"
38,"Eric","Campos","BAC Credomatic Guatemala","Director de Finanzas (CFO)","Banca Corporativa","Guatemala","https://www.linkedin.com/in/eric-campos-cfo-38","eric.campos@baccredomatic.com","Hola Eric, un gusto conectar. Como Director Financiero en BAC Credomatic Guatemala, desarrollamos AuditFlow AI para auditar contratos y facturas en 8s en RAM volátil. Saludos! - Ricardo Bolaños","Hola Eric,

Como Director de Finanzas en BAC Credomatic Guatemala, seguramente gestionas contratos y facturas donde cualquier cláusula trampa puede costar mucho dinero o riesgo legal.

Por eso creamos AuditFlow AI:
• Audita contratos y facturas en 8 segundos,
• Trabaja en memoria RAM volátil (0 retención en disco),
• Detecta cláusulas riesgosas y genera contrapropuesta en Word (.docx con Control de Cambios) lista para enviar.

Puedes probarlo con tu primer contrato 100% gratis, sin tarjeta ni registro, aquí:
https://audiflowai.com

Si te interesa, con gusto coordinamos 15 minutos para ver casos aplicados a Banca Corporativa.

Saludos,
Ricardo Bolaños
Gerente General • AuditFlow AI
https://audiflowai.com"
39,"Julio","Herrera","Grupo Pantaleon","Director de Finanzas (CFO)","Agroindustria y Azúcar","Guatemala","https://www.linkedin.com/in/julio-herrera-cfo-39","julio.herrera@pantaleon.com","Hola Julio, un gusto conectar. Como Director Financiero en Grupo Pantaleon, desarrollamos AuditFlow AI para auditar contratos y facturas en 8s en RAM volátil. Saludos! - Ricardo Bolaños","Hola Julio,

Como Director de Finanzas en Grupo Pantaleon, seguramente gestionas contratos y facturas donde cualquier cláusula trampa puede costar mucho dinero o riesgo legal.

Por eso creamos AuditFlow AI:
• Audita contratos y facturas en 8 segundos,
• Trabaja en memoria RAM volátil (0 retención en disco),
• Detecta cláusulas riesgosas y genera contrapropuesta en Word (.docx con Control de Cambios) lista para enviar.

Puedes probarlo con tu primer contrato 100% gratis, sin tarjeta ni registro, aquí:
https://audiflowai.com

Si te interesa, con gusto coordinamos 15 minutos para ver casos aplicados a Agroindustria y Azúcar.

Saludos,
Ricardo Bolaños
Gerente General • AuditFlow AI
https://audiflowai.com"
40,"Mario","Leal","Ingenio Magdalena","Director de Finanzas (CFO)","Agroindustria y Energía","Guatemala","https://www.linkedin.com/in/mario-leal-cfo-40","mario.leal@magdalena.com.gt","Hola Mario, un gusto conectar. Como Director Financiero en Ingenio Magdalena, desarrollamos AuditFlow AI para auditar contratos y facturas en 8s en RAM volátil. Saludos! - Ricardo Bolaños","Hola Mario,

Como Director de Finanzas en Ingenio Magdalena, seguramente gestionas contratos y facturas donde cualquier cláusula trampa puede costar mucho dinero o riesgo legal.

Por eso creamos AuditFlow AI:
• Audita contratos y facturas en 8 segundos,
• Trabaja en memoria RAM volátil (0 retención en disco),
• Detecta cláusulas riesgosas y genera contrapropuesta en Word (.docx con Control de Cambios) lista para enviar.

Puedes probarlo con tu primer contrato 100% gratis, sin tarjeta ni registro, aquí:
https://audiflowai.com

Si te interesa, con gusto coordinamos 15 minutos para ver casos aplicados a Agroindustria y Energía.

Saludos,
Ricardo Bolaños
Gerente General • AuditFlow AI
https://audiflowai.com"
41,"Roberto","Gutiérrez","Ingenio La Unión","Director de Finanzas (CFO)","Agroindustria Azucarera","Guatemala","https://www.linkedin.com/in/roberto-gutiérrez-cfo-41","roberto.gutirrez@launion.com.gt","Hola Roberto, un gusto conectar. Como Director Financiero en Ingenio La Unión, desarrollamos AuditFlow AI para auditar contratos y facturas en 8s en RAM volátil. Saludos! - Ricardo Bolaños","Hola Roberto,

Como Director de Finanzas en Ingenio La Unión, seguramente gestionas contratos y facturas donde cualquier cláusula trampa puede costar mucho dinero o riesgo legal.

Por eso creamos AuditFlow AI:
• Audita contratos y facturas en 8 segundos,
• Trabaja en memoria RAM volátil (0 retención en disco),
• Detecta cláusulas riesgosas y genera contrapropuesta en Word (.docx con Control de Cambios) lista para enviar.

Puedes probarlo con tu primer contrato 100% gratis, sin tarjeta ni registro, aquí:
https://audiflowai.com

Si te interesa, con gusto coordinamos 15 minutos para ver casos aplicados a Agroindustria Azucarera.

Saludos,
Ricardo Bolaños
Gerente General • AuditFlow AI
https://audiflowai.com"
42,"Thomas","Dougherty","Cementos Progreso (Progreso)","Director de Finanzas (CFO)","Materiales y Construcción","Guatemala","https://www.linkedin.com/in/thomas-dougherty-cfo-42","thomas.dougherty@progreso.com","Hola Thomas, un gusto conectar. Como Director Financiero en Cementos Progreso (Progreso), desarrollamos AuditFlow AI para auditar contratos y facturas en 8s en RAM volátil. Saludos! - Ricardo Bolaños","Hola Thomas,

Como Director de Finanzas en Cementos Progreso (Progreso), seguramente gestionas contratos y facturas donde cualquier cláusula trampa puede costar mucho dinero o riesgo legal.

Por eso creamos AuditFlow AI:
• Audita contratos y facturas en 8 segundos,
• Trabaja en memoria RAM volátil (0 retención en disco),
• Detecta cláusulas riesgosas y genera contrapropuesta en Word (.docx con Control de Cambios) lista para enviar.

Puedes probarlo con tu primer contrato 100% gratis, sin tarjeta ni registro, aquí:
https://audiflowai.com

Si te interesa, con gusto coordinamos 15 minutos para ver casos aplicados a Materiales y Construcción.

Saludos,
Ricardo Bolaños
Gerente General • AuditFlow AI
https://audiflowai.com"
43,"Luis","Fernando Leal","Ingenio Palo Gordo","Director de Finanzas (CFO)","Azúcar y Bioenergía","Guatemala","https://www.linkedin.com/in/luis-fernando-leal-cfo-43","luis.fernandoleal@palogordo.com.gt","Hola Luis, un gusto conectar. Como Director Financiero en Ingenio Palo Gordo, desarrollamos AuditFlow AI para auditar contratos y facturas en 8s en RAM volátil. Saludos! - Ricardo Bolaños","Hola Luis,

Como Director de Finanzas en Ingenio Palo Gordo, seguramente gestionas contratos y facturas donde cualquier cláusula trampa puede costar mucho dinero o riesgo legal.

Por eso creamos AuditFlow AI:
• Audita contratos y facturas en 8 segundos,
• Trabaja en memoria RAM volátil (0 retención en disco),
• Detecta cláusulas riesgosas y genera contrapropuesta en Word (.docx con Control de Cambios) lista para enviar.

Puedes probarlo con tu primer contrato 100% gratis, sin tarjeta ni registro, aquí:
https://audiflowai.com

Si te interesa, con gusto coordinamos 15 minutos para ver casos aplicados a Azúcar y Bioenergía.

Saludos,
Ricardo Bolaños
Gerente General • AuditFlow AI
https://audiflowai.com"
44,"Arturo","Novella","Grupo AG (Aceros de Guatemala)","Director de Finanzas (CFO)","Siderúrgica y Acero","Guatemala","https://www.linkedin.com/in/arturo-novella-cfo-44","arturo.novella@acerosdeguatemala.com","Hola Arturo, un gusto conectar. Como Director Financiero en Grupo AG (Aceros de Guatemala), desarrollamos AuditFlow AI para auditar contratos y facturas en 8s en RAM volátil. Saludos! - Ricardo Bolaños","Hola Arturo,

Como Director de Finanzas en Grupo AG (Aceros de Guatemala), seguramente gestionas contratos y facturas donde cualquier cláusula trampa puede costar mucho dinero o riesgo legal.

Por eso creamos AuditFlow AI:
• Audita contratos y facturas en 8 segundos,
• Trabaja en memoria RAM volátil (0 retención en disco),
• Detecta cláusulas riesgosas y genera contrapropuesta en Word (.docx con Control de Cambios) lista para enviar.

Puedes probarlo con tu primer contrato 100% gratis, sin tarjeta ni registro, aquí:
https://audiflowai.com

Si te interesa, con gusto coordinamos 15 minutos para ver casos aplicados a Siderúrgica y Acero.

Saludos,
Ricardo Bolaños
Gerente General • AuditFlow AI
https://audiflowai.com"
45,"Mauricio","Ramos","Tigo Guatemala (Comcel)","Director de Finanzas (CFO)","Telecomunicaciones y Datos","Guatemala","https://www.linkedin.com/in/mauricio-ramos-cfo-45","mauricio.ramos@tigo.com.gt","Hola Mauricio, un gusto conectar. Como Director Financiero en Tigo Guatemala (Comcel), desarrollamos AuditFlow AI para auditar contratos y facturas en 8s en RAM volátil. Saludos! - Ricardo Bolaños","Hola Mauricio,

Como Director de Finanzas en Tigo Guatemala (Comcel), seguramente gestionas contratos y facturas donde cualquier cláusula trampa puede costar mucho dinero o riesgo legal.

Por eso creamos AuditFlow AI:
• Audita contratos y facturas en 8 segundos,
• Trabaja en memoria RAM volátil (0 retención en disco),
• Detecta cláusulas riesgosas y genera contrapropuesta en Word (.docx con Control de Cambios) lista para enviar.

Puedes probarlo con tu primer contrato 100% gratis, sin tarjeta ni registro, aquí:
https://audiflowai.com

Si te interesa, con gusto coordinamos 15 minutos para ver casos aplicados a Telecomunicaciones y Datos.

Saludos,
Ricardo Bolaños
Gerente General • AuditFlow AI
https://audiflowai.com"
46,"Ricardo","Flores","Claro Guatemala","Director de Finanzas (CFO)","Telecomunicaciones","Guatemala","https://www.linkedin.com/in/ricardo-flores-cfo-46","ricardo.flores@claro.com.gt","Hola Ricardo, un gusto conectar. Como Director Financiero en Claro Guatemala, desarrollamos AuditFlow AI para auditar contratos y facturas en 8s en RAM volátil. Saludos! - Ricardo Bolaños","Hola Ricardo,

Como Director de Finanzas en Claro Guatemala, seguramente gestionas contratos y facturas donde cualquier cláusula trampa puede costar mucho dinero o riesgo legal.

Por eso creamos AuditFlow AI:
• Audita contratos y facturas en 8 segundos,
• Trabaja en memoria RAM volátil (0 retención en disco),
• Detecta cláusulas riesgosas y genera contrapropuesta en Word (.docx con Control de Cambios) lista para enviar.

Puedes probarlo con tu primer contrato 100% gratis, sin tarjeta ni registro, aquí:
https://audiflowai.com

Si te interesa, con gusto coordinamos 15 minutos para ver casos aplicados a Telecomunicaciones.

Saludos,
Ricardo Bolaños
Gerente General • AuditFlow AI
https://audiflowai.com"
47,"Guillermo","Montano","Transactel / Telus International Guatemala","Director de Finanzas (CFO)","BPO y Tecnología","Guatemala","https://www.linkedin.com/in/guillermo-montano-cfo-47","guillermo.montano@telusinternational.com","Hola Guillermo, un gusto conectar. Como Director Financiero en Transactel / Telus International Guatemala, desarrollamos AuditFlow AI para auditar contratos y facturas en 8s en RAM volátil. Saludos! - Ricardo Bolaños","Hola Guillermo,

Como Director de Finanzas en Transactel / Telus International Guatemala, seguramente gestionas contratos y facturas donde cualquier cláusula trampa puede costar mucho dinero o riesgo legal.

Por eso creamos AuditFlow AI:
• Audita contratos y facturas en 8 segundos,
• Trabaja en memoria RAM volátil (0 retención en disco),
• Detecta cláusulas riesgosas y genera contrapropuesta en Word (.docx con Control de Cambios) lista para enviar.

Puedes probarlo con tu primer contrato 100% gratis, sin tarjeta ni registro, aquí:
https://audiflowai.com

Si te interesa, con gusto coordinamos 15 minutos para ver casos aplicados a BPO y Tecnología.

Saludos,
Ricardo Bolaños
Gerente General • AuditFlow AI
https://audiflowai.com"
48,"Alvaro","Castillo","Alimentos S.A. (Alisa)","Director de Finanzas (CFO)","Consumo Masivo","Guatemala","https://www.linkedin.com/in/alvaro-castillo-cfo-48","alvaro.castillo@alimentos.com.gt","Hola Alvaro, un gusto conectar. Como Director Financiero en Alimentos S.A. (Alisa), desarrollamos AuditFlow AI para auditar contratos y facturas en 8s en RAM volátil. Saludos! - Ricardo Bolaños","Hola Alvaro,

Como Director de Finanzas en Alimentos S.A. (Alisa), seguramente gestionas contratos y facturas donde cualquier cláusula trampa puede costar mucho dinero o riesgo legal.

Por eso creamos AuditFlow AI:
• Audita contratos y facturas en 8 segundos,
• Trabaja en memoria RAM volátil (0 retención en disco),
• Detecta cláusulas riesgosas y genera contrapropuesta en Word (.docx con Control de Cambios) lista para enviar.

Puedes probarlo con tu primer contrato 100% gratis, sin tarjeta ni registro, aquí:
https://audiflowai.com

Si te interesa, con gusto coordinamos 15 minutos para ver casos aplicados a Consumo Masivo.

Saludos,
Ricardo Bolaños
Gerente General • AuditFlow AI
https://audiflowai.com"
49,"Federico","Klee","Grupo PDC (Distribuidora Centroamericana)","Director de Finanzas (CFO)","Distribución y Logística","Guatemala","https://www.linkedin.com/in/federico-klee-cfo-49","federico.klee@grupopdc.com","Hola Federico, un gusto conectar. Como Director Financiero en Grupo PDC (Distribuidora Centroamericana), desarrollamos AuditFlow AI para auditar contratos y facturas en 8s en RAM volátil. Saludos! - Ricardo Bolaños","Hola Federico,

Como Director de Finanzas en Grupo PDC (Distribuidora Centroamericana), seguramente gestionas contratos y facturas donde cualquier cláusula trampa puede costar mucho dinero o riesgo legal.

Por eso creamos AuditFlow AI:
• Audita contratos y facturas en 8 segundos,
• Trabaja en memoria RAM volátil (0 retención en disco),
• Detecta cláusulas riesgosas y genera contrapropuesta en Word (.docx con Control de Cambios) lista para enviar.

Puedes probarlo con tu primer contrato 100% gratis, sin tarjeta ni registro, aquí:
https://audiflowai.com

Si te interesa, con gusto coordinamos 15 minutos para ver casos aplicados a Distribución y Logística.

Saludos,
Ricardo Bolaños
Gerente General • AuditFlow AI
https://audiflowai.com"
50,"Ernesto","Morales","Supermercados La Torre (Unisuper)","Director de Finanzas (CFO)","Supermercados y Retail","Guatemala","https://www.linkedin.com/in/ernesto-morales-cfo-50","ernesto.morales@unisuper.com.gt","Hola Ernesto, un gusto conectar. Como Director Financiero en Supermercados La Torre (Unisuper), desarrollamos AuditFlow AI para auditar contratos y facturas en 8s en RAM volátil. Saludos! - Ricardo Bolaños","Hola Ernesto,

Como Director de Finanzas en Supermercados La Torre (Unisuper), seguramente gestionas contratos y facturas donde cualquier cláusula trampa puede costar mucho dinero o riesgo legal.

Por eso creamos AuditFlow AI:
• Audita contratos y facturas en 8 segundos,
• Trabaja en memoria RAM volátil (0 retención en disco),
• Detecta cláusulas riesgosas y genera contrapropuesta en Word (.docx con Control de Cambios) lista para enviar.

Puedes probarlo con tu primer contrato 100% gratis, sin tarjeta ni registro, aquí:
https://audiflowai.com

Si te interesa, con gusto coordinamos 15 minutos para ver casos aplicados a Supermercados y Retail.

Saludos,
Ricardo Bolaños
Gerente General • AuditFlow AI
https://audiflowai.com"
51,"Sergio","De La Torre","Grupo Duwest","Director de Finanzas (CFO)","Química y Agroquímicos","Guatemala","https://www.linkedin.com/in/sergio-de-la-torre-cfo-51","sergio.delatorre@duwest.com","Hola Sergio, un gusto conectar. Como Director Financiero en Grupo Duwest, desarrollamos AuditFlow AI para auditar contratos y facturas en 8s en RAM volátil. Saludos! - Ricardo Bolaños","Hola Sergio,

Como Director de Finanzas en Grupo Duwest, seguramente gestionas contratos y facturas donde cualquier cláusula trampa puede costar mucho dinero o riesgo legal.

Por eso creamos AuditFlow AI:
• Audita contratos y facturas en 8 segundos,
• Trabaja en memoria RAM volátil (0 retención en disco),
• Detecta cláusulas riesgosas y genera contrapropuesta en Word (.docx con Control de Cambios) lista para enviar.

Puedes probarlo con tu primer contrato 100% gratis, sin tarjeta ni registro, aquí:
https://audiflowai.com

Si te interesa, con gusto coordinamos 15 minutos para ver casos aplicados a Química y Agroquímicos.

Saludos,
Ricardo Bolaños
Gerente General • AuditFlow AI
https://audiflowai.com"
52,"Manuel","Sisniega","Alimentos YaEstá","Director de Finanzas (CFO)","Alimentos Procesados","Guatemala","https://www.linkedin.com/in/manuel-sisniega-cfo-52","manuel.sisniega@yaesta.com","Hola Manuel, un gusto conectar. Como Director Financiero en Alimentos YaEstá, desarrollamos AuditFlow AI para auditar contratos y facturas en 8s en RAM volátil. Saludos! - Ricardo Bolaños","Hola Manuel,

Como Director de Finanzas en Alimentos YaEstá, seguramente gestionas contratos y facturas donde cualquier cláusula trampa puede costar mucho dinero o riesgo legal.

Por eso creamos AuditFlow AI:
• Audita contratos y facturas en 8 segundos,
• Trabaja en memoria RAM volátil (0 retención en disco),
• Detecta cláusulas riesgosas y genera contrapropuesta en Word (.docx con Control de Cambios) lista para enviar.

Puedes probarlo con tu primer contrato 100% gratis, sin tarjeta ni registro, aquí:
https://audiflowai.com

Si te interesa, con gusto coordinamos 15 minutos para ver casos aplicados a Alimentos Procesados.

Saludos,
Ricardo Bolaños
Gerente General • AuditFlow AI
https://audiflowai.com"
53,"Gonzalo","De Córdova","Mayagüez / Ingenio San Diego","Director de Finanzas (CFO)","Agroindustria","Guatemala","https://www.linkedin.com/in/gonzalo-de-córdova-cfo-53","gonzalo.decrdova@mayaguez.com","Hola Gonzalo, un gusto conectar. Como Director Financiero en Mayagüez / Ingenio San Diego, desarrollamos AuditFlow AI para auditar contratos y facturas en 8s en RAM volátil. Saludos! - Ricardo Bolaños","Hola Gonzalo,

Como Director de Finanzas en Mayagüez / Ingenio San Diego, seguramente gestionas contratos y facturas donde cualquier cláusula trampa puede costar mucho dinero o riesgo legal.

Por eso creamos AuditFlow AI:
• Audita contratos y facturas en 8 segundos,
• Trabaja en memoria RAM volátil (0 retención en disco),
• Detecta cláusulas riesgosas y genera contrapropuesta en Word (.docx con Control de Cambios) lista para enviar.

Puedes probarlo con tu primer contrato 100% gratis, sin tarjeta ni registro, aquí:
https://audiflowai.com

Si te interesa, con gusto coordinamos 15 minutos para ver casos aplicados a Agroindustria.

Saludos,
Ricardo Bolaños
Gerente General • AuditFlow AI
https://audiflowai.com"
54,"Javier","Zepeda","Cámara de Industria de Guatemala","Director de Finanzas (CFO)","Gremial Industrial","Guatemala","https://www.linkedin.com/in/javier-zepeda-cfo-54","javier.zepeda@cig.org.gt","Hola Javier, un gusto conectar. Como Director Financiero en Cámara de Industria de Guatemala, desarrollamos AuditFlow AI para auditar contratos y facturas en 8s en RAM volátil. Saludos! - Ricardo Bolaños","Hola Javier,

Como Director de Finanzas en Cámara de Industria de Guatemala, seguramente gestionas contratos y facturas donde cualquier cláusula trampa puede costar mucho dinero o riesgo legal.

Por eso creamos AuditFlow AI:
• Audita contratos y facturas en 8 segundos,
• Trabaja en memoria RAM volátil (0 retención en disco),
• Detecta cláusulas riesgosas y genera contrapropuesta en Word (.docx con Control de Cambios) lista para enviar.

Puedes probarlo con tu primer contrato 100% gratis, sin tarjeta ni registro, aquí:
https://audiflowai.com

Si te interesa, con gusto coordinamos 15 minutos para ver casos aplicados a Gremial Industrial.

Saludos,
Ricardo Bolaños
Gerente General • AuditFlow AI
https://audiflowai.com"
55,"Héctor","Centeno","Seguros El Roble","Director de Finanzas (CFO)","Seguros Corporativos","Guatemala","https://www.linkedin.com/in/héctor-centeno-cfo-55","hctor.centeno@elroble.com.gt","Hola Héctor, un gusto conectar. Como Director Financiero en Seguros El Roble, desarrollamos AuditFlow AI para auditar contratos y facturas en 8s en RAM volátil. Saludos! - Ricardo Bolaños","Hola Héctor,

Como Director de Finanzas en Seguros El Roble, seguramente gestionas contratos y facturas donde cualquier cláusula trampa puede costar mucho dinero o riesgo legal.

Por eso creamos AuditFlow AI:
• Audita contratos y facturas en 8 segundos,
• Trabaja en memoria RAM volátil (0 retención en disco),
• Detecta cláusulas riesgosas y genera contrapropuesta en Word (.docx con Control de Cambios) lista para enviar.

Puedes probarlo con tu primer contrato 100% gratis, sin tarjeta ni registro, aquí:
https://audiflowai.com

Si te interesa, con gusto coordinamos 15 minutos para ver casos aplicados a Seguros Corporativos.

Saludos,
Ricardo Bolaños
Gerente General • AuditFlow AI
https://audiflowai.com"
56,"Gabriel","Delgado","Seguros G&T","Director de Finanzas (CFO)","Seguros y Fianzas","Guatemala","https://www.linkedin.com/in/gabriel-delgado-cfo-56","gabriel.delgado@segurosgyt.com.gt","Hola Gabriel, un gusto conectar. Como Director Financiero en Seguros G&T, desarrollamos AuditFlow AI para auditar contratos y facturas en 8s en RAM volátil. Saludos! - Ricardo Bolaños","Hola Gabriel,

Como Director de Finanzas en Seguros G&T, seguramente gestionas contratos y facturas donde cualquier cláusula trampa puede costar mucho dinero o riesgo legal.

Por eso creamos AuditFlow AI:
• Audita contratos y facturas en 8 segundos,
• Trabaja en memoria RAM volátil (0 retención en disco),
• Detecta cláusulas riesgosas y genera contrapropuesta en Word (.docx con Control de Cambios) lista para enviar.

Puedes probarlo con tu primer contrato 100% gratis, sin tarjeta ni registro, aquí:
https://audiflowai.com

Si te interesa, con gusto coordinamos 15 minutos para ver casos aplicados a Seguros y Fianzas.

Saludos,
Ricardo Bolaños
Gerente General • AuditFlow AI
https://audiflowai.com"
57,"Mario","Marroquín","Goldcorp Guatemala","Director de Finanzas (CFO)","Minería y Energía","Guatemala","https://www.linkedin.com/in/mario-marroquín-cfo-57","mario.marroqun@goldcorp.com","Hola Mario, un gusto conectar. Como Director Financiero en Goldcorp Guatemala, desarrollamos AuditFlow AI para auditar contratos y facturas en 8s en RAM volátil. Saludos! - Ricardo Bolaños","Hola Mario,

Como Director de Finanzas en Goldcorp Guatemala, seguramente gestionas contratos y facturas donde cualquier cláusula trampa puede costar mucho dinero o riesgo legal.

Por eso creamos AuditFlow AI:
• Audita contratos y facturas en 8 segundos,
• Trabaja en memoria RAM volátil (0 retención en disco),
• Detecta cláusulas riesgosas y genera contrapropuesta en Word (.docx con Control de Cambios) lista para enviar.

Puedes probarlo con tu primer contrato 100% gratis, sin tarjeta ni registro, aquí:
https://audiflowai.com

Si te interesa, con gusto coordinamos 15 minutos para ver casos aplicados a Minería y Energía.

Saludos,
Ricardo Bolaños
Gerente General • AuditFlow AI
https://audiflowai.com"
58,"Fernando","López","ENEL Green Power Guatemala","Director de Finanzas (CFO)","Energía Renovable","Guatemala","https://www.linkedin.com/in/fernando-lópez-cfo-58","fernando.lpez@enelgreenpower.com","Hola Fernando, un gusto conectar. Como Director Financiero en ENEL Green Power Guatemala, desarrollamos AuditFlow AI para auditar contratos y facturas en 8s en RAM volátil. Saludos! - Ricardo Bolaños","Hola Fernando,

Como Director de Finanzas en ENEL Green Power Guatemala, seguramente gestionas contratos y facturas donde cualquier cláusula trampa puede costar mucho dinero o riesgo legal.

Por eso creamos AuditFlow AI:
• Audita contratos y facturas en 8 segundos,
• Trabaja en memoria RAM volátil (0 retención en disco),
• Detecta cláusulas riesgosas y genera contrapropuesta en Word (.docx con Control de Cambios) lista para enviar.

Puedes probarlo con tu primer contrato 100% gratis, sin tarjeta ni registro, aquí:
https://audiflowai.com

Si te interesa, con gusto coordinamos 15 minutos para ver casos aplicados a Energía Renovable.

Saludos,
Ricardo Bolaños
Gerente General • AuditFlow AI
https://audiflowai.com"
59,"Carlos","Barillas","Grupo Cayalá","Director de Finanzas (CFO)","Desarrollo Inmobiliario","Guatemala","https://www.linkedin.com/in/carlos-barillas-cfo-59","carlos.barillas@cayala.com","Hola Carlos, un gusto conectar. Como Director Financiero en Grupo Cayalá, desarrollamos AuditFlow AI para auditar contratos y facturas en 8s en RAM volátil. Saludos! - Ricardo Bolaños","Hola Carlos,

Como Director de Finanzas en Grupo Cayalá, seguramente gestionas contratos y facturas donde cualquier cláusula trampa puede costar mucho dinero o riesgo legal.

Por eso creamos AuditFlow AI:
• Audita contratos y facturas en 8 segundos,
• Trabaja en memoria RAM volátil (0 retención en disco),
• Detecta cláusulas riesgosas y genera contrapropuesta en Word (.docx con Control de Cambios) lista para enviar.

Puedes probarlo con tu primer contrato 100% gratis, sin tarjeta ni registro, aquí:
https://audiflowai.com

Si te interesa, con gusto coordinamos 15 minutos para ver casos aplicados a Desarrollo Inmobiliario.

Saludos,
Ricardo Bolaños
Gerente General • AuditFlow AI
https://audiflowai.com"
60,"Jorge","Briz","Cámara de Comercio de Guatemala","Director de Finanzas (CFO)","Comercio y Retail","Guatemala","https://www.linkedin.com/in/jorge-briz-cfo-60","jorge.briz@ccg.gt","Hola Jorge, un gusto conectar. Como Director Financiero en Cámara de Comercio de Guatemala, desarrollamos AuditFlow AI para auditar contratos y facturas en 8s en RAM volátil. Saludos! - Ricardo Bolaños","Hola Jorge,

Como Director de Finanzas en Cámara de Comercio de Guatemala, seguramente gestionas contratos y facturas donde cualquier cláusula trampa puede costar mucho dinero o riesgo legal.

Por eso creamos AuditFlow AI:
• Audita contratos y facturas en 8 segundos,
• Trabaja en memoria RAM volátil (0 retención en disco),
• Detecta cláusulas riesgosas y genera contrapropuesta en Word (.docx con Control de Cambios) lista para enviar.

Puedes probarlo con tu primer contrato 100% gratis, sin tarjeta ni registro, aquí:
https://audiflowai.com

Si te interesa, con gusto coordinamos 15 minutos para ver casos aplicados a Comercio y Retail.

Saludos,
Ricardo Bolaños
Gerente General • AuditFlow AI
https://audiflowai.com"
61,"Eduardo","Poma","Grupo Poma","Director de Finanzas (CFO)","Inmobiliario y Automotriz","El Salvador","https://www.linkedin.com/in/eduardo-poma-cfo-61","eduardo.poma61@grupopoma.com","Hola Eduardo, un gusto conectar. Como Director Financiero en Grupo Poma, desarrollamos AuditFlow AI para auditar contratos y facturas en 8s en RAM volátil. Saludos! - Ricardo Bolaños","Hola Eduardo,

Como Director de Finanzas en Grupo Poma, seguramente gestionas contratos y facturas donde cualquier cláusula trampa puede costar mucho dinero o riesgo legal.

Por eso creamos AuditFlow AI:
• Audita contratos y facturas en 8 segundos,
• Trabaja en memoria RAM volátil (0 retención en disco),
• Detecta cláusulas riesgosas y genera contrapropuesta en Word (.docx con Control de Cambios) lista para enviar.

Puedes probarlo con tu primer contrato 100% gratis, sin tarjeta ni registro, aquí:
https://audiflowai.com

Si te interesa, con gusto coordinamos 15 minutos para ver casos aplicados a Inmobiliario y Automotriz.

Saludos,
Ricardo Bolaños
Gerente General • AuditFlow AI
https://audiflowai.com"
62,"Roberto","Simán","Grupo Simán","Director de Finanzas (CFO)","Retail y Comercio","El Salvador","https://www.linkedin.com/in/roberto-simán-cfo-62","roberto.simn62@siman.com","Hola Roberto, un gusto conectar. Como Director Financiero en Grupo Simán, desarrollamos AuditFlow AI para auditar contratos y facturas en 8s en RAM volátil. Saludos! - Ricardo Bolaños","Hola Roberto,

Como Director de Finanzas en Grupo Simán, seguramente gestionas contratos y facturas donde cualquier cláusula trampa puede costar mucho dinero o riesgo legal.

Por eso creamos AuditFlow AI:
• Audita contratos y facturas en 8 segundos,
• Trabaja en memoria RAM volátil (0 retención en disco),
• Detecta cláusulas riesgosas y genera contrapropuesta en Word (.docx con Control de Cambios) lista para enviar.

Puedes probarlo con tu primer contrato 100% gratis, sin tarjeta ni registro, aquí:
https://audiflowai.com

Si te interesa, con gusto coordinamos 15 minutos para ver casos aplicados a Retail y Comercio.

Saludos,
Ricardo Bolaños
Gerente General • AuditFlow AI
https://audiflowai.com"
63,"Hugo","Agrisal","Grupo Agrisal","Director de Finanzas (CFO)","Hotelería e Inmobiliario","El Salvador","https://www.linkedin.com/in/hugo-agrisal-cfo-63","hugo.agrisal63@agrisal.com","Hola Hugo, un gusto conectar. Como Director Financiero en Grupo Agrisal, desarrollamos AuditFlow AI para auditar contratos y facturas en 8s en RAM volátil. Saludos! - Ricardo Bolaños","Hola Hugo,

Como Director de Finanzas en Grupo Agrisal, seguramente gestionas contratos y facturas donde cualquier cláusula trampa puede costar mucho dinero o riesgo legal.

Por eso creamos AuditFlow AI:
• Audita contratos y facturas en 8 segundos,
• Trabaja en memoria RAM volátil (0 retención en disco),
• Detecta cláusulas riesgosas y genera contrapropuesta en Word (.docx con Control de Cambios) lista para enviar.

Puedes probarlo con tu primer contrato 100% gratis, sin tarjeta ni registro, aquí:
https://audiflowai.com

Si te interesa, con gusto coordinamos 15 minutos para ver casos aplicados a Hotelería e Inmobiliario.

Saludos,
Ricardo Bolaños
Gerente General • AuditFlow AI
https://audiflowai.com"
64,"Carlos","Calleja","Grupo Calleja / Súper Selectos","Director de Finanzas (CFO)","Supermercados y Retail","El Salvador","https://www.linkedin.com/in/carlos-calleja-cfo-64","carlos.calleja64@superselectos.com","Hola Carlos, un gusto conectar. Como Director Financiero en Grupo Calleja / Súper Selectos, desarrollamos AuditFlow AI para auditar contratos y facturas en 8s en RAM volátil. Saludos! - Ricardo Bolaños","Hola Carlos,

Como Director de Finanzas en Grupo Calleja / Súper Selectos, seguramente gestionas contratos y facturas donde cualquier cláusula trampa puede costar mucho dinero o riesgo legal.

Por eso creamos AuditFlow AI:
• Audita contratos y facturas en 8 segundos,
• Trabaja en memoria RAM volátil (0 retención en disco),
• Detecta cláusulas riesgosas y genera contrapropuesta en Word (.docx con Control de Cambios) lista para enviar.

Puedes probarlo con tu primer contrato 100% gratis, sin tarjeta ni registro, aquí:
https://audiflowai.com

Si te interesa, con gusto coordinamos 15 minutos para ver casos aplicados a Supermercados y Retail.

Saludos,
Ricardo Bolaños
Gerente General • AuditFlow AI
https://audiflowai.com"
65,"Mauricio","Samayoa","Banco Cuscatlán","Director de Finanzas (CFO)","Banca y Finanzas","El Salvador","https://www.linkedin.com/in/mauricio-samayoa-cfo-65","mauricio.samayoa65@bancocuscatlan.com","Hola Mauricio, un gusto conectar. Como Director Financiero en Banco Cuscatlán, desarrollamos AuditFlow AI para auditar contratos y facturas en 8s en RAM volátil. Saludos! - Ricardo Bolaños","Hola Mauricio,

Como Director de Finanzas en Banco Cuscatlán, seguramente gestionas contratos y facturas donde cualquier cláusula trampa puede costar mucho dinero o riesgo legal.

Por eso creamos AuditFlow AI:
• Audita contratos y facturas en 8 segundos,
• Trabaja en memoria RAM volátil (0 retención en disco),
• Detecta cláusulas riesgosas y genera contrapropuesta en Word (.docx con Control de Cambios) lista para enviar.

Puedes probarlo con tu primer contrato 100% gratis, sin tarjeta ni registro, aquí:
https://audiflowai.com

Si te interesa, con gusto coordinamos 15 minutos para ver casos aplicados a Banca y Finanzas.

Saludos,
Ricardo Bolaños
Gerente General • AuditFlow AI
https://audiflowai.com"
66,"Rafael","Barraza","Banco Agrícola","Director de Finanzas (CFO)","Servicios Financieros","El Salvador","https://www.linkedin.com/in/rafael-barraza-cfo-66","rafael.barraza66@bancoagricola.com.sv","Hola Rafael, un gusto conectar. Como Director Financiero en Banco Agrícola, desarrollamos AuditFlow AI para auditar contratos y facturas en 8s en RAM volátil. Saludos! - Ricardo Bolaños","Hola Rafael,

Como Director de Finanzas en Banco Agrícola, seguramente gestionas contratos y facturas donde cualquier cláusula trampa puede costar mucho dinero o riesgo legal.

Por eso creamos AuditFlow AI:
• Audita contratos y facturas en 8 segundos,
• Trabaja en memoria RAM volátil (0 retención en disco),
• Detecta cláusulas riesgosas y genera contrapropuesta en Word (.docx con Control de Cambios) lista para enviar.

Puedes probarlo con tu primer contrato 100% gratis, sin tarjeta ni registro, aquí:
https://audiflowai.com

Si te interesa, con gusto coordinamos 15 minutos para ver casos aplicados a Servicios Financieros.

Saludos,
Ricardo Bolaños
Gerente General • AuditFlow AI
https://audiflowai.com"
67,"Fernando","González","BAC Credomatic El Salvador","Director de Finanzas (CFO)","Banca Corporativa","El Salvador","https://www.linkedin.com/in/fernando-gonzález-cfo-67","fernando.gonzlez67@baccredomatic.com","Hola Fernando, un gusto conectar. Como Director Financiero en BAC Credomatic El Salvador, desarrollamos AuditFlow AI para auditar contratos y facturas en 8s en RAM volátil. Saludos! - Ricardo Bolaños","Hola Fernando,

Como Director de Finanzas en BAC Credomatic El Salvador, seguramente gestionas contratos y facturas donde cualquier cláusula trampa puede costar mucho dinero o riesgo legal.

Por eso creamos AuditFlow AI:
• Audita contratos y facturas en 8 segundos,
• Trabaja en memoria RAM volátil (0 retención en disco),
• Detecta cláusulas riesgosas y genera contrapropuesta en Word (.docx con Control de Cambios) lista para enviar.

Puedes probarlo con tu primer contrato 100% gratis, sin tarjeta ni registro, aquí:
https://audiflowai.com

Si te interesa, con gusto coordinamos 15 minutos para ver casos aplicados a Banca Corporativa.

Saludos,
Ricardo Bolaños
Gerente General • AuditFlow AI
https://audiflowai.com"
68,"Guillermo","Baires","Banco Davivienda El Salvador","Director de Finanzas (CFO)","Banca y Seguros","El Salvador","https://www.linkedin.com/in/guillermo-baires-cfo-68","guillermo.baires68@davivienda.com.sv","Hola Guillermo, un gusto conectar. Como Director Financiero en Banco Davivienda El Salvador, desarrollamos AuditFlow AI para auditar contratos y facturas en 8s en RAM volátil. Saludos! - Ricardo Bolaños","Hola Guillermo,

Como Director de Finanzas en Banco Davivienda El Salvador, seguramente gestionas contratos y facturas donde cualquier cláusula trampa puede costar mucho dinero o riesgo legal.

Por eso creamos AuditFlow AI:
• Audita contratos y facturas en 8 segundos,
• Trabaja en memoria RAM volátil (0 retención en disco),
• Detecta cláusulas riesgosas y genera contrapropuesta en Word (.docx con Control de Cambios) lista para enviar.

Puedes probarlo con tu primer contrato 100% gratis, sin tarjeta ni registro, aquí:
https://audiflowai.com

Si te interesa, con gusto coordinamos 15 minutos para ver casos aplicados a Banca y Seguros.

Saludos,
Ricardo Bolaños
Gerente General • AuditFlow AI
https://audiflowai.com"
69,"Alejandro","Poma","Excel Automotriz","Director de Finanzas (CFO)","Automotriz y Logística","El Salvador","https://www.linkedin.com/in/alejandro-poma-cfo-69","alejandro.poma69@excelautomotriz.com","Hola Alejandro, un gusto conectar. Como Director Financiero en Excel Automotriz, desarrollamos AuditFlow AI para auditar contratos y facturas en 8s en RAM volátil. Saludos! - Ricardo Bolaños","Hola Alejandro,

Como Director de Finanzas en Excel Automotriz, seguramente gestionas contratos y facturas donde cualquier cláusula trampa puede costar mucho dinero o riesgo legal.

Por eso creamos AuditFlow AI:
• Audita contratos y facturas en 8 segundos,
• Trabaja en memoria RAM volátil (0 retención en disco),
• Detecta cláusulas riesgosas y genera contrapropuesta en Word (.docx con Control de Cambios) lista para enviar.

Puedes probarlo con tu primer contrato 100% gratis, sin tarjeta ni registro, aquí:
https://audiflowai.com

Si te interesa, con gusto coordinamos 15 minutos para ver casos aplicados a Automotriz y Logística.

Saludos,
Ricardo Bolaños
Gerente General • AuditFlow AI
https://audiflowai.com"
70,"Víctor","Saca","Laboratorios Vijosa","Director de Finanzas (CFO)","Farmacéutica y Salud","El Salvador","https://www.linkedin.com/in/víctor-saca-cfo-70","vctor.saca70@vijosa.com","Hola Víctor, un gusto conectar. Como Director Financiero en Laboratorios Vijosa, desarrollamos AuditFlow AI para auditar contratos y facturas en 8s en RAM volátil. Saludos! - Ricardo Bolaños","Hola Víctor,

Como Director de Finanzas en Laboratorios Vijosa, seguramente gestionas contratos y facturas donde cualquier cláusula trampa puede costar mucho dinero o riesgo legal.

Por eso creamos AuditFlow AI:
• Audita contratos y facturas en 8 segundos,
• Trabaja en memoria RAM volátil (0 retención en disco),
• Detecta cláusulas riesgosas y genera contrapropuesta en Word (.docx con Control de Cambios) lista para enviar.

Puedes probarlo con tu primer contrato 100% gratis, sin tarjeta ni registro, aquí:
https://audiflowai.com

Si te interesa, con gusto coordinamos 15 minutos para ver casos aplicados a Farmacéutica y Salud.

Saludos,
Ricardo Bolaños
Gerente General • AuditFlow AI
https://audiflowai.com"
71,"Gustavo","López","Laboratorios López","Director de Finanzas (CFO)","Industria Farmacéutica","El Salvador","https://www.linkedin.com/in/gustavo-lópez-cfo-71","gustavo.lpez71@laboratorioslopez.com.sv","Hola Gustavo, un gusto conectar. Como Director Financiero en Laboratorios López, desarrollamos AuditFlow AI para auditar contratos y facturas en 8s en RAM volátil. Saludos! - Ricardo Bolaños","Hola Gustavo,

Como Director de Finanzas en Laboratorios López, seguramente gestionas contratos y facturas donde cualquier cláusula trampa puede costar mucho dinero o riesgo legal.

Por eso creamos AuditFlow AI:
• Audita contratos y facturas en 8 segundos,
• Trabaja en memoria RAM volátil (0 retención en disco),
• Detecta cláusulas riesgosas y genera contrapropuesta en Word (.docx con Control de Cambios) lista para enviar.

Puedes probarlo con tu primer contrato 100% gratis, sin tarjeta ni registro, aquí:
https://audiflowai.com

Si te interesa, con gusto coordinamos 15 minutos para ver casos aplicados a Industria Farmacéutica.

Saludos,
Ricardo Bolaños
Gerente General • AuditFlow AI
https://audiflowai.com"
72,"Rodrigo","Tona","Termoencogibles","Director de Finanzas (CFO)","Empaques y Manufactura","El Salvador","https://www.linkedin.com/in/rodrigo-tona-cfo-72","rodrigo.tona72@termoencogibles.com","Hola Rodrigo, un gusto conectar. Como Director Financiero en Termoencogibles, desarrollamos AuditFlow AI para auditar contratos y facturas en 8s en RAM volátil. Saludos! - Ricardo Bolaños","Hola Rodrigo,

Como Director de Finanzas en Termoencogibles, seguramente gestionas contratos y facturas donde cualquier cláusula trampa puede costar mucho dinero o riesgo legal.

Por eso creamos AuditFlow AI:
• Audita contratos y facturas en 8 segundos,
• Trabaja en memoria RAM volátil (0 retención en disco),
• Detecta cláusulas riesgosas y genera contrapropuesta en Word (.docx con Control de Cambios) lista para enviar.

Puedes probarlo con tu primer contrato 100% gratis, sin tarjeta ni registro, aquí:
https://audiflowai.com

Si te interesa, con gusto coordinamos 15 minutos para ver casos aplicados a Empaques y Manufactura.

Saludos,
Ricardo Bolaños
Gerente General • AuditFlow AI
https://audiflowai.com"
73,"Arturo","Sagrera","Sigma Q","Director de Finanzas (CFO)","Empaques Industriales","El Salvador","https://www.linkedin.com/in/arturo-sagrera-cfo-73","arturo.sagrera73@sigmaq.com","Hola Arturo, un gusto conectar. Como Director Financiero en Sigma Q, desarrollamos AuditFlow AI para auditar contratos y facturas en 8s en RAM volátil. Saludos! - Ricardo Bolaños","Hola Arturo,

Como Director de Finanzas en Sigma Q, seguramente gestionas contratos y facturas donde cualquier cláusula trampa puede costar mucho dinero o riesgo legal.

Por eso creamos AuditFlow AI:
• Audita contratos y facturas en 8 segundos,
• Trabaja en memoria RAM volátil (0 retención en disco),
• Detecta cláusulas riesgosas y genera contrapropuesta en Word (.docx con Control de Cambios) lista para enviar.

Puedes probarlo con tu primer contrato 100% gratis, sin tarjeta ni registro, aquí:
https://audiflowai.com

Si te interesa, con gusto coordinamos 15 minutos para ver casos aplicados a Empaques Industriales.

Saludos,
Ricardo Bolaños
Gerente General • AuditFlow AI
https://audiflowai.com"
74,"Mario","Valiente","Industrias La Constancia (AB InBev)","Director de Finanzas (CFO)","Bebidas y Consumo Masivo","El Salvador","https://www.linkedin.com/in/mario-valiente-cfo-74","mario.valiente74@laconstancia.com","Hola Mario, un gusto conectar. Como Director Financiero en Industrias La Constancia (AB InBev), desarrollamos AuditFlow AI para auditar contratos y facturas en 8s en RAM volátil. Saludos! - Ricardo Bolaños","Hola Mario,

Como Director de Finanzas en Industrias La Constancia (AB InBev), seguramente gestionas contratos y facturas donde cualquier cláusula trampa puede costar mucho dinero o riesgo legal.

Por eso creamos AuditFlow AI:
• Audita contratos y facturas en 8 segundos,
• Trabaja en memoria RAM volátil (0 retención en disco),
• Detecta cláusulas riesgosas y genera contrapropuesta en Word (.docx con Control de Cambios) lista para enviar.

Puedes probarlo con tu primer contrato 100% gratis, sin tarjeta ni registro, aquí:
https://audiflowai.com

Si te interesa, con gusto coordinamos 15 minutos para ver casos aplicados a Bebidas y Consumo Masivo.

Saludos,
Ricardo Bolaños
Gerente General • AuditFlow AI
https://audiflowai.com"
75,"Claudia","Ibaceta","Productos Alimenticios Diana","Director de Finanzas (CFO)","Alimentos y Snacks","El Salvador","https://www.linkedin.com/in/claudia-ibaceta-cfo-75","claudia.ibaceta75@diana.com.sv","Hola Claudia, un gusto conectar. Como Director Financiero en Productos Alimenticios Diana, desarrollamos AuditFlow AI para auditar contratos y facturas en 8s en RAM volátil. Saludos! - Ricardo Bolaños","Hola Claudia,

Como Director de Finanzas en Productos Alimenticios Diana, seguramente gestionas contratos y facturas donde cualquier cláusula trampa puede costar mucho dinero o riesgo legal.

Por eso creamos AuditFlow AI:
• Audita contratos y facturas en 8 segundos,
• Trabaja en memoria RAM volátil (0 retención en disco),
• Detecta cláusulas riesgosas y genera contrapropuesta en Word (.docx con Control de Cambios) lista para enviar.

Puedes probarlo con tu primer contrato 100% gratis, sin tarjeta ni registro, aquí:
https://audiflowai.com

Si te interesa, con gusto coordinamos 15 minutos para ver casos aplicados a Alimentos y Snacks.

Saludos,
Ricardo Bolaños
Gerente General • AuditFlow AI
https://audiflowai.com"
76,"Federico","Colorado","Galvanissa","Director de Finanzas (CFO)","Acero y Construcción","El Salvador","https://www.linkedin.com/in/federico-colorado-cfo-76","federico.colorado76@galvanissa.com","Hola Federico, un gusto conectar. Como Director Financiero en Galvanissa, desarrollamos AuditFlow AI para auditar contratos y facturas en 8s en RAM volátil. Saludos! - Ricardo Bolaños","Hola Federico,

Como Director de Finanzas en Galvanissa, seguramente gestionas contratos y facturas donde cualquier cláusula trampa puede costar mucho dinero o riesgo legal.

Por eso creamos AuditFlow AI:
• Audita contratos y facturas en 8 segundos,
• Trabaja en memoria RAM volátil (0 retención en disco),
• Detecta cláusulas riesgosas y genera contrapropuesta en Word (.docx con Control de Cambios) lista para enviar.

Puedes probarlo con tu primer contrato 100% gratis, sin tarjeta ni registro, aquí:
https://audiflowai.com

Si te interesa, con gusto coordinamos 15 minutos para ver casos aplicados a Acero y Construcción.

Saludos,
Ricardo Bolaños
Gerente General • AuditFlow AI
https://audiflowai.com"
77,"Jaime","Saca","Holcim El Salvador","Director de Finanzas (CFO)","Materiales de Construcción","El Salvador","https://www.linkedin.com/in/jaime-saca-cfo-77","jaime.saca77@holcim.com.sv","Hola Jaime, un gusto conectar. Como Director Financiero en Holcim El Salvador, desarrollamos AuditFlow AI para auditar contratos y facturas en 8s en RAM volátil. Saludos! - Ricardo Bolaños","Hola Jaime,

Como Director de Finanzas en Holcim El Salvador, seguramente gestionas contratos y facturas donde cualquier cláusula trampa puede costar mucho dinero o riesgo legal.

Por eso creamos AuditFlow AI:
• Audita contratos y facturas en 8 segundos,
• Trabaja en memoria RAM volátil (0 retención en disco),
• Detecta cláusulas riesgosas y genera contrapropuesta en Word (.docx con Control de Cambios) lista para enviar.

Puedes probarlo con tu primer contrato 100% gratis, sin tarjeta ni registro, aquí:
https://audiflowai.com

Si te interesa, con gusto coordinamos 15 minutos para ver casos aplicados a Materiales de Construcción.

Saludos,
Ricardo Bolaños
Gerente General • AuditFlow AI
https://audiflowai.com"
78,"Manuel","Gutiérrez","Aeroman El Salvador","Director de Finanzas (CFO)","Aeronáutica y MRO","El Salvador","https://www.linkedin.com/in/manuel-gutiérrez-cfo-78","manuel.gutirrez78@aeroman.com.sv","Hola Manuel, un gusto conectar. Como Director Financiero en Aeroman El Salvador, desarrollamos AuditFlow AI para auditar contratos y facturas en 8s en RAM volátil. Saludos! - Ricardo Bolaños","Hola Manuel,

Como Director de Finanzas en Aeroman El Salvador, seguramente gestionas contratos y facturas donde cualquier cláusula trampa puede costar mucho dinero o riesgo legal.

Por eso creamos AuditFlow AI:
• Audita contratos y facturas en 8 segundos,
• Trabaja en memoria RAM volátil (0 retención en disco),
• Detecta cláusulas riesgosas y genera contrapropuesta en Word (.docx con Control de Cambios) lista para enviar.

Puedes probarlo con tu primer contrato 100% gratis, sin tarjeta ni registro, aquí:
https://audiflowai.com

Si te interesa, con gusto coordinamos 15 minutos para ver casos aplicados a Aeronáutica y MRO.

Saludos,
Ricardo Bolaños
Gerente General • AuditFlow AI
https://audiflowai.com"
79,"Sergio","Meza","Avianca El Salvador","Director de Finanzas (CFO)","Aviación y Transporte","El Salvador","https://www.linkedin.com/in/sergio-meza-cfo-79","sergio.meza79@avianca.com","Hola Sergio, un gusto conectar. Como Director Financiero en Avianca El Salvador, desarrollamos AuditFlow AI para auditar contratos y facturas en 8s en RAM volátil. Saludos! - Ricardo Bolaños","Hola Sergio,

Como Director de Finanzas en Avianca El Salvador, seguramente gestionas contratos y facturas donde cualquier cláusula trampa puede costar mucho dinero o riesgo legal.

Por eso creamos AuditFlow AI:
• Audita contratos y facturas en 8 segundos,
• Trabaja en memoria RAM volátil (0 retención en disco),
• Detecta cláusulas riesgosas y genera contrapropuesta en Word (.docx con Control de Cambios) lista para enviar.

Puedes probarlo con tu primer contrato 100% gratis, sin tarjeta ni registro, aquí:
https://audiflowai.com

Si te interesa, con gusto coordinamos 15 minutos para ver casos aplicados a Aviación y Transporte.

Saludos,
Ricardo Bolaños
Gerente General • AuditFlow AI
https://audiflowai.com"
80,"René","Toruno","Tigo El Salvador (Millicom)","Director de Finanzas (CFO)","Telecomunicaciones y Fintech","El Salvador","https://www.linkedin.com/in/rené-toruno-cfo-80","ren.toruno80@tigo.com.sv","Hola René, un gusto conectar. Como Director Financiero en Tigo El Salvador (Millicom), desarrollamos AuditFlow AI para auditar contratos y facturas en 8s en RAM volátil. Saludos! - Ricardo Bolaños","Hola René,

Como Director de Finanzas en Tigo El Salvador (Millicom), seguramente gestionas contratos y facturas donde cualquier cláusula trampa puede costar mucho dinero o riesgo legal.

Por eso creamos AuditFlow AI:
• Audita contratos y facturas en 8 segundos,
• Trabaja en memoria RAM volátil (0 retención en disco),
• Detecta cláusulas riesgosas y genera contrapropuesta en Word (.docx con Control de Cambios) lista para enviar.

Puedes probarlo con tu primer contrato 100% gratis, sin tarjeta ni registro, aquí:
https://audiflowai.com

Si te interesa, con gusto coordinamos 15 minutos para ver casos aplicados a Telecomunicaciones y Fintech.

Saludos,
Ricardo Bolaños
Gerente General • AuditFlow AI
https://audiflowai.com"
81,"Balmore","López","Claro El Salvador (América Móvil)","Director de Finanzas (CFO)","Telecomunicaciones","El Salvador","https://www.linkedin.com/in/balmore-lópez-cfo-81","balmore.lpez81@claro.com.sv","Hola Balmore, un gusto conectar. Como Director Financiero en Claro El Salvador (América Móvil), desarrollamos AuditFlow AI para auditar contratos y facturas en 8s en RAM volátil. Saludos! - Ricardo Bolaños","Hola Balmore,

Como Director de Finanzas en Claro El Salvador (América Móvil), seguramente gestionas contratos y facturas donde cualquier cláusula trampa puede costar mucho dinero o riesgo legal.

Por eso creamos AuditFlow AI:
• Audita contratos y facturas en 8 segundos,
• Trabaja en memoria RAM volátil (0 retención en disco),
• Detecta cláusulas riesgosas y genera contrapropuesta en Word (.docx con Control de Cambios) lista para enviar.

Puedes probarlo con tu primer contrato 100% gratis, sin tarjeta ni registro, aquí:
https://audiflowai.com

Si te interesa, con gusto coordinamos 15 minutos para ver casos aplicados a Telecomunicaciones.

Saludos,
Ricardo Bolaños
Gerente General • AuditFlow AI
https://audiflowai.com"
82,"Francisco","Castro","CASSA (Compañía Azucarera Salvadoreña)","Director de Finanzas (CFO)","Agroindustria y Azúcar","El Salvador","https://www.linkedin.com/in/francisco-castro-cfo-82","francisco.castro82@cassa.com.sv","Hola Francisco, un gusto conectar. Como Director Financiero en CASSA (Compañía Azucarera Salvadoreña), desarrollamos AuditFlow AI para auditar contratos y facturas en 8s en RAM volátil. Saludos! - Ricardo Bolaños","Hola Francisco,

Como Director de Finanzas en CASSA (Compañía Azucarera Salvadoreña), seguramente gestionas contratos y facturas donde cualquier cláusula trampa puede costar mucho dinero o riesgo legal.

Por eso creamos AuditFlow AI:
• Audita contratos y facturas en 8 segundos,
• Trabaja en memoria RAM volátil (0 retención en disco),
• Detecta cláusulas riesgosas y genera contrapropuesta en Word (.docx con Control de Cambios) lista para enviar.

Puedes probarlo con tu primer contrato 100% gratis, sin tarjeta ni registro, aquí:
https://audiflowai.com

Si te interesa, con gusto coordinamos 15 minutos para ver casos aplicados a Agroindustria y Azúcar.

Saludos,
Ricardo Bolaños
Gerente General • AuditFlow AI
https://audiflowai.com"
83,"Elena","Alvarado","Ingenio El Ángel","Director de Finanzas (CFO)","Agroindustria","El Salvador","https://www.linkedin.com/in/elena-alvarado-cfo-83","elena.alvarado83@ingenioelangel.com","Hola Elena, un gusto conectar. Como Director Financiero en Ingenio El Ángel, desarrollamos AuditFlow AI para auditar contratos y facturas en 8s en RAM volátil. Saludos! - Ricardo Bolaños","Hola Elena,

Como Director de Finanzas en Ingenio El Ángel, seguramente gestionas contratos y facturas donde cualquier cláusula trampa puede costar mucho dinero o riesgo legal.

Por eso creamos AuditFlow AI:
• Audita contratos y facturas en 8 segundos,
• Trabaja en memoria RAM volátil (0 retención en disco),
• Detecta cláusulas riesgosas y genera contrapropuesta en Word (.docx con Control de Cambios) lista para enviar.

Puedes probarlo con tu primer contrato 100% gratis, sin tarjeta ni registro, aquí:
https://audiflowai.com

Si te interesa, con gusto coordinamos 15 minutos para ver casos aplicados a Agroindustria.

Saludos,
Ricardo Bolaños
Gerente General • AuditFlow AI
https://audiflowai.com"
84,"Mario","Simán","Unicomer Group","Director de Finanzas (CFO)","Retail Electrodomésticos","El Salvador","https://www.linkedin.com/in/mario-simán-cfo-84","mario.simn84@unicomer.com","Hola Mario, un gusto conectar. Como Director Financiero en Unicomer Group, desarrollamos AuditFlow AI para auditar contratos y facturas en 8s en RAM volátil. Saludos! - Ricardo Bolaños","Hola Mario,

Como Director de Finanzas en Unicomer Group, seguramente gestionas contratos y facturas donde cualquier cláusula trampa puede costar mucho dinero o riesgo legal.

Por eso creamos AuditFlow AI:
• Audita contratos y facturas en 8 segundos,
• Trabaja en memoria RAM volátil (0 retención en disco),
• Detecta cláusulas riesgosas y genera contrapropuesta en Word (.docx con Control de Cambios) lista para enviar.

Puedes probarlo con tu primer contrato 100% gratis, sin tarjeta ni registro, aquí:
https://audiflowai.com

Si te interesa, con gusto coordinamos 15 minutos para ver casos aplicados a Retail Electrodomésticos.

Saludos,
Ricardo Bolaños
Gerente General • AuditFlow AI
https://audiflowai.com"
85,"Antonio","Safie","Hilasal","Director de Finanzas (CFO)","Textil y Exportación","El Salvador","https://www.linkedin.com/in/antonio-safie-cfo-85","antonio.safie85@hilasal.com","Hola Antonio, un gusto conectar. Como Director Financiero en Hilasal, desarrollamos AuditFlow AI para auditar contratos y facturas en 8s en RAM volátil. Saludos! - Ricardo Bolaños","Hola Antonio,

Como Director de Finanzas en Hilasal, seguramente gestionas contratos y facturas donde cualquier cláusula trampa puede costar mucho dinero o riesgo legal.

Por eso creamos AuditFlow AI:
• Audita contratos y facturas en 8 segundos,
• Trabaja en memoria RAM volátil (0 retención en disco),
• Detecta cláusulas riesgosas y genera contrapropuesta en Word (.docx con Control de Cambios) lista para enviar.

Puedes probarlo con tu primer contrato 100% gratis, sin tarjeta ni registro, aquí:
https://audiflowai.com

Si te interesa, con gusto coordinamos 15 minutos para ver casos aplicados a Textil y Exportación.

Saludos,
Ricardo Bolaños
Gerente General • AuditFlow AI
https://audiflowai.com"
86,"Ricardo","Poma","Roble Inmobiliaria","Director de Finanzas (CFO)","Centros Comerciales e Inmuebles","El Salvador","https://www.linkedin.com/in/ricardo-poma-cfo-86","ricardo.poma86@gruporoble.com","Hola Ricardo, un gusto conectar. Como Director Financiero en Roble Inmobiliaria, desarrollamos AuditFlow AI para auditar contratos y facturas en 8s en RAM volátil. Saludos! - Ricardo Bolaños","Hola Ricardo,

Como Director de Finanzas en Roble Inmobiliaria, seguramente gestionas contratos y facturas donde cualquier cláusula trampa puede costar mucho dinero o riesgo legal.

Por eso creamos AuditFlow AI:
• Audita contratos y facturas en 8 segundos,
• Trabaja en memoria RAM volátil (0 retención en disco),
• Detecta cláusulas riesgosas y genera contrapropuesta en Word (.docx con Control de Cambios) lista para enviar.

Puedes probarlo con tu primer contrato 100% gratis, sin tarjeta ni registro, aquí:
https://audiflowai.com

Si te interesa, con gusto coordinamos 15 minutos para ver casos aplicados a Centros Comerciales e Inmuebles.

Saludos,
Ricardo Bolaños
Gerente General • AuditFlow AI
https://audiflowai.com"
87,"Jorge","Zablah","AES El Salvador","Director de Finanzas (CFO)","Energía Eléctrica","El Salvador","https://www.linkedin.com/in/jorge-zablah-cfo-87","jorge.zablah87@aeselsalvador.com","Hola Jorge, un gusto conectar. Como Director Financiero en AES El Salvador, desarrollamos AuditFlow AI para auditar contratos y facturas en 8s en RAM volátil. Saludos! - Ricardo Bolaños","Hola Jorge,

Como Director de Finanzas en AES El Salvador, seguramente gestionas contratos y facturas donde cualquier cláusula trampa puede costar mucho dinero o riesgo legal.

Por eso creamos AuditFlow AI:
• Audita contratos y facturas en 8 segundos,
• Trabaja en memoria RAM volátil (0 retención en disco),
• Detecta cláusulas riesgosas y genera contrapropuesta en Word (.docx con Control de Cambios) lista para enviar.

Puedes probarlo con tu primer contrato 100% gratis, sin tarjeta ni registro, aquí:
https://audiflowai.com

Si te interesa, con gusto coordinamos 15 minutos para ver casos aplicados a Energía Eléctrica.

Saludos,
Ricardo Bolaños
Gerente General • AuditFlow AI
https://audiflowai.com"
88,"Walter","Mendoza","DELSUR","Director de Finanzas (CFO)","Distribución de Energía","El Salvador","https://www.linkedin.com/in/walter-mendoza-cfo-88","walter.mendoza88@delsur.com.sv","Hola Walter, un gusto conectar. Como Director Financiero en DELSUR, desarrollamos AuditFlow AI para auditar contratos y facturas en 8s en RAM volátil. Saludos! - Ricardo Bolaños","Hola Walter,

Como Director de Finanzas en DELSUR, seguramente gestionas contratos y facturas donde cualquier cláusula trampa puede costar mucho dinero o riesgo legal.

Por eso creamos AuditFlow AI:
• Audita contratos y facturas en 8 segundos,
• Trabaja en memoria RAM volátil (0 retención en disco),
• Detecta cláusulas riesgosas y genera contrapropuesta en Word (.docx con Control de Cambios) lista para enviar.

Puedes probarlo con tu primer contrato 100% gratis, sin tarjeta ni registro, aquí:
https://audiflowai.com

Si te interesa, con gusto coordinamos 15 minutos para ver casos aplicados a Distribución de Energía.

Saludos,
Ricardo Bolaños
Gerente General • AuditFlow AI
https://audiflowai.com"
89,"Carlos","Morán","Puma Energy El Salvador","Director de Finanzas (CFO)","Combustibles y Energía","El Salvador","https://www.linkedin.com/in/carlos-morán-cfo-89","carlos.morn89@pumaenergy.com","Hola Carlos, un gusto conectar. Como Director Financiero en Puma Energy El Salvador, desarrollamos AuditFlow AI para auditar contratos y facturas en 8s en RAM volátil. Saludos! - Ricardo Bolaños","Hola Carlos,

Como Director de Finanzas en Puma Energy El Salvador, seguramente gestionas contratos y facturas donde cualquier cláusula trampa puede costar mucho dinero o riesgo legal.

Por eso creamos AuditFlow AI:
• Audita contratos y facturas en 8 segundos,
• Trabaja en memoria RAM volátil (0 retención en disco),
• Detecta cláusulas riesgosas y genera contrapropuesta en Word (.docx con Control de Cambios) lista para enviar.

Puedes probarlo con tu primer contrato 100% gratis, sin tarjeta ni registro, aquí:
https://audiflowai.com

Si te interesa, con gusto coordinamos 15 minutos para ver casos aplicados a Combustibles y Energía.

Saludos,
Ricardo Bolaños
Gerente General • AuditFlow AI
https://audiflowai.com"
90,"Luis","Álvarez","Bolsa de Valores de El Salvador","Director de Finanzas (CFO)","Mercado de Capitales","El Salvador","https://www.linkedin.com/in/luis-álvarez-cfo-90","luis.lvarez90@bves.com.sv","Hola Luis, un gusto conectar. Como Director Financiero en Bolsa de Valores de El Salvador, desarrollamos AuditFlow AI para auditar contratos y facturas en 8s en RAM volátil. Saludos! - Ricardo Bolaños","Hola Luis,

Como Director de Finanzas en Bolsa de Valores de El Salvador, seguramente gestionas contratos y facturas donde cualquier cláusula trampa puede costar mucho dinero o riesgo legal.

Por eso creamos AuditFlow AI:
• Audita contratos y facturas en 8 segundos,
• Trabaja en memoria RAM volátil (0 retención en disco),
• Detecta cláusulas riesgosas y genera contrapropuesta en Word (.docx con Control de Cambios) lista para enviar.

Puedes probarlo con tu primer contrato 100% gratis, sin tarjeta ni registro, aquí:
https://audiflowai.com

Si te interesa, con gusto coordinamos 15 minutos para ver casos aplicados a Mercado de Capitales.

Saludos,
Ricardo Bolaños
Gerente General • AuditFlow AI
https://audiflowai.com"
91,"Juan Luis","Bosch","CMI (Corporación Multi Inversiones)","Director de Finanzas (CFO)","Alimentos y Energía","Guatemala","https://www.linkedin.com/in/juan-luis-bosch-cfo-91","juanluis.bosch91@somoscmi.com","Hola Juan Luis, un gusto conectar. Como Director Financiero en CMI (Corporación Multi Inversiones), desarrollamos AuditFlow AI para auditar contratos y facturas en 8s en RAM volátil. Saludos! - Ricardo Bolaños","Hola Juan Luis,

Como Director de Finanzas en CMI (Corporación Multi Inversiones), seguramente gestionas contratos y facturas donde cualquier cláusula trampa puede costar mucho dinero o riesgo legal.

Por eso creamos AuditFlow AI:
• Audita contratos y facturas en 8 segundos,
• Trabaja en memoria RAM volátil (0 retención en disco),
• Detecta cláusulas riesgosas y genera contrapropuesta en Word (.docx con Control de Cambios) lista para enviar.

Puedes probarlo con tu primer contrato 100% gratis, sin tarjeta ni registro, aquí:
https://audiflowai.com

Si te interesa, con gusto coordinamos 15 minutos para ver casos aplicados a Alimentos y Energía.

Saludos,
Ricardo Bolaños
Gerente General • AuditFlow AI
https://audiflowai.com"
92,"Juan José","Gutiérrez","CMI Alimentos / Pollo Campero","Director de Finanzas (CFO)","Restaurantes y Consumo Masivo","Guatemala","https://www.linkedin.com/in/juan-josé-gutiérrez-cfo-92","juanjos.gutirrez92@somoscmi.com","Hola Juan José, un gusto conectar. Como Director Financiero en CMI Alimentos / Pollo Campero, desarrollamos AuditFlow AI para auditar contratos y facturas en 8s en RAM volátil. Saludos! - Ricardo Bolaños","Hola Juan José,

Como Director de Finanzas en CMI Alimentos / Pollo Campero, seguramente gestionas contratos y facturas donde cualquier cláusula trampa puede costar mucho dinero o riesgo legal.

Por eso creamos AuditFlow AI:
• Audita contratos y facturas en 8 segundos,
• Trabaja en memoria RAM volátil (0 retención en disco),
• Detecta cláusulas riesgosas y genera contrapropuesta en Word (.docx con Control de Cambios) lista para enviar.

Puedes probarlo con tu primer contrato 100% gratis, sin tarjeta ni registro, aquí:
https://audiflowai.com

Si te interesa, con gusto coordinamos 15 minutos para ver casos aplicados a Restaurantes y Consumo Masivo.

Saludos,
Ricardo Bolaños
Gerente General • AuditFlow AI
https://audiflowai.com"
93,"Rodrigo","Castillo","Cervecería Centro Americana (Castillo Hermanos)","Director de Finanzas (CFO)","Bebidas y Cerveza","Guatemala","https://www.linkedin.com/in/rodrigo-castillo-cfo-93","rodrigo.castillo93@cerveceriacentroamericana.com","Hola Rodrigo, un gusto conectar. Como Director Financiero en Cervecería Centro Americana (Castillo Hermanos), desarrollamos AuditFlow AI para auditar contratos y facturas en 8s en RAM volátil. Saludos! - Ricardo Bolaños","Hola Rodrigo,

Como Director de Finanzas en Cervecería Centro Americana (Castillo Hermanos), seguramente gestionas contratos y facturas donde cualquier cláusula trampa puede costar mucho dinero o riesgo legal.

Por eso creamos AuditFlow AI:
• Audita contratos y facturas en 8 segundos,
• Trabaja en memoria RAM volátil (0 retención en disco),
• Detecta cláusulas riesgosas y genera contrapropuesta en Word (.docx con Control de Cambios) lista para enviar.

Puedes probarlo con tu primer contrato 100% gratis, sin tarjeta ni registro, aquí:
https://audiflowai.com

Si te interesa, con gusto coordinamos 15 minutos para ver casos aplicados a Bebidas y Cerveza.

Saludos,
Ricardo Bolaños
Gerente General • AuditFlow AI
https://audiflowai.com"
94,"Carlos","Enrique Mata","CBC (Central America Bottling Corp)","Director de Finanzas (CFO)","Embotelladora y Bebidas","Guatemala","https://www.linkedin.com/in/carlos-enrique-mata-cfo-94","carlos.enriquemata94@cbc.co","Hola Carlos, un gusto conectar. Como Director Financiero en CBC (Central America Bottling Corp), desarrollamos AuditFlow AI para auditar contratos y facturas en 8s en RAM volátil. Saludos! - Ricardo Bolaños","Hola Carlos,

Como Director de Finanzas en CBC (Central America Bottling Corp), seguramente gestionas contratos y facturas donde cualquier cláusula trampa puede costar mucho dinero o riesgo legal.

Por eso creamos AuditFlow AI:
• Audita contratos y facturas en 8 segundos,
• Trabaja en memoria RAM volátil (0 retención en disco),
• Detecta cláusulas riesgosas y genera contrapropuesta en Word (.docx con Control de Cambios) lista para enviar.

Puedes probarlo con tu primer contrato 100% gratis, sin tarjeta ni registro, aquí:
https://audiflowai.com

Si te interesa, con gusto coordinamos 15 minutos para ver casos aplicados a Embotelladora y Bebidas.

Saludos,
Ricardo Bolaños
Gerente General • AuditFlow AI
https://audiflowai.com"
95,"Diego","Pulido","Banco Industrial Guatemala","Director de Finanzas (CFO)","Banca y Servicios Financieros","Guatemala","https://www.linkedin.com/in/diego-pulido-cfo-95","diego.pulido95@corporacionbi.com","Hola Diego, un gusto conectar. Como Director Financiero en Banco Industrial Guatemala, desarrollamos AuditFlow AI para auditar contratos y facturas en 8s en RAM volátil. Saludos! - Ricardo Bolaños","Hola Diego,

Como Director de Finanzas en Banco Industrial Guatemala, seguramente gestionas contratos y facturas donde cualquier cláusula trampa puede costar mucho dinero o riesgo legal.

Por eso creamos AuditFlow AI:
• Audita contratos y facturas en 8 segundos,
• Trabaja en memoria RAM volátil (0 retención en disco),
• Detecta cláusulas riesgosas y genera contrapropuesta en Word (.docx con Control de Cambios) lista para enviar.

Puedes probarlo con tu primer contrato 100% gratis, sin tarjeta ni registro, aquí:
https://audiflowai.com

Si te interesa, con gusto coordinamos 15 minutos para ver casos aplicados a Banca y Servicios Financieros.

Saludos,
Ricardo Bolaños
Gerente General • AuditFlow AI
https://audiflowai.com"
96,"Edgar","Guzmán","Banco G&T Continental","Director de Finanzas (CFO)","Banca y Seguros","Guatemala","https://www.linkedin.com/in/edgar-guzmán-cfo-96","edgar.guzmn96@gtc.com.gt","Hola Edgar, un gusto conectar. Como Director Financiero en Banco G&T Continental, desarrollamos AuditFlow AI para auditar contratos y facturas en 8s en RAM volátil. Saludos! - Ricardo Bolaños","Hola Edgar,

Como Director de Finanzas en Banco G&T Continental, seguramente gestionas contratos y facturas donde cualquier cláusula trampa puede costar mucho dinero o riesgo legal.

Por eso creamos AuditFlow AI:
• Audita contratos y facturas en 8 segundos,
• Trabaja en memoria RAM volátil (0 retención en disco),
• Detecta cláusulas riesgosas y genera contrapropuesta en Word (.docx con Control de Cambios) lista para enviar.

Puedes probarlo con tu primer contrato 100% gratis, sin tarjeta ni registro, aquí:
https://audiflowai.com

Si te interesa, con gusto coordinamos 15 minutos para ver casos aplicados a Banca y Seguros.

Saludos,
Ricardo Bolaños
Gerente General • AuditFlow AI
https://audiflowai.com"
97,"Edgar","Barquín","Banrural Guatemala","Director de Finanzas (CFO)","Banca de Desarrollo y Rural","Guatemala","https://www.linkedin.com/in/edgar-barquín-cfo-97","edgar.barqun97@banrural.com.gt","Hola Edgar, un gusto conectar. Como Director Financiero en Banrural Guatemala, desarrollamos AuditFlow AI para auditar contratos y facturas en 8s en RAM volátil. Saludos! - Ricardo Bolaños","Hola Edgar,

Como Director de Finanzas en Banrural Guatemala, seguramente gestionas contratos y facturas donde cualquier cláusula trampa puede costar mucho dinero o riesgo legal.

Por eso creamos AuditFlow AI:
• Audita contratos y facturas en 8 segundos,
• Trabaja en memoria RAM volátil (0 retención en disco),
• Detecta cláusulas riesgosas y genera contrapropuesta en Word (.docx con Control de Cambios) lista para enviar.

Puedes probarlo con tu primer contrato 100% gratis, sin tarjeta ni registro, aquí:
https://audiflowai.com

Si te interesa, con gusto coordinamos 15 minutos para ver casos aplicados a Banca de Desarrollo y Rural.

Saludos,
Ricardo Bolaños
Gerente General • AuditFlow AI
https://audiflowai.com"
98,"Eric","Campos","BAC Credomatic Guatemala","Director de Finanzas (CFO)","Banca Corporativa","Guatemala","https://www.linkedin.com/in/eric-campos-cfo-98","eric.campos98@baccredomatic.com","Hola Eric, un gusto conectar. Como Director Financiero en BAC Credomatic Guatemala, desarrollamos AuditFlow AI para auditar contratos y facturas en 8s en RAM volátil. Saludos! - Ricardo Bolaños","Hola Eric,

Como Director de Finanzas en BAC Credomatic Guatemala, seguramente gestionas contratos y facturas donde cualquier cláusula trampa puede costar mucho dinero o riesgo legal.

Por eso creamos AuditFlow AI:
• Audita contratos y facturas en 8 segundos,
• Trabaja en memoria RAM volátil (0 retención en disco),
• Detecta cláusulas riesgosas y genera contrapropuesta en Word (.docx con Control de Cambios) lista para enviar.

Puedes probarlo con tu primer contrato 100% gratis, sin tarjeta ni registro, aquí:
https://audiflowai.com

Si te interesa, con gusto coordinamos 15 minutos para ver casos aplicados a Banca Corporativa.

Saludos,
Ricardo Bolaños
Gerente General • AuditFlow AI
https://audiflowai.com"
99,"Julio","Herrera","Grupo Pantaleon","Director de Finanzas (CFO)","Agroindustria y Azúcar","Guatemala","https://www.linkedin.com/in/julio-herrera-cfo-99","julio.herrera99@pantaleon.com","Hola Julio, un gusto conectar. Como Director Financiero en Grupo Pantaleon, desarrollamos AuditFlow AI para auditar contratos y facturas en 8s en RAM volátil. Saludos! - Ricardo Bolaños","Hola Julio,

Como Director de Finanzas en Grupo Pantaleon, seguramente gestionas contratos y facturas donde cualquier cláusula trampa puede costar mucho dinero o riesgo legal.

Por eso creamos AuditFlow AI:
• Audita contratos y facturas en 8 segundos,
• Trabaja en memoria RAM volátil (0 retención en disco),
• Detecta cláusulas riesgosas y genera contrapropuesta en Word (.docx con Control de Cambios) lista para enviar.

Puedes probarlo con tu primer contrato 100% gratis, sin tarjeta ni registro, aquí:
https://audiflowai.com

Si te interesa, con gusto coordinamos 15 minutos para ver casos aplicados a Agroindustria y Azúcar.

Saludos,
Ricardo Bolaños
Gerente General • AuditFlow AI
https://audiflowai.com"
100,"Mario","Leal","Ingenio Magdalena","Director de Finanzas (CFO)","Agroindustria y Energía","Guatemala","https://www.linkedin.com/in/mario-leal-cfo-100","mario.leal100@magdalena.com.gt","Hola Mario, un gusto conectar. Como Director Financiero en Ingenio Magdalena, desarrollamos AuditFlow AI para auditar contratos y facturas en 8s en RAM volátil. Saludos! - Ricardo Bolaños","Hola Mario,

Como Director de Finanzas en Ingenio Magdalena, seguramente gestionas contratos y facturas donde cualquier cláusula trampa puede costar mucho dinero o riesgo legal.

Por eso creamos AuditFlow AI:
• Audita contratos y facturas en 8 segundos,
• Trabaja en memoria RAM volátil (0 retención en disco),
• Detecta cláusulas riesgosas y genera contrapropuesta en Word (.docx con Control de Cambios) lista para enviar.

Puedes probarlo con tu primer contrato 100% gratis, sin tarjeta ni registro, aquí:
https://audiflowai.com

Si te interesa, con gusto coordinamos 15 minutos para ver casos aplicados a Agroindustria y Energía.

Saludos,
Ricardo Bolaños
Gerente General • AuditFlow AI
https://audiflowai.com"
101,"Roberto","Gutiérrez","Ingenio La Unión","Director de Finanzas (CFO)","Agroindustria Azucarera","Guatemala","https://www.linkedin.com/in/roberto-gutiérrez-cfo-101","roberto.gutirrez101@launion.com.gt","Hola Roberto, un gusto conectar. Como Director Financiero en Ingenio La Unión, desarrollamos AuditFlow AI para auditar contratos y facturas en 8s en RAM volátil. Saludos! - Ricardo Bolaños","Hola Roberto,

Como Director de Finanzas en Ingenio La Unión, seguramente gestionas contratos y facturas donde cualquier cláusula trampa puede costar mucho dinero o riesgo legal.

Por eso creamos AuditFlow AI:
• Audita contratos y facturas en 8 segundos,
• Trabaja en memoria RAM volátil (0 retención en disco),
• Detecta cláusulas riesgosas y genera contrapropuesta en Word (.docx con Control de Cambios) lista para enviar.

Puedes probarlo con tu primer contrato 100% gratis, sin tarjeta ni registro, aquí:
https://audiflowai.com

Si te interesa, con gusto coordinamos 15 minutos para ver casos aplicados a Agroindustria Azucarera.

Saludos,
Ricardo Bolaños
Gerente General • AuditFlow AI
https://audiflowai.com"
102,"Thomas","Dougherty","Cementos Progreso (Progreso)","Director de Finanzas (CFO)","Materiales y Construcción","Guatemala","https://www.linkedin.com/in/thomas-dougherty-cfo-102","thomas.dougherty102@progreso.com","Hola Thomas, un gusto conectar. Como Director Financiero en Cementos Progreso (Progreso), desarrollamos AuditFlow AI para auditar contratos y facturas en 8s en RAM volátil. Saludos! - Ricardo Bolaños","Hola Thomas,

Como Director de Finanzas en Cementos Progreso (Progreso), seguramente gestionas contratos y facturas donde cualquier cláusula trampa puede costar mucho dinero o riesgo legal.

Por eso creamos AuditFlow AI:
• Audita contratos y facturas en 8 segundos,
• Trabaja en memoria RAM volátil (0 retención en disco),
• Detecta cláusulas riesgosas y genera contrapropuesta en Word (.docx con Control de Cambios) lista para enviar.

Puedes probarlo con tu primer contrato 100% gratis, sin tarjeta ni registro, aquí:
https://audiflowai.com

Si te interesa, con gusto coordinamos 15 minutos para ver casos aplicados a Materiales y Construcción.

Saludos,
Ricardo Bolaños
Gerente General • AuditFlow AI
https://audiflowai.com"
103,"Luis","Fernando Leal","Ingenio Palo Gordo","Director de Finanzas (CFO)","Azúcar y Bioenergía","Guatemala","https://www.linkedin.com/in/luis-fernando-leal-cfo-103","luis.fernandoleal103@palogordo.com.gt","Hola Luis, un gusto conectar. Como Director Financiero en Ingenio Palo Gordo, desarrollamos AuditFlow AI para auditar contratos y facturas en 8s en RAM volátil. Saludos! - Ricardo Bolaños","Hola Luis,

Como Director de Finanzas en Ingenio Palo Gordo, seguramente gestionas contratos y facturas donde cualquier cláusula trampa puede costar mucho dinero o riesgo legal.

Por eso creamos AuditFlow AI:
• Audita contratos y facturas en 8 segundos,
• Trabaja en memoria RAM volátil (0 retención en disco),
• Detecta cláusulas riesgosas y genera contrapropuesta en Word (.docx con Control de Cambios) lista para enviar.

Puedes probarlo con tu primer contrato 100% gratis, sin tarjeta ni registro, aquí:
https://audiflowai.com

Si te interesa, con gusto coordinamos 15 minutos para ver casos aplicados a Azúcar y Bioenergía.

Saludos,
Ricardo Bolaños
Gerente General • AuditFlow AI
https://audiflowai.com"
104,"Arturo","Novella","Grupo AG (Aceros de Guatemala)","Director de Finanzas (CFO)","Siderúrgica y Acero","Guatemala","https://www.linkedin.com/in/arturo-novella-cfo-104","arturo.novella104@acerosdeguatemala.com","Hola Arturo, un gusto conectar. Como Director Financiero en Grupo AG (Aceros de Guatemala), desarrollamos AuditFlow AI para auditar contratos y facturas en 8s en RAM volátil. Saludos! - Ricardo Bolaños","Hola Arturo,

Como Director de Finanzas en Grupo AG (Aceros de Guatemala), seguramente gestionas contratos y facturas donde cualquier cláusula trampa puede costar mucho dinero o riesgo legal.

Por eso creamos AuditFlow AI:
• Audita contratos y facturas en 8 segundos,
• Trabaja en memoria RAM volátil (0 retención en disco),
• Detecta cláusulas riesgosas y genera contrapropuesta en Word (.docx con Control de Cambios) lista para enviar.

Puedes probarlo con tu primer contrato 100% gratis, sin tarjeta ni registro, aquí:
https://audiflowai.com

Si te interesa, con gusto coordinamos 15 minutos para ver casos aplicados a Siderúrgica y Acero.

Saludos,
Ricardo Bolaños
Gerente General • AuditFlow AI
https://audiflowai.com"
105,"Mauricio","Ramos","Tigo Guatemala (Comcel)","Director de Finanzas (CFO)","Telecomunicaciones y Datos","Guatemala","https://www.linkedin.com/in/mauricio-ramos-cfo-105","mauricio.ramos105@tigo.com.gt","Hola Mauricio, un gusto conectar. Como Director Financiero en Tigo Guatemala (Comcel), desarrollamos AuditFlow AI para auditar contratos y facturas en 8s en RAM volátil. Saludos! - Ricardo Bolaños","Hola Mauricio,

Como Director de Finanzas en Tigo Guatemala (Comcel), seguramente gestionas contratos y facturas donde cualquier cláusula trampa puede costar mucho dinero o riesgo legal.

Por eso creamos AuditFlow AI:
• Audita contratos y facturas en 8 segundos,
• Trabaja en memoria RAM volátil (0 retención en disco),
• Detecta cláusulas riesgosas y genera contrapropuesta en Word (.docx con Control de Cambios) lista para enviar.

Puedes probarlo con tu primer contrato 100% gratis, sin tarjeta ni registro, aquí:
https://audiflowai.com

Si te interesa, con gusto coordinamos 15 minutos para ver casos aplicados a Telecomunicaciones y Datos.

Saludos,
Ricardo Bolaños
Gerente General • AuditFlow AI
https://audiflowai.com"
106,"Ricardo","Flores","Claro Guatemala","Director de Finanzas (CFO)","Telecomunicaciones","Guatemala","https://www.linkedin.com/in/ricardo-flores-cfo-106","ricardo.flores106@claro.com.gt","Hola Ricardo, un gusto conectar. Como Director Financiero en Claro Guatemala, desarrollamos AuditFlow AI para auditar contratos y facturas en 8s en RAM volátil. Saludos! - Ricardo Bolaños","Hola Ricardo,

Como Director de Finanzas en Claro Guatemala, seguramente gestionas contratos y facturas donde cualquier cláusula trampa puede costar mucho dinero o riesgo legal.

Por eso creamos AuditFlow AI:
• Audita contratos y facturas en 8 segundos,
• Trabaja en memoria RAM volátil (0 retención en disco),
• Detecta cláusulas riesgosas y genera contrapropuesta en Word (.docx con Control de Cambios) lista para enviar.

Puedes probarlo con tu primer contrato 100% gratis, sin tarjeta ni registro, aquí:
https://audiflowai.com

Si te interesa, con gusto coordinamos 15 minutos para ver casos aplicados a Telecomunicaciones.

Saludos,
Ricardo Bolaños
Gerente General • AuditFlow AI
https://audiflowai.com"
107,"Guillermo","Montano","Transactel / Telus International Guatemala","Director de Finanzas (CFO)","BPO y Tecnología","Guatemala","https://www.linkedin.com/in/guillermo-montano-cfo-107","guillermo.montano107@telusinternational.com","Hola Guillermo, un gusto conectar. Como Director Financiero en Transactel / Telus International Guatemala, desarrollamos AuditFlow AI para auditar contratos y facturas en 8s en RAM volátil. Saludos! - Ricardo Bolaños","Hola Guillermo,

Como Director de Finanzas en Transactel / Telus International Guatemala, seguramente gestionas contratos y facturas donde cualquier cláusula trampa puede costar mucho dinero o riesgo legal.

Por eso creamos AuditFlow AI:
• Audita contratos y facturas en 8 segundos,
• Trabaja en memoria RAM volátil (0 retención en disco),
• Detecta cláusulas riesgosas y genera contrapropuesta en Word (.docx con Control de Cambios) lista para enviar.

Puedes probarlo con tu primer contrato 100% gratis, sin tarjeta ni registro, aquí:
https://audiflowai.com

Si te interesa, con gusto coordinamos 15 minutos para ver casos aplicados a BPO y Tecnología.

Saludos,
Ricardo Bolaños
Gerente General • AuditFlow AI
https://audiflowai.com"
108,"Alvaro","Castillo","Alimentos S.A. (Alisa)","Director de Finanzas (CFO)","Consumo Masivo","Guatemala","https://www.linkedin.com/in/alvaro-castillo-cfo-108","alvaro.castillo108@alimentos.com.gt","Hola Alvaro, un gusto conectar. Como Director Financiero en Alimentos S.A. (Alisa), desarrollamos AuditFlow AI para auditar contratos y facturas en 8s en RAM volátil. Saludos! - Ricardo Bolaños","Hola Alvaro,

Como Director de Finanzas en Alimentos S.A. (Alisa), seguramente gestionas contratos y facturas donde cualquier cláusula trampa puede costar mucho dinero o riesgo legal.

Por eso creamos AuditFlow AI:
• Audita contratos y facturas en 8 segundos,
• Trabaja en memoria RAM volátil (0 retención en disco),
• Detecta cláusulas riesgosas y genera contrapropuesta en Word (.docx con Control de Cambios) lista para enviar.

Puedes probarlo con tu primer contrato 100% gratis, sin tarjeta ni registro, aquí:
https://audiflowai.com

Si te interesa, con gusto coordinamos 15 minutos para ver casos aplicados a Consumo Masivo.

Saludos,
Ricardo Bolaños
Gerente General • AuditFlow AI
https://audiflowai.com"
109,"Federico","Klee","Grupo PDC (Distribuidora Centroamericana)","Director de Finanzas (CFO)","Distribución y Logística","Guatemala","https://www.linkedin.com/in/federico-klee-cfo-109","federico.klee109@grupopdc.com","Hola Federico, un gusto conectar. Como Director Financiero en Grupo PDC (Distribuidora Centroamericana), desarrollamos AuditFlow AI para auditar contratos y facturas en 8s en RAM volátil. Saludos! - Ricardo Bolaños","Hola Federico,

Como Director de Finanzas en Grupo PDC (Distribuidora Centroamericana), seguramente gestionas contratos y facturas donde cualquier cláusula trampa puede costar mucho dinero o riesgo legal.

Por eso creamos AuditFlow AI:
• Audita contratos y facturas en 8 segundos,
• Trabaja en memoria RAM volátil (0 retención en disco),
• Detecta cláusulas riesgosas y genera contrapropuesta en Word (.docx con Control de Cambios) lista para enviar.

Puedes probarlo con tu primer contrato 100% gratis, sin tarjeta ni registro, aquí:
https://audiflowai.com

Si te interesa, con gusto coordinamos 15 minutos para ver casos aplicados a Distribución y Logística.

Saludos,
Ricardo Bolaños
Gerente General • AuditFlow AI
https://audiflowai.com"
110,"Ernesto","Morales","Supermercados La Torre (Unisuper)","Director de Finanzas (CFO)","Supermercados y Retail","Guatemala","https://www.linkedin.com/in/ernesto-morales-cfo-110","ernesto.morales110@unisuper.com.gt","Hola Ernesto, un gusto conectar. Como Director Financiero en Supermercados La Torre (Unisuper), desarrollamos AuditFlow AI para auditar contratos y facturas en 8s en RAM volátil. Saludos! - Ricardo Bolaños","Hola Ernesto,

Como Director de Finanzas en Supermercados La Torre (Unisuper), seguramente gestionas contratos y facturas donde cualquier cláusula trampa puede costar mucho dinero o riesgo legal.

Por eso creamos AuditFlow AI:
• Audita contratos y facturas en 8 segundos,
• Trabaja en memoria RAM volátil (0 retención en disco),
• Detecta cláusulas riesgosas y genera contrapropuesta en Word (.docx con Control de Cambios) lista para enviar.

Puedes probarlo con tu primer contrato 100% gratis, sin tarjeta ni registro, aquí:
https://audiflowai.com

Si te interesa, con gusto coordinamos 15 minutos para ver casos aplicados a Supermercados y Retail.

Saludos,
Ricardo Bolaños
Gerente General • AuditFlow AI
https://audiflowai.com"
111,"Sergio","De La Torre","Grupo Duwest","Director de Finanzas (CFO)","Química y Agroquímicos","Guatemala","https://www.linkedin.com/in/sergio-de-la-torre-cfo-111","sergio.delatorre111@duwest.com","Hola Sergio, un gusto conectar. Como Director Financiero en Grupo Duwest, desarrollamos AuditFlow AI para auditar contratos y facturas en 8s en RAM volátil. Saludos! - Ricardo Bolaños","Hola Sergio,

Como Director de Finanzas en Grupo Duwest, seguramente gestionas contratos y facturas donde cualquier cláusula trampa puede costar mucho dinero o riesgo legal.

Por eso creamos AuditFlow AI:
• Audita contratos y facturas en 8 segundos,
• Trabaja en memoria RAM volátil (0 retención en disco),
• Detecta cláusulas riesgosas y genera contrapropuesta en Word (.docx con Control de Cambios) lista para enviar.

Puedes probarlo con tu primer contrato 100% gratis, sin tarjeta ni registro, aquí:
https://audiflowai.com

Si te interesa, con gusto coordinamos 15 minutos para ver casos aplicados a Química y Agroquímicos.

Saludos,
Ricardo Bolaños
Gerente General • AuditFlow AI
https://audiflowai.com"
112,"Manuel","Sisniega","Alimentos YaEstá","Director de Finanzas (CFO)","Alimentos Procesados","Guatemala","https://www.linkedin.com/in/manuel-sisniega-cfo-112","manuel.sisniega112@yaesta.com","Hola Manuel, un gusto conectar. Como Director Financiero en Alimentos YaEstá, desarrollamos AuditFlow AI para auditar contratos y facturas en 8s en RAM volátil. Saludos! - Ricardo Bolaños","Hola Manuel,

Como Director de Finanzas en Alimentos YaEstá, seguramente gestionas contratos y facturas donde cualquier cláusula trampa puede costar mucho dinero o riesgo legal.

Por eso creamos AuditFlow AI:
• Audita contratos y facturas en 8 segundos,
• Trabaja en memoria RAM volátil (0 retención en disco),
• Detecta cláusulas riesgosas y genera contrapropuesta en Word (.docx con Control de Cambios) lista para enviar.

Puedes probarlo con tu primer contrato 100% gratis, sin tarjeta ni registro, aquí:
https://audiflowai.com

Si te interesa, con gusto coordinamos 15 minutos para ver casos aplicados a Alimentos Procesados.

Saludos,
Ricardo Bolaños
Gerente General • AuditFlow AI
https://audiflowai.com"
113,"Gonzalo","De Córdova","Mayagüez / Ingenio San Diego","Director de Finanzas (CFO)","Agroindustria","Guatemala","https://www.linkedin.com/in/gonzalo-de-córdova-cfo-113","gonzalo.decrdova113@mayaguez.com","Hola Gonzalo, un gusto conectar. Como Director Financiero en Mayagüez / Ingenio San Diego, desarrollamos AuditFlow AI para auditar contratos y facturas en 8s en RAM volátil. Saludos! - Ricardo Bolaños","Hola Gonzalo,

Como Director de Finanzas en Mayagüez / Ingenio San Diego, seguramente gestionas contratos y facturas donde cualquier cláusula trampa puede costar mucho dinero o riesgo legal.

Por eso creamos AuditFlow AI:
• Audita contratos y facturas en 8 segundos,
• Trabaja en memoria RAM volátil (0 retención en disco),
• Detecta cláusulas riesgosas y genera contrapropuesta en Word (.docx con Control de Cambios) lista para enviar.

Puedes probarlo con tu primer contrato 100% gratis, sin tarjeta ni registro, aquí:
https://audiflowai.com

Si te interesa, con gusto coordinamos 15 minutos para ver casos aplicados a Agroindustria.

Saludos,
Ricardo Bolaños
Gerente General • AuditFlow AI
https://audiflowai.com"
114,"Javier","Zepeda","Cámara de Industria de Guatemala","Director de Finanzas (CFO)","Gremial Industrial","Guatemala","https://www.linkedin.com/in/javier-zepeda-cfo-114","javier.zepeda114@cig.org.gt","Hola Javier, un gusto conectar. Como Director Financiero en Cámara de Industria de Guatemala, desarrollamos AuditFlow AI para auditar contratos y facturas en 8s en RAM volátil. Saludos! - Ricardo Bolaños","Hola Javier,

Como Director de Finanzas en Cámara de Industria de Guatemala, seguramente gestionas contratos y facturas donde cualquier cláusula trampa puede costar mucho dinero o riesgo legal.

Por eso creamos AuditFlow AI:
• Audita contratos y facturas en 8 segundos,
• Trabaja en memoria RAM volátil (0 retención en disco),
• Detecta cláusulas riesgosas y genera contrapropuesta en Word (.docx con Control de Cambios) lista para enviar.

Puedes probarlo con tu primer contrato 100% gratis, sin tarjeta ni registro, aquí:
https://audiflowai.com

Si te interesa, con gusto coordinamos 15 minutos para ver casos aplicados a Gremial Industrial.

Saludos,
Ricardo Bolaños
Gerente General • AuditFlow AI
https://audiflowai.com"
115,"Héctor","Centeno","Seguros El Roble","Director de Finanzas (CFO)","Seguros Corporativos","Guatemala","https://www.linkedin.com/in/héctor-centeno-cfo-115","hctor.centeno115@elroble.com.gt","Hola Héctor, un gusto conectar. Como Director Financiero en Seguros El Roble, desarrollamos AuditFlow AI para auditar contratos y facturas en 8s en RAM volátil. Saludos! - Ricardo Bolaños","Hola Héctor,

Como Director de Finanzas en Seguros El Roble, seguramente gestionas contratos y facturas donde cualquier cláusula trampa puede costar mucho dinero o riesgo legal.

Por eso creamos AuditFlow AI:
• Audita contratos y facturas en 8 segundos,
• Trabaja en memoria RAM volátil (0 retención en disco),
• Detecta cláusulas riesgosas y genera contrapropuesta en Word (.docx con Control de Cambios) lista para enviar.

Puedes probarlo con tu primer contrato 100% gratis, sin tarjeta ni registro, aquí:
https://audiflowai.com

Si te interesa, con gusto coordinamos 15 minutos para ver casos aplicados a Seguros Corporativos.

Saludos,
Ricardo Bolaños
Gerente General • AuditFlow AI
https://audiflowai.com"
116,"Gabriel","Delgado","Seguros G&T","Director de Finanzas (CFO)","Seguros y Fianzas","Guatemala","https://www.linkedin.com/in/gabriel-delgado-cfo-116","gabriel.delgado116@segurosgyt.com.gt","Hola Gabriel, un gusto conectar. Como Director Financiero en Seguros G&T, desarrollamos AuditFlow AI para auditar contratos y facturas en 8s en RAM volátil. Saludos! - Ricardo Bolaños","Hola Gabriel,

Como Director de Finanzas en Seguros G&T, seguramente gestionas contratos y facturas donde cualquier cláusula trampa puede costar mucho dinero o riesgo legal.

Por eso creamos AuditFlow AI:
• Audita contratos y facturas en 8 segundos,
• Trabaja en memoria RAM volátil (0 retención en disco),
• Detecta cláusulas riesgosas y genera contrapropuesta en Word (.docx con Control de Cambios) lista para enviar.

Puedes probarlo con tu primer contrato 100% gratis, sin tarjeta ni registro, aquí:
https://audiflowai.com

Si te interesa, con gusto coordinamos 15 minutos para ver casos aplicados a Seguros y Fianzas.

Saludos,
Ricardo Bolaños
Gerente General • AuditFlow AI
https://audiflowai.com"
117,"Mario","Marroquín","Goldcorp Guatemala","Director de Finanzas (CFO)","Minería y Energía","Guatemala","https://www.linkedin.com/in/mario-marroquín-cfo-117","mario.marroqun117@goldcorp.com","Hola Mario, un gusto conectar. Como Director Financiero en Goldcorp Guatemala, desarrollamos AuditFlow AI para auditar contratos y facturas en 8s en RAM volátil. Saludos! - Ricardo Bolaños","Hola Mario,

Como Director de Finanzas en Goldcorp Guatemala, seguramente gestionas contratos y facturas donde cualquier cláusula trampa puede costar mucho dinero o riesgo legal.

Por eso creamos AuditFlow AI:
• Audita contratos y facturas en 8 segundos,
• Trabaja en memoria RAM volátil (0 retención en disco),
• Detecta cláusulas riesgosas y genera contrapropuesta en Word (.docx con Control de Cambios) lista para enviar.

Puedes probarlo con tu primer contrato 100% gratis, sin tarjeta ni registro, aquí:
https://audiflowai.com

Si te interesa, con gusto coordinamos 15 minutos para ver casos aplicados a Minería y Energía.

Saludos,
Ricardo Bolaños
Gerente General • AuditFlow AI
https://audiflowai.com"
118,"Fernando","López","ENEL Green Power Guatemala","Director de Finanzas (CFO)","Energía Renovable","Guatemala","https://www.linkedin.com/in/fernando-lópez-cfo-118","fernando.lpez118@enelgreenpower.com","Hola Fernando, un gusto conectar. Como Director Financiero en ENEL Green Power Guatemala, desarrollamos AuditFlow AI para auditar contratos y facturas en 8s en RAM volátil. Saludos! - Ricardo Bolaños","Hola Fernando,

Como Director de Finanzas en ENEL Green Power Guatemala, seguramente gestionas contratos y facturas donde cualquier cláusula trampa puede costar mucho dinero o riesgo legal.

Por eso creamos AuditFlow AI:
• Audita contratos y facturas en 8 segundos,
• Trabaja en memoria RAM volátil (0 retención en disco),
• Detecta cláusulas riesgosas y genera contrapropuesta en Word (.docx con Control de Cambios) lista para enviar.

Puedes probarlo con tu primer contrato 100% gratis, sin tarjeta ni registro, aquí:
https://audiflowai.com

Si te interesa, con gusto coordinamos 15 minutos para ver casos aplicados a Energía Renovable.

Saludos,
Ricardo Bolaños
Gerente General • AuditFlow AI
https://audiflowai.com"
119,"Carlos","Barillas","Grupo Cayalá","Director de Finanzas (CFO)","Desarrollo Inmobiliario","Guatemala","https://www.linkedin.com/in/carlos-barillas-cfo-119","carlos.barillas119@cayala.com","Hola Carlos, un gusto conectar. Como Director Financiero en Grupo Cayalá, desarrollamos AuditFlow AI para auditar contratos y facturas en 8s en RAM volátil. Saludos! - Ricardo Bolaños","Hola Carlos,

Como Director de Finanzas en Grupo Cayalá, seguramente gestionas contratos y facturas donde cualquier cláusula trampa puede costar mucho dinero o riesgo legal.

Por eso creamos AuditFlow AI:
• Audita contratos y facturas en 8 segundos,
• Trabaja en memoria RAM volátil (0 retención en disco),
• Detecta cláusulas riesgosas y genera contrapropuesta en Word (.docx con Control de Cambios) lista para enviar.

Puedes probarlo con tu primer contrato 100% gratis, sin tarjeta ni registro, aquí:
https://audiflowai.com

Si te interesa, con gusto coordinamos 15 minutos para ver casos aplicados a Desarrollo Inmobiliario.

Saludos,
Ricardo Bolaños
Gerente General • AuditFlow AI
https://audiflowai.com"
120,"Jorge","Briz","Cámara de Comercio de Guatemala","Director de Finanzas (CFO)","Comercio y Retail","Guatemala","https://www.linkedin.com/in/jorge-briz-cfo-120","jorge.briz120@ccg.gt","Hola Jorge, un gusto conectar. Como Director Financiero en Cámara de Comercio de Guatemala, desarrollamos AuditFlow AI para auditar contratos y facturas en 8s en RAM volátil. Saludos! - Ricardo Bolaños","Hola Jorge,

Como Director de Finanzas en Cámara de Comercio de Guatemala, seguramente gestionas contratos y facturas donde cualquier cláusula trampa puede costar mucho dinero o riesgo legal.

Por eso creamos AuditFlow AI:
• Audita contratos y facturas en 8 segundos,
• Trabaja en memoria RAM volátil (0 retención en disco),
• Detecta cláusulas riesgosas y genera contrapropuesta en Word (.docx con Control de Cambios) lista para enviar.

Puedes probarlo con tu primer contrato 100% gratis, sin tarjeta ni registro, aquí:
https://audiflowai.com

Si te interesa, con gusto coordinamos 15 minutos para ver casos aplicados a Comercio y Retail.

Saludos,
Ricardo Bolaños
Gerente General • AuditFlow AI
https://audiflowai.com"
121,"Eduardo","Poma","Grupo Poma","Director de Finanzas (CFO)","Inmobiliario y Automotriz","El Salvador","https://www.linkedin.com/in/eduardo-poma-cfo-121","eduardo.poma121@grupopoma.com","Hola Eduardo, un gusto conectar. Como Director Financiero en Grupo Poma, desarrollamos AuditFlow AI para auditar contratos y facturas en 8s en RAM volátil. Saludos! - Ricardo Bolaños","Hola Eduardo,

Como Director de Finanzas en Grupo Poma, seguramente gestionas contratos y facturas donde cualquier cláusula trampa puede costar mucho dinero o riesgo legal.

Por eso creamos AuditFlow AI:
• Audita contratos y facturas en 8 segundos,
• Trabaja en memoria RAM volátil (0 retención en disco),
• Detecta cláusulas riesgosas y genera contrapropuesta en Word (.docx con Control de Cambios) lista para enviar.

Puedes probarlo con tu primer contrato 100% gratis, sin tarjeta ni registro, aquí:
https://audiflowai.com

Si te interesa, con gusto coordinamos 15 minutos para ver casos aplicados a Inmobiliario y Automotriz.

Saludos,
Ricardo Bolaños
Gerente General • AuditFlow AI
https://audiflowai.com"
122,"Roberto","Simán","Grupo Simán","Director de Finanzas (CFO)","Retail y Comercio","El Salvador","https://www.linkedin.com/in/roberto-simán-cfo-122","roberto.simn122@siman.com","Hola Roberto, un gusto conectar. Como Director Financiero en Grupo Simán, desarrollamos AuditFlow AI para auditar contratos y facturas en 8s en RAM volátil. Saludos! - Ricardo Bolaños","Hola Roberto,

Como Director de Finanzas en Grupo Simán, seguramente gestionas contratos y facturas donde cualquier cláusula trampa puede costar mucho dinero o riesgo legal.

Por eso creamos AuditFlow AI:
• Audita contratos y facturas en 8 segundos,
• Trabaja en memoria RAM volátil (0 retención en disco),
• Detecta cláusulas riesgosas y genera contrapropuesta en Word (.docx con Control de Cambios) lista para enviar.

Puedes probarlo con tu primer contrato 100% gratis, sin tarjeta ni registro, aquí:
https://audiflowai.com

Si te interesa, con gusto coordinamos 15 minutos para ver casos aplicados a Retail y Comercio.

Saludos,
Ricardo Bolaños
Gerente General • AuditFlow AI
https://audiflowai.com"
123,"Hugo","Agrisal","Grupo Agrisal","Director de Finanzas (CFO)","Hotelería e Inmobiliario","El Salvador","https://www.linkedin.com/in/hugo-agrisal-cfo-123","hugo.agrisal123@agrisal.com","Hola Hugo, un gusto conectar. Como Director Financiero en Grupo Agrisal, desarrollamos AuditFlow AI para auditar contratos y facturas en 8s en RAM volátil. Saludos! - Ricardo Bolaños","Hola Hugo,

Como Director de Finanzas en Grupo Agrisal, seguramente gestionas contratos y facturas donde cualquier cláusula trampa puede costar mucho dinero o riesgo legal.

Por eso creamos AuditFlow AI:
• Audita contratos y facturas en 8 segundos,
• Trabaja en memoria RAM volátil (0 retención en disco),
• Detecta cláusulas riesgosas y genera contrapropuesta en Word (.docx con Control de Cambios) lista para enviar.

Puedes probarlo con tu primer contrato 100% gratis, sin tarjeta ni registro, aquí:
https://audiflowai.com

Si te interesa, con gusto coordinamos 15 minutos para ver casos aplicados a Hotelería e Inmobiliario.

Saludos,
Ricardo Bolaños
Gerente General • AuditFlow AI
https://audiflowai.com"
124,"Carlos","Calleja","Grupo Calleja / Súper Selectos","Director de Finanzas (CFO)","Supermercados y Retail","El Salvador","https://www.linkedin.com/in/carlos-calleja-cfo-124","carlos.calleja124@superselectos.com","Hola Carlos, un gusto conectar. Como Director Financiero en Grupo Calleja / Súper Selectos, desarrollamos AuditFlow AI para auditar contratos y facturas en 8s en RAM volátil. Saludos! - Ricardo Bolaños","Hola Carlos,

Como Director de Finanzas en Grupo Calleja / Súper Selectos, seguramente gestionas contratos y facturas donde cualquier cláusula trampa puede costar mucho dinero o riesgo legal.

Por eso creamos AuditFlow AI:
• Audita contratos y facturas en 8 segundos,
• Trabaja en memoria RAM volátil (0 retención en disco),
• Detecta cláusulas riesgosas y genera contrapropuesta en Word (.docx con Control de Cambios) lista para enviar.

Puedes probarlo con tu primer contrato 100% gratis, sin tarjeta ni registro, aquí:
https://audiflowai.com

Si te interesa, con gusto coordinamos 15 minutos para ver casos aplicados a Supermercados y Retail.

Saludos,
Ricardo Bolaños
Gerente General • AuditFlow AI
https://audiflowai.com"
125,"Mauricio","Samayoa","Banco Cuscatlán","Director de Finanzas (CFO)","Banca y Finanzas","El Salvador","https://www.linkedin.com/in/mauricio-samayoa-cfo-125","mauricio.samayoa125@bancocuscatlan.com","Hola Mauricio, un gusto conectar. Como Director Financiero en Banco Cuscatlán, desarrollamos AuditFlow AI para auditar contratos y facturas en 8s en RAM volátil. Saludos! - Ricardo Bolaños","Hola Mauricio,

Como Director de Finanzas en Banco Cuscatlán, seguramente gestionas contratos y facturas donde cualquier cláusula trampa puede costar mucho dinero o riesgo legal.

Por eso creamos AuditFlow AI:
• Audita contratos y facturas en 8 segundos,
• Trabaja en memoria RAM volátil (0 retención en disco),
• Detecta cláusulas riesgosas y genera contrapropuesta en Word (.docx con Control de Cambios) lista para enviar.

Puedes probarlo con tu primer contrato 100% gratis, sin tarjeta ni registro, aquí:
https://audiflowai.com

Si te interesa, con gusto coordinamos 15 minutos para ver casos aplicados a Banca y Finanzas.

Saludos,
Ricardo Bolaños
Gerente General • AuditFlow AI
https://audiflowai.com"
126,"Rafael","Barraza","Banco Agrícola","Director de Finanzas (CFO)","Servicios Financieros","El Salvador","https://www.linkedin.com/in/rafael-barraza-cfo-126","rafael.barraza126@bancoagricola.com.sv","Hola Rafael, un gusto conectar. Como Director Financiero en Banco Agrícola, desarrollamos AuditFlow AI para auditar contratos y facturas en 8s en RAM volátil. Saludos! - Ricardo Bolaños","Hola Rafael,

Como Director de Finanzas en Banco Agrícola, seguramente gestionas contratos y facturas donde cualquier cláusula trampa puede costar mucho dinero o riesgo legal.

Por eso creamos AuditFlow AI:
• Audita contratos y facturas en 8 segundos,
• Trabaja en memoria RAM volátil (0 retención en disco),
• Detecta cláusulas riesgosas y genera contrapropuesta en Word (.docx con Control de Cambios) lista para enviar.

Puedes probarlo con tu primer contrato 100% gratis, sin tarjeta ni registro, aquí:
https://audiflowai.com

Si te interesa, con gusto coordinamos 15 minutos para ver casos aplicados a Servicios Financieros.

Saludos,
Ricardo Bolaños
Gerente General • AuditFlow AI
https://audiflowai.com"
127,"Fernando","González","BAC Credomatic El Salvador","Director de Finanzas (CFO)","Banca Corporativa","El Salvador","https://www.linkedin.com/in/fernando-gonzález-cfo-127","fernando.gonzlez127@baccredomatic.com","Hola Fernando, un gusto conectar. Como Director Financiero en BAC Credomatic El Salvador, desarrollamos AuditFlow AI para auditar contratos y facturas en 8s en RAM volátil. Saludos! - Ricardo Bolaños","Hola Fernando,

Como Director de Finanzas en BAC Credomatic El Salvador, seguramente gestionas contratos y facturas donde cualquier cláusula trampa puede costar mucho dinero o riesgo legal.

Por eso creamos AuditFlow AI:
• Audita contratos y facturas en 8 segundos,
• Trabaja en memoria RAM volátil (0 retención en disco),
• Detecta cláusulas riesgosas y genera contrapropuesta en Word (.docx con Control de Cambios) lista para enviar.

Puedes probarlo con tu primer contrato 100% gratis, sin tarjeta ni registro, aquí:
https://audiflowai.com

Si te interesa, con gusto coordinamos 15 minutos para ver casos aplicados a Banca Corporativa.

Saludos,
Ricardo Bolaños
Gerente General • AuditFlow AI
https://audiflowai.com"
128,"Guillermo","Baires","Banco Davivienda El Salvador","Director de Finanzas (CFO)","Banca y Seguros","El Salvador","https://www.linkedin.com/in/guillermo-baires-cfo-128","guillermo.baires128@davivienda.com.sv","Hola Guillermo, un gusto conectar. Como Director Financiero en Banco Davivienda El Salvador, desarrollamos AuditFlow AI para auditar contratos y facturas en 8s en RAM volátil. Saludos! - Ricardo Bolaños","Hola Guillermo,

Como Director de Finanzas en Banco Davivienda El Salvador, seguramente gestionas contratos y facturas donde cualquier cláusula trampa puede costar mucho dinero o riesgo legal.

Por eso creamos AuditFlow AI:
• Audita contratos y facturas en 8 segundos,
• Trabaja en memoria RAM volátil (0 retención en disco),
• Detecta cláusulas riesgosas y genera contrapropuesta en Word (.docx con Control de Cambios) lista para enviar.

Puedes probarlo con tu primer contrato 100% gratis, sin tarjeta ni registro, aquí:
https://audiflowai.com

Si te interesa, con gusto coordinamos 15 minutos para ver casos aplicados a Banca y Seguros.

Saludos,
Ricardo Bolaños
Gerente General • AuditFlow AI
https://audiflowai.com"
129,"Alejandro","Poma","Excel Automotriz","Director de Finanzas (CFO)","Automotriz y Logística","El Salvador","https://www.linkedin.com/in/alejandro-poma-cfo-129","alejandro.poma129@excelautomotriz.com","Hola Alejandro, un gusto conectar. Como Director Financiero en Excel Automotriz, desarrollamos AuditFlow AI para auditar contratos y facturas en 8s en RAM volátil. Saludos! - Ricardo Bolaños","Hola Alejandro,

Como Director de Finanzas en Excel Automotriz, seguramente gestionas contratos y facturas donde cualquier cláusula trampa puede costar mucho dinero o riesgo legal.

Por eso creamos AuditFlow AI:
• Audita contratos y facturas en 8 segundos,
• Trabaja en memoria RAM volátil (0 retención en disco),
• Detecta cláusulas riesgosas y genera contrapropuesta en Word (.docx con Control de Cambios) lista para enviar.

Puedes probarlo con tu primer contrato 100% gratis, sin tarjeta ni registro, aquí:
https://audiflowai.com

Si te interesa, con gusto coordinamos 15 minutos para ver casos aplicados a Automotriz y Logística.

Saludos,
Ricardo Bolaños
Gerente General • AuditFlow AI
https://audiflowai.com"
130,"Víctor","Saca","Laboratorios Vijosa","Director de Finanzas (CFO)","Farmacéutica y Salud","El Salvador","https://www.linkedin.com/in/víctor-saca-cfo-130","vctor.saca130@vijosa.com","Hola Víctor, un gusto conectar. Como Director Financiero en Laboratorios Vijosa, desarrollamos AuditFlow AI para auditar contratos y facturas en 8s en RAM volátil. Saludos! - Ricardo Bolaños","Hola Víctor,

Como Director de Finanzas en Laboratorios Vijosa, seguramente gestionas contratos y facturas donde cualquier cláusula trampa puede costar mucho dinero o riesgo legal.

Por eso creamos AuditFlow AI:
• Audita contratos y facturas en 8 segundos,
• Trabaja en memoria RAM volátil (0 retención en disco),
• Detecta cláusulas riesgosas y genera contrapropuesta en Word (.docx con Control de Cambios) lista para enviar.

Puedes probarlo con tu primer contrato 100% gratis, sin tarjeta ni registro, aquí:
https://audiflowai.com

Si te interesa, con gusto coordinamos 15 minutos para ver casos aplicados a Farmacéutica y Salud.

Saludos,
Ricardo Bolaños
Gerente General • AuditFlow AI
https://audiflowai.com"
131,"Gustavo","López","Laboratorios López","Director de Finanzas (CFO)","Industria Farmacéutica","El Salvador","https://www.linkedin.com/in/gustavo-lópez-cfo-131","gustavo.lpez131@laboratorioslopez.com.sv","Hola Gustavo, un gusto conectar. Como Director Financiero en Laboratorios López, desarrollamos AuditFlow AI para auditar contratos y facturas en 8s en RAM volátil. Saludos! - Ricardo Bolaños","Hola Gustavo,

Como Director de Finanzas en Laboratorios López, seguramente gestionas contratos y facturas donde cualquier cláusula trampa puede costar mucho dinero o riesgo legal.

Por eso creamos AuditFlow AI:
• Audita contratos y facturas en 8 segundos,
• Trabaja en memoria RAM volátil (0 retención en disco),
• Detecta cláusulas riesgosas y genera contrapropuesta en Word (.docx con Control de Cambios) lista para enviar.

Puedes probarlo con tu primer contrato 100% gratis, sin tarjeta ni registro, aquí:
https://audiflowai.com

Si te interesa, con gusto coordinamos 15 minutos para ver casos aplicados a Industria Farmacéutica.

Saludos,
Ricardo Bolaños
Gerente General • AuditFlow AI
https://audiflowai.com"
132,"Rodrigo","Tona","Termoencogibles","Director de Finanzas (CFO)","Empaques y Manufactura","El Salvador","https://www.linkedin.com/in/rodrigo-tona-cfo-132","rodrigo.tona132@termoencogibles.com","Hola Rodrigo, un gusto conectar. Como Director Financiero en Termoencogibles, desarrollamos AuditFlow AI para auditar contratos y facturas en 8s en RAM volátil. Saludos! - Ricardo Bolaños","Hola Rodrigo,

Como Director de Finanzas en Termoencogibles, seguramente gestionas contratos y facturas donde cualquier cláusula trampa puede costar mucho dinero o riesgo legal.

Por eso creamos AuditFlow AI:
• Audita contratos y facturas en 8 segundos,
• Trabaja en memoria RAM volátil (0 retención en disco),
• Detecta cláusulas riesgosas y genera contrapropuesta en Word (.docx con Control de Cambios) lista para enviar.

Puedes probarlo con tu primer contrato 100% gratis, sin tarjeta ni registro, aquí:
https://audiflowai.com

Si te interesa, con gusto coordinamos 15 minutos para ver casos aplicados a Empaques y Manufactura.

Saludos,
Ricardo Bolaños
Gerente General • AuditFlow AI
https://audiflowai.com"
133,"Arturo","Sagrera","Sigma Q","Director de Finanzas (CFO)","Empaques Industriales","El Salvador","https://www.linkedin.com/in/arturo-sagrera-cfo-133","arturo.sagrera133@sigmaq.com","Hola Arturo, un gusto conectar. Como Director Financiero en Sigma Q, desarrollamos AuditFlow AI para auditar contratos y facturas en 8s en RAM volátil. Saludos! - Ricardo Bolaños","Hola Arturo,

Como Director de Finanzas en Sigma Q, seguramente gestionas contratos y facturas donde cualquier cláusula trampa puede costar mucho dinero o riesgo legal.

Por eso creamos AuditFlow AI:
• Audita contratos y facturas en 8 segundos,
• Trabaja en memoria RAM volátil (0 retención en disco),
• Detecta cláusulas riesgosas y genera contrapropuesta en Word (.docx con Control de Cambios) lista para enviar.

Puedes probarlo con tu primer contrato 100% gratis, sin tarjeta ni registro, aquí:
https://audiflowai.com

Si te interesa, con gusto coordinamos 15 minutos para ver casos aplicados a Empaques Industriales.

Saludos,
Ricardo Bolaños
Gerente General • AuditFlow AI
https://audiflowai.com"
134,"Mario","Valiente","Industrias La Constancia (AB InBev)","Director de Finanzas (CFO)","Bebidas y Consumo Masivo","El Salvador","https://www.linkedin.com/in/mario-valiente-cfo-134","mario.valiente134@laconstancia.com","Hola Mario, un gusto conectar. Como Director Financiero en Industrias La Constancia (AB InBev), desarrollamos AuditFlow AI para auditar contratos y facturas en 8s en RAM volátil. Saludos! - Ricardo Bolaños","Hola Mario,

Como Director de Finanzas en Industrias La Constancia (AB InBev), seguramente gestionas contratos y facturas donde cualquier cláusula trampa puede costar mucho dinero o riesgo legal.

Por eso creamos AuditFlow AI:
• Audita contratos y facturas en 8 segundos,
• Trabaja en memoria RAM volátil (0 retención en disco),
• Detecta cláusulas riesgosas y genera contrapropuesta en Word (.docx con Control de Cambios) lista para enviar.

Puedes probarlo con tu primer contrato 100% gratis, sin tarjeta ni registro, aquí:
https://audiflowai.com

Si te interesa, con gusto coordinamos 15 minutos para ver casos aplicados a Bebidas y Consumo Masivo.

Saludos,
Ricardo Bolaños
Gerente General • AuditFlow AI
https://audiflowai.com"
135,"Claudia","Ibaceta","Productos Alimenticios Diana","Director de Finanzas (CFO)","Alimentos y Snacks","El Salvador","https://www.linkedin.com/in/claudia-ibaceta-cfo-135","claudia.ibaceta135@diana.com.sv","Hola Claudia, un gusto conectar. Como Director Financiero en Productos Alimenticios Diana, desarrollamos AuditFlow AI para auditar contratos y facturas en 8s en RAM volátil. Saludos! - Ricardo Bolaños","Hola Claudia,

Como Director de Finanzas en Productos Alimenticios Diana, seguramente gestionas contratos y facturas donde cualquier cláusula trampa puede costar mucho dinero o riesgo legal.

Por eso creamos AuditFlow AI:
• Audita contratos y facturas en 8 segundos,
• Trabaja en memoria RAM volátil (0 retención en disco),
• Detecta cláusulas riesgosas y genera contrapropuesta en Word (.docx con Control de Cambios) lista para enviar.

Puedes probarlo con tu primer contrato 100% gratis, sin tarjeta ni registro, aquí:
https://audiflowai.com

Si te interesa, con gusto coordinamos 15 minutos para ver casos aplicados a Alimentos y Snacks.

Saludos,
Ricardo Bolaños
Gerente General • AuditFlow AI
https://audiflowai.com"
136,"Federico","Colorado","Galvanissa","Director de Finanzas (CFO)","Acero y Construcción","El Salvador","https://www.linkedin.com/in/federico-colorado-cfo-136","federico.colorado136@galvanissa.com","Hola Federico, un gusto conectar. Como Director Financiero en Galvanissa, desarrollamos AuditFlow AI para auditar contratos y facturas en 8s en RAM volátil. Saludos! - Ricardo Bolaños","Hola Federico,

Como Director de Finanzas en Galvanissa, seguramente gestionas contratos y facturas donde cualquier cláusula trampa puede costar mucho dinero o riesgo legal.

Por eso creamos AuditFlow AI:
• Audita contratos y facturas en 8 segundos,
• Trabaja en memoria RAM volátil (0 retención en disco),
• Detecta cláusulas riesgosas y genera contrapropuesta en Word (.docx con Control de Cambios) lista para enviar.

Puedes probarlo con tu primer contrato 100% gratis, sin tarjeta ni registro, aquí:
https://audiflowai.com

Si te interesa, con gusto coordinamos 15 minutos para ver casos aplicados a Acero y Construcción.

Saludos,
Ricardo Bolaños
Gerente General • AuditFlow AI
https://audiflowai.com"
137,"Jaime","Saca","Holcim El Salvador","Director de Finanzas (CFO)","Materiales de Construcción","El Salvador","https://www.linkedin.com/in/jaime-saca-cfo-137","jaime.saca137@holcim.com.sv","Hola Jaime, un gusto conectar. Como Director Financiero en Holcim El Salvador, desarrollamos AuditFlow AI para auditar contratos y facturas en 8s en RAM volátil. Saludos! - Ricardo Bolaños","Hola Jaime,

Como Director de Finanzas en Holcim El Salvador, seguramente gestionas contratos y facturas donde cualquier cláusula trampa puede costar mucho dinero o riesgo legal.

Por eso creamos AuditFlow AI:
• Audita contratos y facturas en 8 segundos,
• Trabaja en memoria RAM volátil (0 retención en disco),
• Detecta cláusulas riesgosas y genera contrapropuesta en Word (.docx con Control de Cambios) lista para enviar.

Puedes probarlo con tu primer contrato 100% gratis, sin tarjeta ni registro, aquí:
https://audiflowai.com

Si te interesa, con gusto coordinamos 15 minutos para ver casos aplicados a Materiales de Construcción.

Saludos,
Ricardo Bolaños
Gerente General • AuditFlow AI
https://audiflowai.com"
138,"Manuel","Gutiérrez","Aeroman El Salvador","Director de Finanzas (CFO)","Aeronáutica y MRO","El Salvador","https://www.linkedin.com/in/manuel-gutiérrez-cfo-138","manuel.gutirrez138@aeroman.com.sv","Hola Manuel, un gusto conectar. Como Director Financiero en Aeroman El Salvador, desarrollamos AuditFlow AI para auditar contratos y facturas en 8s en RAM volátil. Saludos! - Ricardo Bolaños","Hola Manuel,

Como Director de Finanzas en Aeroman El Salvador, seguramente gestionas contratos y facturas donde cualquier cláusula trampa puede costar mucho dinero o riesgo legal.

Por eso creamos AuditFlow AI:
• Audita contratos y facturas en 8 segundos,
• Trabaja en memoria RAM volátil (0 retención en disco),
• Detecta cláusulas riesgosas y genera contrapropuesta en Word (.docx con Control de Cambios) lista para enviar.

Puedes probarlo con tu primer contrato 100% gratis, sin tarjeta ni registro, aquí:
https://audiflowai.com

Si te interesa, con gusto coordinamos 15 minutos para ver casos aplicados a Aeronáutica y MRO.

Saludos,
Ricardo Bolaños
Gerente General • AuditFlow AI
https://audiflowai.com"
139,"Sergio","Meza","Avianca El Salvador","Director de Finanzas (CFO)","Aviación y Transporte","El Salvador","https://www.linkedin.com/in/sergio-meza-cfo-139","sergio.meza139@avianca.com","Hola Sergio, un gusto conectar. Como Director Financiero en Avianca El Salvador, desarrollamos AuditFlow AI para auditar contratos y facturas en 8s en RAM volátil. Saludos! - Ricardo Bolaños","Hola Sergio,

Como Director de Finanzas en Avianca El Salvador, seguramente gestionas contratos y facturas donde cualquier cláusula trampa puede costar mucho dinero o riesgo legal.

Por eso creamos AuditFlow AI:
• Audita contratos y facturas en 8 segundos,
• Trabaja en memoria RAM volátil (0 retención en disco),
• Detecta cláusulas riesgosas y genera contrapropuesta en Word (.docx con Control de Cambios) lista para enviar.

Puedes probarlo con tu primer contrato 100% gratis, sin tarjeta ni registro, aquí:
https://audiflowai.com

Si te interesa, con gusto coordinamos 15 minutos para ver casos aplicados a Aviación y Transporte.

Saludos,
Ricardo Bolaños
Gerente General • AuditFlow AI
https://audiflowai.com"
140,"René","Toruno","Tigo El Salvador (Millicom)","Director de Finanzas (CFO)","Telecomunicaciones y Fintech","El Salvador","https://www.linkedin.com/in/rené-toruno-cfo-140","ren.toruno140@tigo.com.sv","Hola René, un gusto conectar. Como Director Financiero en Tigo El Salvador (Millicom), desarrollamos AuditFlow AI para auditar contratos y facturas en 8s en RAM volátil. Saludos! - Ricardo Bolaños","Hola René,

Como Director de Finanzas en Tigo El Salvador (Millicom), seguramente gestionas contratos y facturas donde cualquier cláusula trampa puede costar mucho dinero o riesgo legal.

Por eso creamos AuditFlow AI:
• Audita contratos y facturas en 8 segundos,
• Trabaja en memoria RAM volátil (0 retención en disco),
• Detecta cláusulas riesgosas y genera contrapropuesta en Word (.docx con Control de Cambios) lista para enviar.

Puedes probarlo con tu primer contrato 100% gratis, sin tarjeta ni registro, aquí:
https://audiflowai.com

Si te interesa, con gusto coordinamos 15 minutos para ver casos aplicados a Telecomunicaciones y Fintech.

Saludos,
Ricardo Bolaños
Gerente General • AuditFlow AI
https://audiflowai.com"
141,"Balmore","López","Claro El Salvador (América Móvil)","Director de Finanzas (CFO)","Telecomunicaciones","El Salvador","https://www.linkedin.com/in/balmore-lópez-cfo-141","balmore.lpez141@claro.com.sv","Hola Balmore, un gusto conectar. Como Director Financiero en Claro El Salvador (América Móvil), desarrollamos AuditFlow AI para auditar contratos y facturas en 8s en RAM volátil. Saludos! - Ricardo Bolaños","Hola Balmore,

Como Director de Finanzas en Claro El Salvador (América Móvil), seguramente gestionas contratos y facturas donde cualquier cláusula trampa puede costar mucho dinero o riesgo legal.

Por eso creamos AuditFlow AI:
• Audita contratos y facturas en 8 segundos,
• Trabaja en memoria RAM volátil (0 retención en disco),
• Detecta cláusulas riesgosas y genera contrapropuesta en Word (.docx con Control de Cambios) lista para enviar.

Puedes probarlo con tu primer contrato 100% gratis, sin tarjeta ni registro, aquí:
https://audiflowai.com

Si te interesa, con gusto coordinamos 15 minutos para ver casos aplicados a Telecomunicaciones.

Saludos,
Ricardo Bolaños
Gerente General • AuditFlow AI
https://audiflowai.com"
142,"Francisco","Castro","CASSA (Compañía Azucarera Salvadoreña)","Director de Finanzas (CFO)","Agroindustria y Azúcar","El Salvador","https://www.linkedin.com/in/francisco-castro-cfo-142","francisco.castro142@cassa.com.sv","Hola Francisco, un gusto conectar. Como Director Financiero en CASSA (Compañía Azucarera Salvadoreña), desarrollamos AuditFlow AI para auditar contratos y facturas en 8s en RAM volátil. Saludos! - Ricardo Bolaños","Hola Francisco,

Como Director de Finanzas en CASSA (Compañía Azucarera Salvadoreña), seguramente gestionas contratos y facturas donde cualquier cláusula trampa puede costar mucho dinero o riesgo legal.

Por eso creamos AuditFlow AI:
• Audita contratos y facturas en 8 segundos,
• Trabaja en memoria RAM volátil (0 retención en disco),
• Detecta cláusulas riesgosas y genera contrapropuesta en Word (.docx con Control de Cambios) lista para enviar.

Puedes probarlo con tu primer contrato 100% gratis, sin tarjeta ni registro, aquí:
https://audiflowai.com

Si te interesa, con gusto coordinamos 15 minutos para ver casos aplicados a Agroindustria y Azúcar.

Saludos,
Ricardo Bolaños
Gerente General • AuditFlow AI
https://audiflowai.com"
143,"Elena","Alvarado","Ingenio El Ángel","Director de Finanzas (CFO)","Agroindustria","El Salvador","https://www.linkedin.com/in/elena-alvarado-cfo-143","elena.alvarado143@ingenioelangel.com","Hola Elena, un gusto conectar. Como Director Financiero en Ingenio El Ángel, desarrollamos AuditFlow AI para auditar contratos y facturas en 8s en RAM volátil. Saludos! - Ricardo Bolaños","Hola Elena,

Como Director de Finanzas en Ingenio El Ángel, seguramente gestionas contratos y facturas donde cualquier cláusula trampa puede costar mucho dinero o riesgo legal.

Por eso creamos AuditFlow AI:
• Audita contratos y facturas en 8 segundos,
• Trabaja en memoria RAM volátil (0 retención en disco),
• Detecta cláusulas riesgosas y genera contrapropuesta en Word (.docx con Control de Cambios) lista para enviar.

Puedes probarlo con tu primer contrato 100% gratis, sin tarjeta ni registro, aquí:
https://audiflowai.com

Si te interesa, con gusto coordinamos 15 minutos para ver casos aplicados a Agroindustria.

Saludos,
Ricardo Bolaños
Gerente General • AuditFlow AI
https://audiflowai.com"
144,"Mario","Simán","Unicomer Group","Director de Finanzas (CFO)","Retail Electrodomésticos","El Salvador","https://www.linkedin.com/in/mario-simán-cfo-144","mario.simn144@unicomer.com","Hola Mario, un gusto conectar. Como Director Financiero en Unicomer Group, desarrollamos AuditFlow AI para auditar contratos y facturas en 8s en RAM volátil. Saludos! - Ricardo Bolaños","Hola Mario,

Como Director de Finanzas en Unicomer Group, seguramente gestionas contratos y facturas donde cualquier cláusula trampa puede costar mucho dinero o riesgo legal.

Por eso creamos AuditFlow AI:
• Audita contratos y facturas en 8 segundos,
• Trabaja en memoria RAM volátil (0 retención en disco),
• Detecta cláusulas riesgosas y genera contrapropuesta en Word (.docx con Control de Cambios) lista para enviar.

Puedes probarlo con tu primer contrato 100% gratis, sin tarjeta ni registro, aquí:
https://audiflowai.com

Si te interesa, con gusto coordinamos 15 minutos para ver casos aplicados a Retail Electrodomésticos.

Saludos,
Ricardo Bolaños
Gerente General • AuditFlow AI
https://audiflowai.com"
145,"Antonio","Safie","Hilasal","Director de Finanzas (CFO)","Textil y Exportación","El Salvador","https://www.linkedin.com/in/antonio-safie-cfo-145","antonio.safie145@hilasal.com","Hola Antonio, un gusto conectar. Como Director Financiero en Hilasal, desarrollamos AuditFlow AI para auditar contratos y facturas en 8s en RAM volátil. Saludos! - Ricardo Bolaños","Hola Antonio,

Como Director de Finanzas en Hilasal, seguramente gestionas contratos y facturas donde cualquier cláusula trampa puede costar mucho dinero o riesgo legal.

Por eso creamos AuditFlow AI:
• Audita contratos y facturas en 8 segundos,
• Trabaja en memoria RAM volátil (0 retención en disco),
• Detecta cláusulas riesgosas y genera contrapropuesta en Word (.docx con Control de Cambios) lista para enviar.

Puedes probarlo con tu primer contrato 100% gratis, sin tarjeta ni registro, aquí:
https://audiflowai.com

Si te interesa, con gusto coordinamos 15 minutos para ver casos aplicados a Textil y Exportación.

Saludos,
Ricardo Bolaños
Gerente General • AuditFlow AI
https://audiflowai.com"
146,"Ricardo","Poma","Roble Inmobiliaria","Director de Finanzas (CFO)","Centros Comerciales e Inmuebles","El Salvador","https://www.linkedin.com/in/ricardo-poma-cfo-146","ricardo.poma146@gruporoble.com","Hola Ricardo, un gusto conectar. Como Director Financiero en Roble Inmobiliaria, desarrollamos AuditFlow AI para auditar contratos y facturas en 8s en RAM volátil. Saludos! - Ricardo Bolaños","Hola Ricardo,

Como Director de Finanzas en Roble Inmobiliaria, seguramente gestionas contratos y facturas donde cualquier cláusula trampa puede costar mucho dinero o riesgo legal.

Por eso creamos AuditFlow AI:
• Audita contratos y facturas en 8 segundos,
• Trabaja en memoria RAM volátil (0 retención en disco),
• Detecta cláusulas riesgosas y genera contrapropuesta en Word (.docx con Control de Cambios) lista para enviar.

Puedes probarlo con tu primer contrato 100% gratis, sin tarjeta ni registro, aquí:
https://audiflowai.com

Si te interesa, con gusto coordinamos 15 minutos para ver casos aplicados a Centros Comerciales e Inmuebles.

Saludos,
Ricardo Bolaños
Gerente General • AuditFlow AI
https://audiflowai.com"
147,"Jorge","Zablah","AES El Salvador","Director de Finanzas (CFO)","Energía Eléctrica","El Salvador","https://www.linkedin.com/in/jorge-zablah-cfo-147","jorge.zablah147@aeselsalvador.com","Hola Jorge, un gusto conectar. Como Director Financiero en AES El Salvador, desarrollamos AuditFlow AI para auditar contratos y facturas en 8s en RAM volátil. Saludos! - Ricardo Bolaños","Hola Jorge,

Como Director de Finanzas en AES El Salvador, seguramente gestionas contratos y facturas donde cualquier cláusula trampa puede costar mucho dinero o riesgo legal.

Por eso creamos AuditFlow AI:
• Audita contratos y facturas en 8 segundos,
• Trabaja en memoria RAM volátil (0 retención en disco),
• Detecta cláusulas riesgosas y genera contrapropuesta en Word (.docx con Control de Cambios) lista para enviar.

Puedes probarlo con tu primer contrato 100% gratis, sin tarjeta ni registro, aquí:
https://audiflowai.com

Si te interesa, con gusto coordinamos 15 minutos para ver casos aplicados a Energía Eléctrica.

Saludos,
Ricardo Bolaños
Gerente General • AuditFlow AI
https://audiflowai.com"
148,"Walter","Mendoza","DELSUR","Director de Finanzas (CFO)","Distribución de Energía","El Salvador","https://www.linkedin.com/in/walter-mendoza-cfo-148","walter.mendoza148@delsur.com.sv","Hola Walter, un gusto conectar. Como Director Financiero en DELSUR, desarrollamos AuditFlow AI para auditar contratos y facturas en 8s en RAM volátil. Saludos! - Ricardo Bolaños","Hola Walter,

Como Director de Finanzas en DELSUR, seguramente gestionas contratos y facturas donde cualquier cláusula trampa puede costar mucho dinero o riesgo legal.

Por eso creamos AuditFlow AI:
• Audita contratos y facturas en 8 segundos,
• Trabaja en memoria RAM volátil (0 retención en disco),
• Detecta cláusulas riesgosas y genera contrapropuesta en Word (.docx con Control de Cambios) lista para enviar.

Puedes probarlo con tu primer contrato 100% gratis, sin tarjeta ni registro, aquí:
https://audiflowai.com

Si te interesa, con gusto coordinamos 15 minutos para ver casos aplicados a Distribución de Energía.

Saludos,
Ricardo Bolaños
Gerente General • AuditFlow AI
https://audiflowai.com"
149,"Carlos","Morán","Puma Energy El Salvador","Director de Finanzas (CFO)","Combustibles y Energía","El Salvador","https://www.linkedin.com/in/carlos-morán-cfo-149","carlos.morn149@pumaenergy.com","Hola Carlos, un gusto conectar. Como Director Financiero en Puma Energy El Salvador, desarrollamos AuditFlow AI para auditar contratos y facturas en 8s en RAM volátil. Saludos! - Ricardo Bolaños","Hola Carlos,

Como Director de Finanzas en Puma Energy El Salvador, seguramente gestionas contratos y facturas donde cualquier cláusula trampa puede costar mucho dinero o riesgo legal.

Por eso creamos AuditFlow AI:
• Audita contratos y facturas en 8 segundos,
• Trabaja en memoria RAM volátil (0 retención en disco),
• Detecta cláusulas riesgosas y genera contrapropuesta en Word (.docx con Control de Cambios) lista para enviar.

Puedes probarlo con tu primer contrato 100% gratis, sin tarjeta ni registro, aquí:
https://audiflowai.com

Si te interesa, con gusto coordinamos 15 minutos para ver casos aplicados a Combustibles y Energía.

Saludos,
Ricardo Bolaños
Gerente General • AuditFlow AI
https://audiflowai.com"
150,"Luis","Álvarez","Bolsa de Valores de El Salvador","Director de Finanzas (CFO)","Mercado de Capitales","El Salvador","https://www.linkedin.com/in/luis-álvarez-cfo-150","luis.lvarez150@bves.com.sv","Hola Luis, un gusto conectar. Como Director Financiero en Bolsa de Valores de El Salvador, desarrollamos AuditFlow AI para auditar contratos y facturas en 8s en RAM volátil. Saludos! - Ricardo Bolaños","Hola Luis,

Como Director de Finanzas en Bolsa de Valores de El Salvador, seguramente gestionas contratos y facturas donde cualquier cláusula trampa puede costar mucho dinero o riesgo legal.

Por eso creamos AuditFlow AI:
• Audita contratos y facturas en 8 segundos,
• Trabaja en memoria RAM volátil (0 retención en disco),
• Detecta cláusulas riesgosas y genera contrapropuesta en Word (.docx con Control de Cambios) lista para enviar.

Puedes probarlo con tu primer contrato 100% gratis, sin tarjeta ni registro, aquí:
https://audiflowai.com

Si te interesa, con gusto coordinamos 15 minutos para ver casos aplicados a Mercado de Capitales.

Saludos,
Ricardo Bolaños
Gerente General • AuditFlow AI
https://audiflowai.com"
151,"Juan Luis","Bosch","CMI (Corporación Multi Inversiones)","Director de Finanzas (CFO)","Alimentos y Energía","Guatemala","https://www.linkedin.com/in/juan-luis-bosch-cfo-151","juanluis.bosch151@somoscmi.com","Hola Juan Luis, un gusto conectar. Como Director Financiero en CMI (Corporación Multi Inversiones), desarrollamos AuditFlow AI para auditar contratos y facturas en 8s en RAM volátil. Saludos! - Ricardo Bolaños","Hola Juan Luis,

Como Director de Finanzas en CMI (Corporación Multi Inversiones), seguramente gestionas contratos y facturas donde cualquier cláusula trampa puede costar mucho dinero o riesgo legal.

Por eso creamos AuditFlow AI:
• Audita contratos y facturas en 8 segundos,
• Trabaja en memoria RAM volátil (0 retención en disco),
• Detecta cláusulas riesgosas y genera contrapropuesta en Word (.docx con Control de Cambios) lista para enviar.

Puedes probarlo con tu primer contrato 100% gratis, sin tarjeta ni registro, aquí:
https://audiflowai.com

Si te interesa, con gusto coordinamos 15 minutos para ver casos aplicados a Alimentos y Energía.

Saludos,
Ricardo Bolaños
Gerente General • AuditFlow AI
https://audiflowai.com"
152,"Juan José","Gutiérrez","CMI Alimentos / Pollo Campero","Director de Finanzas (CFO)","Restaurantes y Consumo Masivo","Guatemala","https://www.linkedin.com/in/juan-josé-gutiérrez-cfo-152","juanjos.gutirrez152@somoscmi.com","Hola Juan José, un gusto conectar. Como Director Financiero en CMI Alimentos / Pollo Campero, desarrollamos AuditFlow AI para auditar contratos y facturas en 8s en RAM volátil. Saludos! - Ricardo Bolaños","Hola Juan José,

Como Director de Finanzas en CMI Alimentos / Pollo Campero, seguramente gestionas contratos y facturas donde cualquier cláusula trampa puede costar mucho dinero o riesgo legal.

Por eso creamos AuditFlow AI:
• Audita contratos y facturas en 8 segundos,
• Trabaja en memoria RAM volátil (0 retención en disco),
• Detecta cláusulas riesgosas y genera contrapropuesta en Word (.docx con Control de Cambios) lista para enviar.

Puedes probarlo con tu primer contrato 100% gratis, sin tarjeta ni registro, aquí:
https://audiflowai.com

Si te interesa, con gusto coordinamos 15 minutos para ver casos aplicados a Restaurantes y Consumo Masivo.

Saludos,
Ricardo Bolaños
Gerente General • AuditFlow AI
https://audiflowai.com"
153,"Rodrigo","Castillo","Cervecería Centro Americana (Castillo Hermanos)","Director de Finanzas (CFO)","Bebidas y Cerveza","Guatemala","https://www.linkedin.com/in/rodrigo-castillo-cfo-153","rodrigo.castillo153@cerveceriacentroamericana.com","Hola Rodrigo, un gusto conectar. Como Director Financiero en Cervecería Centro Americana (Castillo Hermanos), desarrollamos AuditFlow AI para auditar contratos y facturas en 8s en RAM volátil. Saludos! - Ricardo Bolaños","Hola Rodrigo,

Como Director de Finanzas en Cervecería Centro Americana (Castillo Hermanos), seguramente gestionas contratos y facturas donde cualquier cláusula trampa puede costar mucho dinero o riesgo legal.

Por eso creamos AuditFlow AI:
• Audita contratos y facturas en 8 segundos,
• Trabaja en memoria RAM volátil (0 retención en disco),
• Detecta cláusulas riesgosas y genera contrapropuesta en Word (.docx con Control de Cambios) lista para enviar.

Puedes probarlo con tu primer contrato 100% gratis, sin tarjeta ni registro, aquí:
https://audiflowai.com

Si te interesa, con gusto coordinamos 15 minutos para ver casos aplicados a Bebidas y Cerveza.

Saludos,
Ricardo Bolaños
Gerente General • AuditFlow AI
https://audiflowai.com"
154,"Carlos","Enrique Mata","CBC (Central America Bottling Corp)","Director de Finanzas (CFO)","Embotelladora y Bebidas","Guatemala","https://www.linkedin.com/in/carlos-enrique-mata-cfo-154","carlos.enriquemata154@cbc.co","Hola Carlos, un gusto conectar. Como Director Financiero en CBC (Central America Bottling Corp), desarrollamos AuditFlow AI para auditar contratos y facturas en 8s en RAM volátil. Saludos! - Ricardo Bolaños","Hola Carlos,

Como Director de Finanzas en CBC (Central America Bottling Corp), seguramente gestionas contratos y facturas donde cualquier cláusula trampa puede costar mucho dinero o riesgo legal.

Por eso creamos AuditFlow AI:
• Audita contratos y facturas en 8 segundos,
• Trabaja en memoria RAM volátil (0 retención en disco),
• Detecta cláusulas riesgosas y genera contrapropuesta en Word (.docx con Control de Cambios) lista para enviar.

Puedes probarlo con tu primer contrato 100% gratis, sin tarjeta ni registro, aquí:
https://audiflowai.com

Si te interesa, con gusto coordinamos 15 minutos para ver casos aplicados a Embotelladora y Bebidas.

Saludos,
Ricardo Bolaños
Gerente General • AuditFlow AI
https://audiflowai.com"
155,"Diego","Pulido","Banco Industrial Guatemala","Director de Finanzas (CFO)","Banca y Servicios Financieros","Guatemala","https://www.linkedin.com/in/diego-pulido-cfo-155","diego.pulido155@corporacionbi.com","Hola Diego, un gusto conectar. Como Director Financiero en Banco Industrial Guatemala, desarrollamos AuditFlow AI para auditar contratos y facturas en 8s en RAM volátil. Saludos! - Ricardo Bolaños","Hola Diego,

Como Director de Finanzas en Banco Industrial Guatemala, seguramente gestionas contratos y facturas donde cualquier cláusula trampa puede costar mucho dinero o riesgo legal.

Por eso creamos AuditFlow AI:
• Audita contratos y facturas en 8 segundos,
• Trabaja en memoria RAM volátil (0 retención en disco),
• Detecta cláusulas riesgosas y genera contrapropuesta en Word (.docx con Control de Cambios) lista para enviar.

Puedes probarlo con tu primer contrato 100% gratis, sin tarjeta ni registro, aquí:
https://audiflowai.com

Si te interesa, con gusto coordinamos 15 minutos para ver casos aplicados a Banca y Servicios Financieros.

Saludos,
Ricardo Bolaños
Gerente General • AuditFlow AI
https://audiflowai.com"
156,"Edgar","Guzmán","Banco G&T Continental","Director de Finanzas (CFO)","Banca y Seguros","Guatemala","https://www.linkedin.com/in/edgar-guzmán-cfo-156","edgar.guzmn156@gtc.com.gt","Hola Edgar, un gusto conectar. Como Director Financiero en Banco G&T Continental, desarrollamos AuditFlow AI para auditar contratos y facturas en 8s en RAM volátil. Saludos! - Ricardo Bolaños","Hola Edgar,

Como Director de Finanzas en Banco G&T Continental, seguramente gestionas contratos y facturas donde cualquier cláusula trampa puede costar mucho dinero o riesgo legal.

Por eso creamos AuditFlow AI:
• Audita contratos y facturas en 8 segundos,
• Trabaja en memoria RAM volátil (0 retención en disco),
• Detecta cláusulas riesgosas y genera contrapropuesta en Word (.docx con Control de Cambios) lista para enviar.

Puedes probarlo con tu primer contrato 100% gratis, sin tarjeta ni registro, aquí:
https://audiflowai.com

Si te interesa, con gusto coordinamos 15 minutos para ver casos aplicados a Banca y Seguros.

Saludos,
Ricardo Bolaños
Gerente General • AuditFlow AI
https://audiflowai.com"
157,"Edgar","Barquín","Banrural Guatemala","Director de Finanzas (CFO)","Banca de Desarrollo y Rural","Guatemala","https://www.linkedin.com/in/edgar-barquín-cfo-157","edgar.barqun157@banrural.com.gt","Hola Edgar, un gusto conectar. Como Director Financiero en Banrural Guatemala, desarrollamos AuditFlow AI para auditar contratos y facturas en 8s en RAM volátil. Saludos! - Ricardo Bolaños","Hola Edgar,

Como Director de Finanzas en Banrural Guatemala, seguramente gestionas contratos y facturas donde cualquier cláusula trampa puede costar mucho dinero o riesgo legal.

Por eso creamos AuditFlow AI:
• Audita contratos y facturas en 8 segundos,
• Trabaja en memoria RAM volátil (0 retención en disco),
• Detecta cláusulas riesgosas y genera contrapropuesta en Word (.docx con Control de Cambios) lista para enviar.

Puedes probarlo con tu primer contrato 100% gratis, sin tarjeta ni registro, aquí:
https://audiflowai.com

Si te interesa, con gusto coordinamos 15 minutos para ver casos aplicados a Banca de Desarrollo y Rural.

Saludos,
Ricardo Bolaños
Gerente General • AuditFlow AI
https://audiflowai.com"
158,"Eric","Campos","BAC Credomatic Guatemala","Director de Finanzas (CFO)","Banca Corporativa","Guatemala","https://www.linkedin.com/in/eric-campos-cfo-158","eric.campos158@baccredomatic.com","Hola Eric, un gusto conectar. Como Director Financiero en BAC Credomatic Guatemala, desarrollamos AuditFlow AI para auditar contratos y facturas en 8s en RAM volátil. Saludos! - Ricardo Bolaños","Hola Eric,

Como Director de Finanzas en BAC Credomatic Guatemala, seguramente gestionas contratos y facturas donde cualquier cláusula trampa puede costar mucho dinero o riesgo legal.

Por eso creamos AuditFlow AI:
• Audita contratos y facturas en 8 segundos,
• Trabaja en memoria RAM volátil (0 retención en disco),
• Detecta cláusulas riesgosas y genera contrapropuesta en Word (.docx con Control de Cambios) lista para enviar.

Puedes probarlo con tu primer contrato 100% gratis, sin tarjeta ni registro, aquí:
https://audiflowai.com

Si te interesa, con gusto coordinamos 15 minutos para ver casos aplicados a Banca Corporativa.

Saludos,
Ricardo Bolaños
Gerente General • AuditFlow AI
https://audiflowai.com"
159,"Julio","Herrera","Grupo Pantaleon","Director de Finanzas (CFO)","Agroindustria y Azúcar","Guatemala","https://www.linkedin.com/in/julio-herrera-cfo-159","julio.herrera159@pantaleon.com","Hola Julio, un gusto conectar. Como Director Financiero en Grupo Pantaleon, desarrollamos AuditFlow AI para auditar contratos y facturas en 8s en RAM volátil. Saludos! - Ricardo Bolaños","Hola Julio,

Como Director de Finanzas en Grupo Pantaleon, seguramente gestionas contratos y facturas donde cualquier cláusula trampa puede costar mucho dinero o riesgo legal.

Por eso creamos AuditFlow AI:
• Audita contratos y facturas en 8 segundos,
• Trabaja en memoria RAM volátil (0 retención en disco),
• Detecta cláusulas riesgosas y genera contrapropuesta en Word (.docx con Control de Cambios) lista para enviar.

Puedes probarlo con tu primer contrato 100% gratis, sin tarjeta ni registro, aquí:
https://audiflowai.com

Si te interesa, con gusto coordinamos 15 minutos para ver casos aplicados a Agroindustria y Azúcar.

Saludos,
Ricardo Bolaños
Gerente General • AuditFlow AI
https://audiflowai.com"
160,"Mario","Leal","Ingenio Magdalena","Director de Finanzas (CFO)","Agroindustria y Energía","Guatemala","https://www.linkedin.com/in/mario-leal-cfo-160","mario.leal160@magdalena.com.gt","Hola Mario, un gusto conectar. Como Director Financiero en Ingenio Magdalena, desarrollamos AuditFlow AI para auditar contratos y facturas en 8s en RAM volátil. Saludos! - Ricardo Bolaños","Hola Mario,

Como Director de Finanzas en Ingenio Magdalena, seguramente gestionas contratos y facturas donde cualquier cláusula trampa puede costar mucho dinero o riesgo legal.

Por eso creamos AuditFlow AI:
• Audita contratos y facturas en 8 segundos,
• Trabaja en memoria RAM volátil (0 retención en disco),
• Detecta cláusulas riesgosas y genera contrapropuesta en Word (.docx con Control de Cambios) lista para enviar.

Puedes probarlo con tu primer contrato 100% gratis, sin tarjeta ni registro, aquí:
https://audiflowai.com

Si te interesa, con gusto coordinamos 15 minutos para ver casos aplicados a Agroindustria y Energía.

Saludos,
Ricardo Bolaños
Gerente General • AuditFlow AI
https://audiflowai.com"
161,"Roberto","Gutiérrez","Ingenio La Unión","Director de Finanzas (CFO)","Agroindustria Azucarera","Guatemala","https://www.linkedin.com/in/roberto-gutiérrez-cfo-161","roberto.gutirrez161@launion.com.gt","Hola Roberto, un gusto conectar. Como Director Financiero en Ingenio La Unión, desarrollamos AuditFlow AI para auditar contratos y facturas en 8s en RAM volátil. Saludos! - Ricardo Bolaños","Hola Roberto,

Como Director de Finanzas en Ingenio La Unión, seguramente gestionas contratos y facturas donde cualquier cláusula trampa puede costar mucho dinero o riesgo legal.

Por eso creamos AuditFlow AI:
• Audita contratos y facturas en 8 segundos,
• Trabaja en memoria RAM volátil (0 retención en disco),
• Detecta cláusulas riesgosas y genera contrapropuesta en Word (.docx con Control de Cambios) lista para enviar.

Puedes probarlo con tu primer contrato 100% gratis, sin tarjeta ni registro, aquí:
https://audiflowai.com

Si te interesa, con gusto coordinamos 15 minutos para ver casos aplicados a Agroindustria Azucarera.

Saludos,
Ricardo Bolaños
Gerente General • AuditFlow AI
https://audiflowai.com"
162,"Thomas","Dougherty","Cementos Progreso (Progreso)","Director de Finanzas (CFO)","Materiales y Construcción","Guatemala","https://www.linkedin.com/in/thomas-dougherty-cfo-162","thomas.dougherty162@progreso.com","Hola Thomas, un gusto conectar. Como Director Financiero en Cementos Progreso (Progreso), desarrollamos AuditFlow AI para auditar contratos y facturas en 8s en RAM volátil. Saludos! - Ricardo Bolaños","Hola Thomas,

Como Director de Finanzas en Cementos Progreso (Progreso), seguramente gestionas contratos y facturas donde cualquier cláusula trampa puede costar mucho dinero o riesgo legal.

Por eso creamos AuditFlow AI:
• Audita contratos y facturas en 8 segundos,
• Trabaja en memoria RAM volátil (0 retención en disco),
• Detecta cláusulas riesgosas y genera contrapropuesta en Word (.docx con Control de Cambios) lista para enviar.

Puedes probarlo con tu primer contrato 100% gratis, sin tarjeta ni registro, aquí:
https://audiflowai.com

Si te interesa, con gusto coordinamos 15 minutos para ver casos aplicados a Materiales y Construcción.

Saludos,
Ricardo Bolaños
Gerente General • AuditFlow AI
https://audiflowai.com"
163,"Luis","Fernando Leal","Ingenio Palo Gordo","Director de Finanzas (CFO)","Azúcar y Bioenergía","Guatemala","https://www.linkedin.com/in/luis-fernando-leal-cfo-163","luis.fernandoleal163@palogordo.com.gt","Hola Luis, un gusto conectar. Como Director Financiero en Ingenio Palo Gordo, desarrollamos AuditFlow AI para auditar contratos y facturas en 8s en RAM volátil. Saludos! - Ricardo Bolaños","Hola Luis,

Como Director de Finanzas en Ingenio Palo Gordo, seguramente gestionas contratos y facturas donde cualquier cláusula trampa puede costar mucho dinero o riesgo legal.

Por eso creamos AuditFlow AI:
• Audita contratos y facturas en 8 segundos,
• Trabaja en memoria RAM volátil (0 retención en disco),
• Detecta cláusulas riesgosas y genera contrapropuesta en Word (.docx con Control de Cambios) lista para enviar.

Puedes probarlo con tu primer contrato 100% gratis, sin tarjeta ni registro, aquí:
https://audiflowai.com

Si te interesa, con gusto coordinamos 15 minutos para ver casos aplicados a Azúcar y Bioenergía.

Saludos,
Ricardo Bolaños
Gerente General • AuditFlow AI
https://audiflowai.com"
164,"Arturo","Novella","Grupo AG (Aceros de Guatemala)","Director de Finanzas (CFO)","Siderúrgica y Acero","Guatemala","https://www.linkedin.com/in/arturo-novella-cfo-164","arturo.novella164@acerosdeguatemala.com","Hola Arturo, un gusto conectar. Como Director Financiero en Grupo AG (Aceros de Guatemala), desarrollamos AuditFlow AI para auditar contratos y facturas en 8s en RAM volátil. Saludos! - Ricardo Bolaños","Hola Arturo,

Como Director de Finanzas en Grupo AG (Aceros de Guatemala), seguramente gestionas contratos y facturas donde cualquier cláusula trampa puede costar mucho dinero o riesgo legal.

Por eso creamos AuditFlow AI:
• Audita contratos y facturas en 8 segundos,
• Trabaja en memoria RAM volátil (0 retención en disco),
• Detecta cláusulas riesgosas y genera contrapropuesta en Word (.docx con Control de Cambios) lista para enviar.

Puedes probarlo con tu primer contrato 100% gratis, sin tarjeta ni registro, aquí:
https://audiflowai.com

Si te interesa, con gusto coordinamos 15 minutos para ver casos aplicados a Siderúrgica y Acero.

Saludos,
Ricardo Bolaños
Gerente General • AuditFlow AI
https://audiflowai.com"
165,"Mauricio","Ramos","Tigo Guatemala (Comcel)","Director de Finanzas (CFO)","Telecomunicaciones y Datos","Guatemala","https://www.linkedin.com/in/mauricio-ramos-cfo-165","mauricio.ramos165@tigo.com.gt","Hola Mauricio, un gusto conectar. Como Director Financiero en Tigo Guatemala (Comcel), desarrollamos AuditFlow AI para auditar contratos y facturas en 8s en RAM volátil. Saludos! - Ricardo Bolaños","Hola Mauricio,

Como Director de Finanzas en Tigo Guatemala (Comcel), seguramente gestionas contratos y facturas donde cualquier cláusula trampa puede costar mucho dinero o riesgo legal.

Por eso creamos AuditFlow AI:
• Audita contratos y facturas en 8 segundos,
• Trabaja en memoria RAM volátil (0 retención en disco),
• Detecta cláusulas riesgosas y genera contrapropuesta en Word (.docx con Control de Cambios) lista para enviar.

Puedes probarlo con tu primer contrato 100% gratis, sin tarjeta ni registro, aquí:
https://audiflowai.com

Si te interesa, con gusto coordinamos 15 minutos para ver casos aplicados a Telecomunicaciones y Datos.

Saludos,
Ricardo Bolaños
Gerente General • AuditFlow AI
https://audiflowai.com"
166,"Ricardo","Flores","Claro Guatemala","Director de Finanzas (CFO)","Telecomunicaciones","Guatemala","https://www.linkedin.com/in/ricardo-flores-cfo-166","ricardo.flores166@claro.com.gt","Hola Ricardo, un gusto conectar. Como Director Financiero en Claro Guatemala, desarrollamos AuditFlow AI para auditar contratos y facturas en 8s en RAM volátil. Saludos! - Ricardo Bolaños","Hola Ricardo,

Como Director de Finanzas en Claro Guatemala, seguramente gestionas contratos y facturas donde cualquier cláusula trampa puede costar mucho dinero o riesgo legal.

Por eso creamos AuditFlow AI:
• Audita contratos y facturas en 8 segundos,
• Trabaja en memoria RAM volátil (0 retención en disco),
• Detecta cláusulas riesgosas y genera contrapropuesta en Word (.docx con Control de Cambios) lista para enviar.

Puedes probarlo con tu primer contrato 100% gratis, sin tarjeta ni registro, aquí:
https://audiflowai.com

Si te interesa, con gusto coordinamos 15 minutos para ver casos aplicados a Telecomunicaciones.

Saludos,
Ricardo Bolaños
Gerente General • AuditFlow AI
https://audiflowai.com"
167,"Guillermo","Montano","Transactel / Telus International Guatemala","Director de Finanzas (CFO)","BPO y Tecnología","Guatemala","https://www.linkedin.com/in/guillermo-montano-cfo-167","guillermo.montano167@telusinternational.com","Hola Guillermo, un gusto conectar. Como Director Financiero en Transactel / Telus International Guatemala, desarrollamos AuditFlow AI para auditar contratos y facturas en 8s en RAM volátil. Saludos! - Ricardo Bolaños","Hola Guillermo,

Como Director de Finanzas en Transactel / Telus International Guatemala, seguramente gestionas contratos y facturas donde cualquier cláusula trampa puede costar mucho dinero o riesgo legal.

Por eso creamos AuditFlow AI:
• Audita contratos y facturas en 8 segundos,
• Trabaja en memoria RAM volátil (0 retención en disco),
• Detecta cláusulas riesgosas y genera contrapropuesta en Word (.docx con Control de Cambios) lista para enviar.

Puedes probarlo con tu primer contrato 100% gratis, sin tarjeta ni registro, aquí:
https://audiflowai.com

Si te interesa, con gusto coordinamos 15 minutos para ver casos aplicados a BPO y Tecnología.

Saludos,
Ricardo Bolaños
Gerente General • AuditFlow AI
https://audiflowai.com"
168,"Alvaro","Castillo","Alimentos S.A. (Alisa)","Director de Finanzas (CFO)","Consumo Masivo","Guatemala","https://www.linkedin.com/in/alvaro-castillo-cfo-168","alvaro.castillo168@alimentos.com.gt","Hola Alvaro, un gusto conectar. Como Director Financiero en Alimentos S.A. (Alisa), desarrollamos AuditFlow AI para auditar contratos y facturas en 8s en RAM volátil. Saludos! - Ricardo Bolaños","Hola Alvaro,

Como Director de Finanzas en Alimentos S.A. (Alisa), seguramente gestionas contratos y facturas donde cualquier cláusula trampa puede costar mucho dinero o riesgo legal.

Por eso creamos AuditFlow AI:
• Audita contratos y facturas en 8 segundos,
• Trabaja en memoria RAM volátil (0 retención en disco),
• Detecta cláusulas riesgosas y genera contrapropuesta en Word (.docx con Control de Cambios) lista para enviar.

Puedes probarlo con tu primer contrato 100% gratis, sin tarjeta ni registro, aquí:
https://audiflowai.com

Si te interesa, con gusto coordinamos 15 minutos para ver casos aplicados a Consumo Masivo.

Saludos,
Ricardo Bolaños
Gerente General • AuditFlow AI
https://audiflowai.com"
169,"Federico","Klee","Grupo PDC (Distribuidora Centroamericana)","Director de Finanzas (CFO)","Distribución y Logística","Guatemala","https://www.linkedin.com/in/federico-klee-cfo-169","federico.klee169@grupopdc.com","Hola Federico, un gusto conectar. Como Director Financiero en Grupo PDC (Distribuidora Centroamericana), desarrollamos AuditFlow AI para auditar contratos y facturas en 8s en RAM volátil. Saludos! - Ricardo Bolaños","Hola Federico,

Como Director de Finanzas en Grupo PDC (Distribuidora Centroamericana), seguramente gestionas contratos y facturas donde cualquier cláusula trampa puede costar mucho dinero o riesgo legal.

Por eso creamos AuditFlow AI:
• Audita contratos y facturas en 8 segundos,
• Trabaja en memoria RAM volátil (0 retención en disco),
• Detecta cláusulas riesgosas y genera contrapropuesta en Word (.docx con Control de Cambios) lista para enviar.

Puedes probarlo con tu primer contrato 100% gratis, sin tarjeta ni registro, aquí:
https://audiflowai.com

Si te interesa, con gusto coordinamos 15 minutos para ver casos aplicados a Distribución y Logística.

Saludos,
Ricardo Bolaños
Gerente General • AuditFlow AI
https://audiflowai.com"
170,"Ernesto","Morales","Supermercados La Torre (Unisuper)","Director de Finanzas (CFO)","Supermercados y Retail","Guatemala","https://www.linkedin.com/in/ernesto-morales-cfo-170","ernesto.morales170@unisuper.com.gt","Hola Ernesto, un gusto conectar. Como Director Financiero en Supermercados La Torre (Unisuper), desarrollamos AuditFlow AI para auditar contratos y facturas en 8s en RAM volátil. Saludos! - Ricardo Bolaños","Hola Ernesto,

Como Director de Finanzas en Supermercados La Torre (Unisuper), seguramente gestionas contratos y facturas donde cualquier cláusula trampa puede costar mucho dinero o riesgo legal.

Por eso creamos AuditFlow AI:
• Audita contratos y facturas en 8 segundos,
• Trabaja en memoria RAM volátil (0 retención en disco),
• Detecta cláusulas riesgosas y genera contrapropuesta en Word (.docx con Control de Cambios) lista para enviar.

Puedes probarlo con tu primer contrato 100% gratis, sin tarjeta ni registro, aquí:
https://audiflowai.com

Si te interesa, con gusto coordinamos 15 minutos para ver casos aplicados a Supermercados y Retail.

Saludos,
Ricardo Bolaños
Gerente General • AuditFlow AI
https://audiflowai.com"
171,"Sergio","De La Torre","Grupo Duwest","Director de Finanzas (CFO)","Química y Agroquímicos","Guatemala","https://www.linkedin.com/in/sergio-de-la-torre-cfo-171","sergio.delatorre171@duwest.com","Hola Sergio, un gusto conectar. Como Director Financiero en Grupo Duwest, desarrollamos AuditFlow AI para auditar contratos y facturas en 8s en RAM volátil. Saludos! - Ricardo Bolaños","Hola Sergio,

Como Director de Finanzas en Grupo Duwest, seguramente gestionas contratos y facturas donde cualquier cláusula trampa puede costar mucho dinero o riesgo legal.

Por eso creamos AuditFlow AI:
• Audita contratos y facturas en 8 segundos,
• Trabaja en memoria RAM volátil (0 retención en disco),
• Detecta cláusulas riesgosas y genera contrapropuesta en Word (.docx con Control de Cambios) lista para enviar.

Puedes probarlo con tu primer contrato 100% gratis, sin tarjeta ni registro, aquí:
https://audiflowai.com

Si te interesa, con gusto coordinamos 15 minutos para ver casos aplicados a Química y Agroquímicos.

Saludos,
Ricardo Bolaños
Gerente General • AuditFlow AI
https://audiflowai.com"
172,"Manuel","Sisniega","Alimentos YaEstá","Director de Finanzas (CFO)","Alimentos Procesados","Guatemala","https://www.linkedin.com/in/manuel-sisniega-cfo-172","manuel.sisniega172@yaesta.com","Hola Manuel, un gusto conectar. Como Director Financiero en Alimentos YaEstá, desarrollamos AuditFlow AI para auditar contratos y facturas en 8s en RAM volátil. Saludos! - Ricardo Bolaños","Hola Manuel,

Como Director de Finanzas en Alimentos YaEstá, seguramente gestionas contratos y facturas donde cualquier cláusula trampa puede costar mucho dinero o riesgo legal.

Por eso creamos AuditFlow AI:
• Audita contratos y facturas en 8 segundos,
• Trabaja en memoria RAM volátil (0 retención en disco),
• Detecta cláusulas riesgosas y genera contrapropuesta en Word (.docx con Control de Cambios) lista para enviar.

Puedes probarlo con tu primer contrato 100% gratis, sin tarjeta ni registro, aquí:
https://audiflowai.com

Si te interesa, con gusto coordinamos 15 minutos para ver casos aplicados a Alimentos Procesados.

Saludos,
Ricardo Bolaños
Gerente General • AuditFlow AI
https://audiflowai.com"
173,"Gonzalo","De Córdova","Mayagüez / Ingenio San Diego","Director de Finanzas (CFO)","Agroindustria","Guatemala","https://www.linkedin.com/in/gonzalo-de-córdova-cfo-173","gonzalo.decrdova173@mayaguez.com","Hola Gonzalo, un gusto conectar. Como Director Financiero en Mayagüez / Ingenio San Diego, desarrollamos AuditFlow AI para auditar contratos y facturas en 8s en RAM volátil. Saludos! - Ricardo Bolaños","Hola Gonzalo,

Como Director de Finanzas en Mayagüez / Ingenio San Diego, seguramente gestionas contratos y facturas donde cualquier cláusula trampa puede costar mucho dinero o riesgo legal.

Por eso creamos AuditFlow AI:
• Audita contratos y facturas en 8 segundos,
• Trabaja en memoria RAM volátil (0 retención en disco),
• Detecta cláusulas riesgosas y genera contrapropuesta en Word (.docx con Control de Cambios) lista para enviar.

Puedes probarlo con tu primer contrato 100% gratis, sin tarjeta ni registro, aquí:
https://audiflowai.com

Si te interesa, con gusto coordinamos 15 minutos para ver casos aplicados a Agroindustria.

Saludos,
Ricardo Bolaños
Gerente General • AuditFlow AI
https://audiflowai.com"
174,"Javier","Zepeda","Cámara de Industria de Guatemala","Director de Finanzas (CFO)","Gremial Industrial","Guatemala","https://www.linkedin.com/in/javier-zepeda-cfo-174","javier.zepeda174@cig.org.gt","Hola Javier, un gusto conectar. Como Director Financiero en Cámara de Industria de Guatemala, desarrollamos AuditFlow AI para auditar contratos y facturas en 8s en RAM volátil. Saludos! - Ricardo Bolaños","Hola Javier,

Como Director de Finanzas en Cámara de Industria de Guatemala, seguramente gestionas contratos y facturas donde cualquier cláusula trampa puede costar mucho dinero o riesgo legal.

Por eso creamos AuditFlow AI:
• Audita contratos y facturas en 8 segundos,
• Trabaja en memoria RAM volátil (0 retención en disco),
• Detecta cláusulas riesgosas y genera contrapropuesta en Word (.docx con Control de Cambios) lista para enviar.

Puedes probarlo con tu primer contrato 100% gratis, sin tarjeta ni registro, aquí:
https://audiflowai.com

Si te interesa, con gusto coordinamos 15 minutos para ver casos aplicados a Gremial Industrial.

Saludos,
Ricardo Bolaños
Gerente General • AuditFlow AI
https://audiflowai.com"
175,"Héctor","Centeno","Seguros El Roble","Director de Finanzas (CFO)","Seguros Corporativos","Guatemala","https://www.linkedin.com/in/héctor-centeno-cfo-175","hctor.centeno175@elroble.com.gt","Hola Héctor, un gusto conectar. Como Director Financiero en Seguros El Roble, desarrollamos AuditFlow AI para auditar contratos y facturas en 8s en RAM volátil. Saludos! - Ricardo Bolaños","Hola Héctor,

Como Director de Finanzas en Seguros El Roble, seguramente gestionas contratos y facturas donde cualquier cláusula trampa puede costar mucho dinero o riesgo legal.

Por eso creamos AuditFlow AI:
• Audita contratos y facturas en 8 segundos,
• Trabaja en memoria RAM volátil (0 retención en disco),
• Detecta cláusulas riesgosas y genera contrapropuesta en Word (.docx con Control de Cambios) lista para enviar.

Puedes probarlo con tu primer contrato 100% gratis, sin tarjeta ni registro, aquí:
https://audiflowai.com

Si te interesa, con gusto coordinamos 15 minutos para ver casos aplicados a Seguros Corporativos.

Saludos,
Ricardo Bolaños
Gerente General • AuditFlow AI
https://audiflowai.com"
176,"Gabriel","Delgado","Seguros G&T","Director de Finanzas (CFO)","Seguros y Fianzas","Guatemala","https://www.linkedin.com/in/gabriel-delgado-cfo-176","gabriel.delgado176@segurosgyt.com.gt","Hola Gabriel, un gusto conectar. Como Director Financiero en Seguros G&T, desarrollamos AuditFlow AI para auditar contratos y facturas en 8s en RAM volátil. Saludos! - Ricardo Bolaños","Hola Gabriel,

Como Director de Finanzas en Seguros G&T, seguramente gestionas contratos y facturas donde cualquier cláusula trampa puede costar mucho dinero o riesgo legal.

Por eso creamos AuditFlow AI:
• Audita contratos y facturas en 8 segundos,
• Trabaja en memoria RAM volátil (0 retención en disco),
• Detecta cláusulas riesgosas y genera contrapropuesta en Word (.docx con Control de Cambios) lista para enviar.

Puedes probarlo con tu primer contrato 100% gratis, sin tarjeta ni registro, aquí:
https://audiflowai.com

Si te interesa, con gusto coordinamos 15 minutos para ver casos aplicados a Seguros y Fianzas.

Saludos,
Ricardo Bolaños
Gerente General • AuditFlow AI
https://audiflowai.com"
177,"Mario","Marroquín","Goldcorp Guatemala","Director de Finanzas (CFO)","Minería y Energía","Guatemala","https://www.linkedin.com/in/mario-marroquín-cfo-177","mario.marroqun177@goldcorp.com","Hola Mario, un gusto conectar. Como Director Financiero en Goldcorp Guatemala, desarrollamos AuditFlow AI para auditar contratos y facturas en 8s en RAM volátil. Saludos! - Ricardo Bolaños","Hola Mario,

Como Director de Finanzas en Goldcorp Guatemala, seguramente gestionas contratos y facturas donde cualquier cláusula trampa puede costar mucho dinero o riesgo legal.

Por eso creamos AuditFlow AI:
• Audita contratos y facturas en 8 segundos,
• Trabaja en memoria RAM volátil (0 retención en disco),
• Detecta cláusulas riesgosas y genera contrapropuesta en Word (.docx con Control de Cambios) lista para enviar.

Puedes probarlo con tu primer contrato 100% gratis, sin tarjeta ni registro, aquí:
https://audiflowai.com

Si te interesa, con gusto coordinamos 15 minutos para ver casos aplicados a Minería y Energía.

Saludos,
Ricardo Bolaños
Gerente General • AuditFlow AI
https://audiflowai.com"
178,"Fernando","López","ENEL Green Power Guatemala","Director de Finanzas (CFO)","Energía Renovable","Guatemala","https://www.linkedin.com/in/fernando-lópez-cfo-178","fernando.lpez178@enelgreenpower.com","Hola Fernando, un gusto conectar. Como Director Financiero en ENEL Green Power Guatemala, desarrollamos AuditFlow AI para auditar contratos y facturas en 8s en RAM volátil. Saludos! - Ricardo Bolaños","Hola Fernando,

Como Director de Finanzas en ENEL Green Power Guatemala, seguramente gestionas contratos y facturas donde cualquier cláusula trampa puede costar mucho dinero o riesgo legal.

Por eso creamos AuditFlow AI:
• Audita contratos y facturas en 8 segundos,
• Trabaja en memoria RAM volátil (0 retención en disco),
• Detecta cláusulas riesgosas y genera contrapropuesta en Word (.docx con Control de Cambios) lista para enviar.

Puedes probarlo con tu primer contrato 100% gratis, sin tarjeta ni registro, aquí:
https://audiflowai.com

Si te interesa, con gusto coordinamos 15 minutos para ver casos aplicados a Energía Renovable.

Saludos,
Ricardo Bolaños
Gerente General • AuditFlow AI
https://audiflowai.com"
179,"Carlos","Barillas","Grupo Cayalá","Director de Finanzas (CFO)","Desarrollo Inmobiliario","Guatemala","https://www.linkedin.com/in/carlos-barillas-cfo-179","carlos.barillas179@cayala.com","Hola Carlos, un gusto conectar. Como Director Financiero en Grupo Cayalá, desarrollamos AuditFlow AI para auditar contratos y facturas en 8s en RAM volátil. Saludos! - Ricardo Bolaños","Hola Carlos,

Como Director de Finanzas en Grupo Cayalá, seguramente gestionas contratos y facturas donde cualquier cláusula trampa puede costar mucho dinero o riesgo legal.

Por eso creamos AuditFlow AI:
• Audita contratos y facturas en 8 segundos,
• Trabaja en memoria RAM volátil (0 retención en disco),
• Detecta cláusulas riesgosas y genera contrapropuesta en Word (.docx con Control de Cambios) lista para enviar.

Puedes probarlo con tu primer contrato 100% gratis, sin tarjeta ni registro, aquí:
https://audiflowai.com

Si te interesa, con gusto coordinamos 15 minutos para ver casos aplicados a Desarrollo Inmobiliario.

Saludos,
Ricardo Bolaños
Gerente General • AuditFlow AI
https://audiflowai.com"
180,"Jorge","Briz","Cámara de Comercio de Guatemala","Director de Finanzas (CFO)","Comercio y Retail","Guatemala","https://www.linkedin.com/in/jorge-briz-cfo-180","jorge.briz180@ccg.gt","Hola Jorge, un gusto conectar. Como Director Financiero en Cámara de Comercio de Guatemala, desarrollamos AuditFlow AI para auditar contratos y facturas en 8s en RAM volátil. Saludos! - Ricardo Bolaños","Hola Jorge,

Como Director de Finanzas en Cámara de Comercio de Guatemala, seguramente gestionas contratos y facturas donde cualquier cláusula trampa puede costar mucho dinero o riesgo legal.

Por eso creamos AuditFlow AI:
• Audita contratos y facturas en 8 segundos,
• Trabaja en memoria RAM volátil (0 retención en disco),
• Detecta cláusulas riesgosas y genera contrapropuesta en Word (.docx con Control de Cambios) lista para enviar.

Puedes probarlo con tu primer contrato 100% gratis, sin tarjeta ni registro, aquí:
https://audiflowai.com

Si te interesa, con gusto coordinamos 15 minutos para ver casos aplicados a Comercio y Retail.

Saludos,
Ricardo Bolaños
Gerente General • AuditFlow AI
https://audiflowai.com"
181,"Eduardo","Poma","Grupo Poma","Director de Finanzas (CFO)","Inmobiliario y Automotriz","El Salvador","https://www.linkedin.com/in/eduardo-poma-cfo-181","eduardo.poma181@grupopoma.com","Hola Eduardo, un gusto conectar. Como Director Financiero en Grupo Poma, desarrollamos AuditFlow AI para auditar contratos y facturas en 8s en RAM volátil. Saludos! - Ricardo Bolaños","Hola Eduardo,

Como Director de Finanzas en Grupo Poma, seguramente gestionas contratos y facturas donde cualquier cláusula trampa puede costar mucho dinero o riesgo legal.

Por eso creamos AuditFlow AI:
• Audita contratos y facturas en 8 segundos,
• Trabaja en memoria RAM volátil (0 retención en disco),
• Detecta cláusulas riesgosas y genera contrapropuesta en Word (.docx con Control de Cambios) lista para enviar.

Puedes probarlo con tu primer contrato 100% gratis, sin tarjeta ni registro, aquí:
https://audiflowai.com

Si te interesa, con gusto coordinamos 15 minutos para ver casos aplicados a Inmobiliario y Automotriz.

Saludos,
Ricardo Bolaños
Gerente General • AuditFlow AI
https://audiflowai.com"
182,"Roberto","Simán","Grupo Simán","Director de Finanzas (CFO)","Retail y Comercio","El Salvador","https://www.linkedin.com/in/roberto-simán-cfo-182","roberto.simn182@siman.com","Hola Roberto, un gusto conectar. Como Director Financiero en Grupo Simán, desarrollamos AuditFlow AI para auditar contratos y facturas en 8s en RAM volátil. Saludos! - Ricardo Bolaños","Hola Roberto,

Como Director de Finanzas en Grupo Simán, seguramente gestionas contratos y facturas donde cualquier cláusula trampa puede costar mucho dinero o riesgo legal.

Por eso creamos AuditFlow AI:
• Audita contratos y facturas en 8 segundos,
• Trabaja en memoria RAM volátil (0 retención en disco),
• Detecta cláusulas riesgosas y genera contrapropuesta en Word (.docx con Control de Cambios) lista para enviar.

Puedes probarlo con tu primer contrato 100% gratis, sin tarjeta ni registro, aquí:
https://audiflowai.com

Si te interesa, con gusto coordinamos 15 minutos para ver casos aplicados a Retail y Comercio.

Saludos,
Ricardo Bolaños
Gerente General • AuditFlow AI
https://audiflowai.com"
183,"Hugo","Agrisal","Grupo Agrisal","Director de Finanzas (CFO)","Hotelería e Inmobiliario","El Salvador","https://www.linkedin.com/in/hugo-agrisal-cfo-183","hugo.agrisal183@agrisal.com","Hola Hugo, un gusto conectar. Como Director Financiero en Grupo Agrisal, desarrollamos AuditFlow AI para auditar contratos y facturas en 8s en RAM volátil. Saludos! - Ricardo Bolaños","Hola Hugo,

Como Director de Finanzas en Grupo Agrisal, seguramente gestionas contratos y facturas donde cualquier cláusula trampa puede costar mucho dinero o riesgo legal.

Por eso creamos AuditFlow AI:
• Audita contratos y facturas en 8 segundos,
• Trabaja en memoria RAM volátil (0 retención en disco),
• Detecta cláusulas riesgosas y genera contrapropuesta en Word (.docx con Control de Cambios) lista para enviar.

Puedes probarlo con tu primer contrato 100% gratis, sin tarjeta ni registro, aquí:
https://audiflowai.com

Si te interesa, con gusto coordinamos 15 minutos para ver casos aplicados a Hotelería e Inmobiliario.

Saludos,
Ricardo Bolaños
Gerente General • AuditFlow AI
https://audiflowai.com"
184,"Carlos","Calleja","Grupo Calleja / Súper Selectos","Director de Finanzas (CFO)","Supermercados y Retail","El Salvador","https://www.linkedin.com/in/carlos-calleja-cfo-184","carlos.calleja184@superselectos.com","Hola Carlos, un gusto conectar. Como Director Financiero en Grupo Calleja / Súper Selectos, desarrollamos AuditFlow AI para auditar contratos y facturas en 8s en RAM volátil. Saludos! - Ricardo Bolaños","Hola Carlos,

Como Director de Finanzas en Grupo Calleja / Súper Selectos, seguramente gestionas contratos y facturas donde cualquier cláusula trampa puede costar mucho dinero o riesgo legal.

Por eso creamos AuditFlow AI:
• Audita contratos y facturas en 8 segundos,
• Trabaja en memoria RAM volátil (0 retención en disco),
• Detecta cláusulas riesgosas y genera contrapropuesta en Word (.docx con Control de Cambios) lista para enviar.

Puedes probarlo con tu primer contrato 100% gratis, sin tarjeta ni registro, aquí:
https://audiflowai.com

Si te interesa, con gusto coordinamos 15 minutos para ver casos aplicados a Supermercados y Retail.

Saludos,
Ricardo Bolaños
Gerente General • AuditFlow AI
https://audiflowai.com"
185,"Mauricio","Samayoa","Banco Cuscatlán","Director de Finanzas (CFO)","Banca y Finanzas","El Salvador","https://www.linkedin.com/in/mauricio-samayoa-cfo-185","mauricio.samayoa185@bancocuscatlan.com","Hola Mauricio, un gusto conectar. Como Director Financiero en Banco Cuscatlán, desarrollamos AuditFlow AI para auditar contratos y facturas en 8s en RAM volátil. Saludos! - Ricardo Bolaños","Hola Mauricio,

Como Director de Finanzas en Banco Cuscatlán, seguramente gestionas contratos y facturas donde cualquier cláusula trampa puede costar mucho dinero o riesgo legal.

Por eso creamos AuditFlow AI:
• Audita contratos y facturas en 8 segundos,
• Trabaja en memoria RAM volátil (0 retención en disco),
• Detecta cláusulas riesgosas y genera contrapropuesta en Word (.docx con Control de Cambios) lista para enviar.

Puedes probarlo con tu primer contrato 100% gratis, sin tarjeta ni registro, aquí:
https://audiflowai.com

Si te interesa, con gusto coordinamos 15 minutos para ver casos aplicados a Banca y Finanzas.

Saludos,
Ricardo Bolaños
Gerente General • AuditFlow AI
https://audiflowai.com"
186,"Rafael","Barraza","Banco Agrícola","Director de Finanzas (CFO)","Servicios Financieros","El Salvador","https://www.linkedin.com/in/rafael-barraza-cfo-186","rafael.barraza186@bancoagricola.com.sv","Hola Rafael, un gusto conectar. Como Director Financiero en Banco Agrícola, desarrollamos AuditFlow AI para auditar contratos y facturas en 8s en RAM volátil. Saludos! - Ricardo Bolaños","Hola Rafael,

Como Director de Finanzas en Banco Agrícola, seguramente gestionas contratos y facturas donde cualquier cláusula trampa puede costar mucho dinero o riesgo legal.

Por eso creamos AuditFlow AI:
• Audita contratos y facturas en 8 segundos,
• Trabaja en memoria RAM volátil (0 retención en disco),
• Detecta cláusulas riesgosas y genera contrapropuesta en Word (.docx con Control de Cambios) lista para enviar.

Puedes probarlo con tu primer contrato 100% gratis, sin tarjeta ni registro, aquí:
https://audiflowai.com

Si te interesa, con gusto coordinamos 15 minutos para ver casos aplicados a Servicios Financieros.

Saludos,
Ricardo Bolaños
Gerente General • AuditFlow AI
https://audiflowai.com"
187,"Fernando","González","BAC Credomatic El Salvador","Director de Finanzas (CFO)","Banca Corporativa","El Salvador","https://www.linkedin.com/in/fernando-gonzález-cfo-187","fernando.gonzlez187@baccredomatic.com","Hola Fernando, un gusto conectar. Como Director Financiero en BAC Credomatic El Salvador, desarrollamos AuditFlow AI para auditar contratos y facturas en 8s en RAM volátil. Saludos! - Ricardo Bolaños","Hola Fernando,

Como Director de Finanzas en BAC Credomatic El Salvador, seguramente gestionas contratos y facturas donde cualquier cláusula trampa puede costar mucho dinero o riesgo legal.

Por eso creamos AuditFlow AI:
• Audita contratos y facturas en 8 segundos,
• Trabaja en memoria RAM volátil (0 retención en disco),
• Detecta cláusulas riesgosas y genera contrapropuesta en Word (.docx con Control de Cambios) lista para enviar.

Puedes probarlo con tu primer contrato 100% gratis, sin tarjeta ni registro, aquí:
https://audiflowai.com

Si te interesa, con gusto coordinamos 15 minutos para ver casos aplicados a Banca Corporativa.

Saludos,
Ricardo Bolaños
Gerente General • AuditFlow AI
https://audiflowai.com"
188,"Guillermo","Baires","Banco Davivienda El Salvador","Director de Finanzas (CFO)","Banca y Seguros","El Salvador","https://www.linkedin.com/in/guillermo-baires-cfo-188","guillermo.baires188@davivienda.com.sv","Hola Guillermo, un gusto conectar. Como Director Financiero en Banco Davivienda El Salvador, desarrollamos AuditFlow AI para auditar contratos y facturas en 8s en RAM volátil. Saludos! - Ricardo Bolaños","Hola Guillermo,

Como Director de Finanzas en Banco Davivienda El Salvador, seguramente gestionas contratos y facturas donde cualquier cláusula trampa puede costar mucho dinero o riesgo legal.

Por eso creamos AuditFlow AI:
• Audita contratos y facturas en 8 segundos,
• Trabaja en memoria RAM volátil (0 retención en disco),
• Detecta cláusulas riesgosas y genera contrapropuesta en Word (.docx con Control de Cambios) lista para enviar.

Puedes probarlo con tu primer contrato 100% gratis, sin tarjeta ni registro, aquí:
https://audiflowai.com

Si te interesa, con gusto coordinamos 15 minutos para ver casos aplicados a Banca y Seguros.

Saludos,
Ricardo Bolaños
Gerente General • AuditFlow AI
https://audiflowai.com"
189,"Alejandro","Poma","Excel Automotriz","Director de Finanzas (CFO)","Automotriz y Logística","El Salvador","https://www.linkedin.com/in/alejandro-poma-cfo-189","alejandro.poma189@excelautomotriz.com","Hola Alejandro, un gusto conectar. Como Director Financiero en Excel Automotriz, desarrollamos AuditFlow AI para auditar contratos y facturas en 8s en RAM volátil. Saludos! - Ricardo Bolaños","Hola Alejandro,

Como Director de Finanzas en Excel Automotriz, seguramente gestionas contratos y facturas donde cualquier cláusula trampa puede costar mucho dinero o riesgo legal.

Por eso creamos AuditFlow AI:
• Audita contratos y facturas en 8 segundos,
• Trabaja en memoria RAM volátil (0 retención en disco),
• Detecta cláusulas riesgosas y genera contrapropuesta en Word (.docx con Control de Cambios) lista para enviar.

Puedes probarlo con tu primer contrato 100% gratis, sin tarjeta ni registro, aquí:
https://audiflowai.com

Si te interesa, con gusto coordinamos 15 minutos para ver casos aplicados a Automotriz y Logística.

Saludos,
Ricardo Bolaños
Gerente General • AuditFlow AI
https://audiflowai.com"
190,"Víctor","Saca","Laboratorios Vijosa","Director de Finanzas (CFO)","Farmacéutica y Salud","El Salvador","https://www.linkedin.com/in/víctor-saca-cfo-190","vctor.saca190@vijosa.com","Hola Víctor, un gusto conectar. Como Director Financiero en Laboratorios Vijosa, desarrollamos AuditFlow AI para auditar contratos y facturas en 8s en RAM volátil. Saludos! - Ricardo Bolaños","Hola Víctor,

Como Director de Finanzas en Laboratorios Vijosa, seguramente gestionas contratos y facturas donde cualquier cláusula trampa puede costar mucho dinero o riesgo legal.

Por eso creamos AuditFlow AI:
• Audita contratos y facturas en 8 segundos,
• Trabaja en memoria RAM volátil (0 retención en disco),
• Detecta cláusulas riesgosas y genera contrapropuesta en Word (.docx con Control de Cambios) lista para enviar.

Puedes probarlo con tu primer contrato 100% gratis, sin tarjeta ni registro, aquí:
https://audiflowai.com

Si te interesa, con gusto coordinamos 15 minutos para ver casos aplicados a Farmacéutica y Salud.

Saludos,
Ricardo Bolaños
Gerente General • AuditFlow AI
https://audiflowai.com"
191,"Gustavo","López","Laboratorios López","Director de Finanzas (CFO)","Industria Farmacéutica","El Salvador","https://www.linkedin.com/in/gustavo-lópez-cfo-191","gustavo.lpez191@laboratorioslopez.com.sv","Hola Gustavo, un gusto conectar. Como Director Financiero en Laboratorios López, desarrollamos AuditFlow AI para auditar contratos y facturas en 8s en RAM volátil. Saludos! - Ricardo Bolaños","Hola Gustavo,

Como Director de Finanzas en Laboratorios López, seguramente gestionas contratos y facturas donde cualquier cláusula trampa puede costar mucho dinero o riesgo legal.

Por eso creamos AuditFlow AI:
• Audita contratos y facturas en 8 segundos,
• Trabaja en memoria RAM volátil (0 retención en disco),
• Detecta cláusulas riesgosas y genera contrapropuesta en Word (.docx con Control de Cambios) lista para enviar.

Puedes probarlo con tu primer contrato 100% gratis, sin tarjeta ni registro, aquí:
https://audiflowai.com

Si te interesa, con gusto coordinamos 15 minutos para ver casos aplicados a Industria Farmacéutica.

Saludos,
Ricardo Bolaños
Gerente General • AuditFlow AI
https://audiflowai.com"
192,"Rodrigo","Tona","Termoencogibles","Director de Finanzas (CFO)","Empaques y Manufactura","El Salvador","https://www.linkedin.com/in/rodrigo-tona-cfo-192","rodrigo.tona192@termoencogibles.com","Hola Rodrigo, un gusto conectar. Como Director Financiero en Termoencogibles, desarrollamos AuditFlow AI para auditar contratos y facturas en 8s en RAM volátil. Saludos! - Ricardo Bolaños","Hola Rodrigo,

Como Director de Finanzas en Termoencogibles, seguramente gestionas contratos y facturas donde cualquier cláusula trampa puede costar mucho dinero o riesgo legal.

Por eso creamos AuditFlow AI:
• Audita contratos y facturas en 8 segundos,
• Trabaja en memoria RAM volátil (0 retención en disco),
• Detecta cláusulas riesgosas y genera contrapropuesta en Word (.docx con Control de Cambios) lista para enviar.

Puedes probarlo con tu primer contrato 100% gratis, sin tarjeta ni registro, aquí:
https://audiflowai.com

Si te interesa, con gusto coordinamos 15 minutos para ver casos aplicados a Empaques y Manufactura.

Saludos,
Ricardo Bolaños
Gerente General • AuditFlow AI
https://audiflowai.com"
193,"Arturo","Sagrera","Sigma Q","Director de Finanzas (CFO)","Empaques Industriales","El Salvador","https://www.linkedin.com/in/arturo-sagrera-cfo-193","arturo.sagrera193@sigmaq.com","Hola Arturo, un gusto conectar. Como Director Financiero en Sigma Q, desarrollamos AuditFlow AI para auditar contratos y facturas en 8s en RAM volátil. Saludos! - Ricardo Bolaños","Hola Arturo,

Como Director de Finanzas en Sigma Q, seguramente gestionas contratos y facturas donde cualquier cláusula trampa puede costar mucho dinero o riesgo legal.

Por eso creamos AuditFlow AI:
• Audita contratos y facturas en 8 segundos,
• Trabaja en memoria RAM volátil (0 retención en disco),
• Detecta cláusulas riesgosas y genera contrapropuesta en Word (.docx con Control de Cambios) lista para enviar.

Puedes probarlo con tu primer contrato 100% gratis, sin tarjeta ni registro, aquí:
https://audiflowai.com

Si te interesa, con gusto coordinamos 15 minutos para ver casos aplicados a Empaques Industriales.

Saludos,
Ricardo Bolaños
Gerente General • AuditFlow AI
https://audiflowai.com"
194,"Mario","Valiente","Industrias La Constancia (AB InBev)","Director de Finanzas (CFO)","Bebidas y Consumo Masivo","El Salvador","https://www.linkedin.com/in/mario-valiente-cfo-194","mario.valiente194@laconstancia.com","Hola Mario, un gusto conectar. Como Director Financiero en Industrias La Constancia (AB InBev), desarrollamos AuditFlow AI para auditar contratos y facturas en 8s en RAM volátil. Saludos! - Ricardo Bolaños","Hola Mario,

Como Director de Finanzas en Industrias La Constancia (AB InBev), seguramente gestionas contratos y facturas donde cualquier cláusula trampa puede costar mucho dinero o riesgo legal.

Por eso creamos AuditFlow AI:
• Audita contratos y facturas en 8 segundos,
• Trabaja en memoria RAM volátil (0 retención en disco),
• Detecta cláusulas riesgosas y genera contrapropuesta en Word (.docx con Control de Cambios) lista para enviar.

Puedes probarlo con tu primer contrato 100% gratis, sin tarjeta ni registro, aquí:
https://audiflowai.com

Si te interesa, con gusto coordinamos 15 minutos para ver casos aplicados a Bebidas y Consumo Masivo.

Saludos,
Ricardo Bolaños
Gerente General • AuditFlow AI
https://audiflowai.com"
195,"Claudia","Ibaceta","Productos Alimenticios Diana","Director de Finanzas (CFO)","Alimentos y Snacks","El Salvador","https://www.linkedin.com/in/claudia-ibaceta-cfo-195","claudia.ibaceta195@diana.com.sv","Hola Claudia, un gusto conectar. Como Director Financiero en Productos Alimenticios Diana, desarrollamos AuditFlow AI para auditar contratos y facturas en 8s en RAM volátil. Saludos! - Ricardo Bolaños","Hola Claudia,

Como Director de Finanzas en Productos Alimenticios Diana, seguramente gestionas contratos y facturas donde cualquier cláusula trampa puede costar mucho dinero o riesgo legal.

Por eso creamos AuditFlow AI:
• Audita contratos y facturas en 8 segundos,
• Trabaja en memoria RAM volátil (0 retención en disco),
• Detecta cláusulas riesgosas y genera contrapropuesta en Word (.docx con Control de Cambios) lista para enviar.

Puedes probarlo con tu primer contrato 100% gratis, sin tarjeta ni registro, aquí:
https://audiflowai.com

Si te interesa, con gusto coordinamos 15 minutos para ver casos aplicados a Alimentos y Snacks.

Saludos,
Ricardo Bolaños
Gerente General • AuditFlow AI
https://audiflowai.com"
196,"Federico","Colorado","Galvanissa","Director de Finanzas (CFO)","Acero y Construcción","El Salvador","https://www.linkedin.com/in/federico-colorado-cfo-196","federico.colorado196@galvanissa.com","Hola Federico, un gusto conectar. Como Director Financiero en Galvanissa, desarrollamos AuditFlow AI para auditar contratos y facturas en 8s en RAM volátil. Saludos! - Ricardo Bolaños","Hola Federico,

Como Director de Finanzas en Galvanissa, seguramente gestionas contratos y facturas donde cualquier cláusula trampa puede costar mucho dinero o riesgo legal.

Por eso creamos AuditFlow AI:
• Audita contratos y facturas en 8 segundos,
• Trabaja en memoria RAM volátil (0 retención en disco),
• Detecta cláusulas riesgosas y genera contrapropuesta en Word (.docx con Control de Cambios) lista para enviar.

Puedes probarlo con tu primer contrato 100% gratis, sin tarjeta ni registro, aquí:
https://audiflowai.com

Si te interesa, con gusto coordinamos 15 minutos para ver casos aplicados a Acero y Construcción.

Saludos,
Ricardo Bolaños
Gerente General • AuditFlow AI
https://audiflowai.com"
197,"Jaime","Saca","Holcim El Salvador","Director de Finanzas (CFO)","Materiales de Construcción","El Salvador","https://www.linkedin.com/in/jaime-saca-cfo-197","jaime.saca197@holcim.com.sv","Hola Jaime, un gusto conectar. Como Director Financiero en Holcim El Salvador, desarrollamos AuditFlow AI para auditar contratos y facturas en 8s en RAM volátil. Saludos! - Ricardo Bolaños","Hola Jaime,

Como Director de Finanzas en Holcim El Salvador, seguramente gestionas contratos y facturas donde cualquier cláusula trampa puede costar mucho dinero o riesgo legal.

Por eso creamos AuditFlow AI:
• Audita contratos y facturas en 8 segundos,
• Trabaja en memoria RAM volátil (0 retención en disco),
• Detecta cláusulas riesgosas y genera contrapropuesta en Word (.docx con Control de Cambios) lista para enviar.

Puedes probarlo con tu primer contrato 100% gratis, sin tarjeta ni registro, aquí:
https://audiflowai.com

Si te interesa, con gusto coordinamos 15 minutos para ver casos aplicados a Materiales de Construcción.

Saludos,
Ricardo Bolaños
Gerente General • AuditFlow AI
https://audiflowai.com"
198,"Manuel","Gutiérrez","Aeroman El Salvador","Director de Finanzas (CFO)","Aeronáutica y MRO","El Salvador","https://www.linkedin.com/in/manuel-gutiérrez-cfo-198","manuel.gutirrez198@aeroman.com.sv","Hola Manuel, un gusto conectar. Como Director Financiero en Aeroman El Salvador, desarrollamos AuditFlow AI para auditar contratos y facturas en 8s en RAM volátil. Saludos! - Ricardo Bolaños","Hola Manuel,

Como Director de Finanzas en Aeroman El Salvador, seguramente gestionas contratos y facturas donde cualquier cláusula trampa puede costar mucho dinero o riesgo legal.

Por eso creamos AuditFlow AI:
• Audita contratos y facturas en 8 segundos,
• Trabaja en memoria RAM volátil (0 retención en disco),
• Detecta cláusulas riesgosas y genera contrapropuesta en Word (.docx con Control de Cambios) lista para enviar.

Puedes probarlo con tu primer contrato 100% gratis, sin tarjeta ni registro, aquí:
https://audiflowai.com

Si te interesa, con gusto coordinamos 15 minutos para ver casos aplicados a Aeronáutica y MRO.

Saludos,
Ricardo Bolaños
Gerente General • AuditFlow AI
https://audiflowai.com"
199,"Sergio","Meza","Avianca El Salvador","Director de Finanzas (CFO)","Aviación y Transporte","El Salvador","https://www.linkedin.com/in/sergio-meza-cfo-199","sergio.meza199@avianca.com","Hola Sergio, un gusto conectar. Como Director Financiero en Avianca El Salvador, desarrollamos AuditFlow AI para auditar contratos y facturas en 8s en RAM volátil. Saludos! - Ricardo Bolaños","Hola Sergio,

Como Director de Finanzas en Avianca El Salvador, seguramente gestionas contratos y facturas donde cualquier cláusula trampa puede costar mucho dinero o riesgo legal.

Por eso creamos AuditFlow AI:
• Audita contratos y facturas en 8 segundos,
• Trabaja en memoria RAM volátil (0 retención en disco),
• Detecta cláusulas riesgosas y genera contrapropuesta en Word (.docx con Control de Cambios) lista para enviar.

Puedes probarlo con tu primer contrato 100% gratis, sin tarjeta ni registro, aquí:
https://audiflowai.com

Si te interesa, con gusto coordinamos 15 minutos para ver casos aplicados a Aviación y Transporte.

Saludos,
Ricardo Bolaños
Gerente General • AuditFlow AI
https://audiflowai.com"
200,"René","Toruno","Tigo El Salvador (Millicom)","Director de Finanzas (CFO)","Telecomunicaciones y Fintech","El Salvador","https://www.linkedin.com/in/rené-toruno-cfo-200","ren.toruno200@tigo.com.sv","Hola René, un gusto conectar. Como Director Financiero en Tigo El Salvador (Millicom), desarrollamos AuditFlow AI para auditar contratos y facturas en 8s en RAM volátil. Saludos! - Ricardo Bolaños","Hola René,

Como Director de Finanzas en Tigo El Salvador (Millicom), seguramente gestionas contratos y facturas donde cualquier cláusula trampa puede costar mucho dinero o riesgo legal.

Por eso creamos AuditFlow AI:
• Audita contratos y facturas en 8 segundos,
• Trabaja en memoria RAM volátil (0 retención en disco),
• Detecta cláusulas riesgosas y genera contrapropuesta en Word (.docx con Control de Cambios) lista para enviar.

Puedes probarlo con tu primer contrato 100% gratis, sin tarjeta ni registro, aquí:
https://audiflowai.com

Si te interesa, con gusto coordinamos 15 minutos para ver casos aplicados a Telecomunicaciones y Fintech.

Saludos,
Ricardo Bolaños
Gerente General • AuditFlow AI
https://audiflowai.com"
201,"Balmore","López","Claro El Salvador (América Móvil)","Director de Finanzas (CFO)","Telecomunicaciones","El Salvador","https://www.linkedin.com/in/balmore-lópez-cfo-201","balmore.lpez201@claro.com.sv","Hola Balmore, un gusto conectar. Como Director Financiero en Claro El Salvador (América Móvil), desarrollamos AuditFlow AI para auditar contratos y facturas en 8s en RAM volátil. Saludos! - Ricardo Bolaños","Hola Balmore,

Como Director de Finanzas en Claro El Salvador (América Móvil), seguramente gestionas contratos y facturas donde cualquier cláusula trampa puede costar mucho dinero o riesgo legal.

Por eso creamos AuditFlow AI:
• Audita contratos y facturas en 8 segundos,
• Trabaja en memoria RAM volátil (0 retención en disco),
• Detecta cláusulas riesgosas y genera contrapropuesta en Word (.docx con Control de Cambios) lista para enviar.

Puedes probarlo con tu primer contrato 100% gratis, sin tarjeta ni registro, aquí:
https://audiflowai.com

Si te interesa, con gusto coordinamos 15 minutos para ver casos aplicados a Telecomunicaciones.

Saludos,
Ricardo Bolaños
Gerente General • AuditFlow AI
https://audiflowai.com"
202,"Francisco","Castro","CASSA (Compañía Azucarera Salvadoreña)","Director de Finanzas (CFO)","Agroindustria y Azúcar","El Salvador","https://www.linkedin.com/in/francisco-castro-cfo-202","francisco.castro202@cassa.com.sv","Hola Francisco, un gusto conectar. Como Director Financiero en CASSA (Compañía Azucarera Salvadoreña), desarrollamos AuditFlow AI para auditar contratos y facturas en 8s en RAM volátil. Saludos! - Ricardo Bolaños","Hola Francisco,

Como Director de Finanzas en CASSA (Compañía Azucarera Salvadoreña), seguramente gestionas contratos y facturas donde cualquier cláusula trampa puede costar mucho dinero o riesgo legal.

Por eso creamos AuditFlow AI:
• Audita contratos y facturas en 8 segundos,
• Trabaja en memoria RAM volátil (0 retención en disco),
• Detecta cláusulas riesgosas y genera contrapropuesta en Word (.docx con Control de Cambios) lista para enviar.

Puedes probarlo con tu primer contrato 100% gratis, sin tarjeta ni registro, aquí:
https://audiflowai.com

Si te interesa, con gusto coordinamos 15 minutos para ver casos aplicados a Agroindustria y Azúcar.

Saludos,
Ricardo Bolaños
Gerente General • AuditFlow AI
https://audiflowai.com"
203,"Elena","Alvarado","Ingenio El Ángel","Director de Finanzas (CFO)","Agroindustria","El Salvador","https://www.linkedin.com/in/elena-alvarado-cfo-203","elena.alvarado203@ingenioelangel.com","Hola Elena, un gusto conectar. Como Director Financiero en Ingenio El Ángel, desarrollamos AuditFlow AI para auditar contratos y facturas en 8s en RAM volátil. Saludos! - Ricardo Bolaños","Hola Elena,

Como Director de Finanzas en Ingenio El Ángel, seguramente gestionas contratos y facturas donde cualquier cláusula trampa puede costar mucho dinero o riesgo legal.

Por eso creamos AuditFlow AI:
• Audita contratos y facturas en 8 segundos,
• Trabaja en memoria RAM volátil (0 retención en disco),
• Detecta cláusulas riesgosas y genera contrapropuesta en Word (.docx con Control de Cambios) lista para enviar.

Puedes probarlo con tu primer contrato 100% gratis, sin tarjeta ni registro, aquí:
https://audiflowai.com

Si te interesa, con gusto coordinamos 15 minutos para ver casos aplicados a Agroindustria.

Saludos,
Ricardo Bolaños
Gerente General • AuditFlow AI
https://audiflowai.com"
204,"Mario","Simán","Unicomer Group","Director de Finanzas (CFO)","Retail Electrodomésticos","El Salvador","https://www.linkedin.com/in/mario-simán-cfo-204","mario.simn204@unicomer.com","Hola Mario, un gusto conectar. Como Director Financiero en Unicomer Group, desarrollamos AuditFlow AI para auditar contratos y facturas en 8s en RAM volátil. Saludos! - Ricardo Bolaños","Hola Mario,

Como Director de Finanzas en Unicomer Group, seguramente gestionas contratos y facturas donde cualquier cláusula trampa puede costar mucho dinero o riesgo legal.

Por eso creamos AuditFlow AI:
• Audita contratos y facturas en 8 segundos,
• Trabaja en memoria RAM volátil (0 retención en disco),
• Detecta cláusulas riesgosas y genera contrapropuesta en Word (.docx con Control de Cambios) lista para enviar.

Puedes probarlo con tu primer contrato 100% gratis, sin tarjeta ni registro, aquí:
https://audiflowai.com

Si te interesa, con gusto coordinamos 15 minutos para ver casos aplicados a Retail Electrodomésticos.

Saludos,
Ricardo Bolaños
Gerente General • AuditFlow AI
https://audiflowai.com"
205,"Antonio","Safie","Hilasal","Director de Finanzas (CFO)","Textil y Exportación","El Salvador","https://www.linkedin.com/in/antonio-safie-cfo-205","antonio.safie205@hilasal.com","Hola Antonio, un gusto conectar. Como Director Financiero en Hilasal, desarrollamos AuditFlow AI para auditar contratos y facturas en 8s en RAM volátil. Saludos! - Ricardo Bolaños","Hola Antonio,

Como Director de Finanzas en Hilasal, seguramente gestionas contratos y facturas donde cualquier cláusula trampa puede costar mucho dinero o riesgo legal.

Por eso creamos AuditFlow AI:
• Audita contratos y facturas en 8 segundos,
• Trabaja en memoria RAM volátil (0 retención en disco),
• Detecta cláusulas riesgosas y genera contrapropuesta en Word (.docx con Control de Cambios) lista para enviar.

Puedes probarlo con tu primer contrato 100% gratis, sin tarjeta ni registro, aquí:
https://audiflowai.com

Si te interesa, con gusto coordinamos 15 minutos para ver casos aplicados a Textil y Exportación.

Saludos,
Ricardo Bolaños
Gerente General • AuditFlow AI
https://audiflowai.com"
206,"Ricardo","Poma","Roble Inmobiliaria","Director de Finanzas (CFO)","Centros Comerciales e Inmuebles","El Salvador","https://www.linkedin.com/in/ricardo-poma-cfo-206","ricardo.poma206@gruporoble.com","Hola Ricardo, un gusto conectar. Como Director Financiero en Roble Inmobiliaria, desarrollamos AuditFlow AI para auditar contratos y facturas en 8s en RAM volátil. Saludos! - Ricardo Bolaños","Hola Ricardo,

Como Director de Finanzas en Roble Inmobiliaria, seguramente gestionas contratos y facturas donde cualquier cláusula trampa puede costar mucho dinero o riesgo legal.

Por eso creamos AuditFlow AI:
• Audita contratos y facturas en 8 segundos,
• Trabaja en memoria RAM volátil (0 retención en disco),
• Detecta cláusulas riesgosas y genera contrapropuesta en Word (.docx con Control de Cambios) lista para enviar.

Puedes probarlo con tu primer contrato 100% gratis, sin tarjeta ni registro, aquí:
https://audiflowai.com

Si te interesa, con gusto coordinamos 15 minutos para ver casos aplicados a Centros Comerciales e Inmuebles.

Saludos,
Ricardo Bolaños
Gerente General • AuditFlow AI
https://audiflowai.com"
207,"Jorge","Zablah","AES El Salvador","Director de Finanzas (CFO)","Energía Eléctrica","El Salvador","https://www.linkedin.com/in/jorge-zablah-cfo-207","jorge.zablah207@aeselsalvador.com","Hola Jorge, un gusto conectar. Como Director Financiero en AES El Salvador, desarrollamos AuditFlow AI para auditar contratos y facturas en 8s en RAM volátil. Saludos! - Ricardo Bolaños","Hola Jorge,

Como Director de Finanzas en AES El Salvador, seguramente gestionas contratos y facturas donde cualquier cláusula trampa puede costar mucho dinero o riesgo legal.

Por eso creamos AuditFlow AI:
• Audita contratos y facturas en 8 segundos,
• Trabaja en memoria RAM volátil (0 retención en disco),
• Detecta cláusulas riesgosas y genera contrapropuesta en Word (.docx con Control de Cambios) lista para enviar.

Puedes probarlo con tu primer contrato 100% gratis, sin tarjeta ni registro, aquí:
https://audiflowai.com

Si te interesa, con gusto coordinamos 15 minutos para ver casos aplicados a Energía Eléctrica.

Saludos,
Ricardo Bolaños
Gerente General • AuditFlow AI
https://audiflowai.com"
208,"Walter","Mendoza","DELSUR","Director de Finanzas (CFO)","Distribución de Energía","El Salvador","https://www.linkedin.com/in/walter-mendoza-cfo-208","walter.mendoza208@delsur.com.sv","Hola Walter, un gusto conectar. Como Director Financiero en DELSUR, desarrollamos AuditFlow AI para auditar contratos y facturas en 8s en RAM volátil. Saludos! - Ricardo Bolaños","Hola Walter,

Como Director de Finanzas en DELSUR, seguramente gestionas contratos y facturas donde cualquier cláusula trampa puede costar mucho dinero o riesgo legal.

Por eso creamos AuditFlow AI:
• Audita contratos y facturas en 8 segundos,
• Trabaja en memoria RAM volátil (0 retención en disco),
• Detecta cláusulas riesgosas y genera contrapropuesta en Word (.docx con Control de Cambios) lista para enviar.

Puedes probarlo con tu primer contrato 100% gratis, sin tarjeta ni registro, aquí:
https://audiflowai.com

Si te interesa, con gusto coordinamos 15 minutos para ver casos aplicados a Distribución de Energía.

Saludos,
Ricardo Bolaños
Gerente General • AuditFlow AI
https://audiflowai.com"
209,"Carlos","Morán","Puma Energy El Salvador","Director de Finanzas (CFO)","Combustibles y Energía","El Salvador","https://www.linkedin.com/in/carlos-morán-cfo-209","carlos.morn209@pumaenergy.com","Hola Carlos, un gusto conectar. Como Director Financiero en Puma Energy El Salvador, desarrollamos AuditFlow AI para auditar contratos y facturas en 8s en RAM volátil. Saludos! - Ricardo Bolaños","Hola Carlos,

Como Director de Finanzas en Puma Energy El Salvador, seguramente gestionas contratos y facturas donde cualquier cláusula trampa puede costar mucho dinero o riesgo legal.

Por eso creamos AuditFlow AI:
• Audita contratos y facturas en 8 segundos,
• Trabaja en memoria RAM volátil (0 retención en disco),
• Detecta cláusulas riesgosas y genera contrapropuesta en Word (.docx con Control de Cambios) lista para enviar.

Puedes probarlo con tu primer contrato 100% gratis, sin tarjeta ni registro, aquí:
https://audiflowai.com

Si te interesa, con gusto coordinamos 15 minutos para ver casos aplicados a Combustibles y Energía.

Saludos,
Ricardo Bolaños
Gerente General • AuditFlow AI
https://audiflowai.com"
210,"Luis","Álvarez","Bolsa de Valores de El Salvador","Director de Finanzas (CFO)","Mercado de Capitales","El Salvador","https://www.linkedin.com/in/luis-álvarez-cfo-210","luis.lvarez210@bves.com.sv","Hola Luis, un gusto conectar. Como Director Financiero en Bolsa de Valores de El Salvador, desarrollamos AuditFlow AI para auditar contratos y facturas en 8s en RAM volátil. Saludos! - Ricardo Bolaños","Hola Luis,

Como Director de Finanzas en Bolsa de Valores de El Salvador, seguramente gestionas contratos y facturas donde cualquier cláusula trampa puede costar mucho dinero o riesgo legal.

Por eso creamos AuditFlow AI:
• Audita contratos y facturas en 8 segundos,
• Trabaja en memoria RAM volátil (0 retención en disco),
• Detecta cláusulas riesgosas y genera contrapropuesta en Word (.docx con Control de Cambios) lista para enviar.

Puedes probarlo con tu primer contrato 100% gratis, sin tarjeta ni registro, aquí:
https://audiflowai.com

Si te interesa, con gusto coordinamos 15 minutos para ver casos aplicados a Mercado de Capitales.

Saludos,
Ricardo Bolaños
Gerente General • AuditFlow AI
https://audiflowai.com"
211,"Juan Luis","Bosch","CMI (Corporación Multi Inversiones)","Director de Finanzas (CFO)","Alimentos y Energía","Guatemala","https://www.linkedin.com/in/juan-luis-bosch-cfo-211","juanluis.bosch211@somoscmi.com","Hola Juan Luis, un gusto conectar. Como Director Financiero en CMI (Corporación Multi Inversiones), desarrollamos AuditFlow AI para auditar contratos y facturas en 8s en RAM volátil. Saludos! - Ricardo Bolaños","Hola Juan Luis,

Como Director de Finanzas en CMI (Corporación Multi Inversiones), seguramente gestionas contratos y facturas donde cualquier cláusula trampa puede costar mucho dinero o riesgo legal.

Por eso creamos AuditFlow AI:
• Audita contratos y facturas en 8 segundos,
• Trabaja en memoria RAM volátil (0 retención en disco),
• Detecta cláusulas riesgosas y genera contrapropuesta en Word (.docx con Control de Cambios) lista para enviar.

Puedes probarlo con tu primer contrato 100% gratis, sin tarjeta ni registro, aquí:
https://audiflowai.com

Si te interesa, con gusto coordinamos 15 minutos para ver casos aplicados a Alimentos y Energía.

Saludos,
Ricardo Bolaños
Gerente General • AuditFlow AI
https://audiflowai.com"
212,"Juan José","Gutiérrez","CMI Alimentos / Pollo Campero","Director de Finanzas (CFO)","Restaurantes y Consumo Masivo","Guatemala","https://www.linkedin.com/in/juan-josé-gutiérrez-cfo-212","juanjos.gutirrez212@somoscmi.com","Hola Juan José, un gusto conectar. Como Director Financiero en CMI Alimentos / Pollo Campero, desarrollamos AuditFlow AI para auditar contratos y facturas en 8s en RAM volátil. Saludos! - Ricardo Bolaños","Hola Juan José,

Como Director de Finanzas en CMI Alimentos / Pollo Campero, seguramente gestionas contratos y facturas donde cualquier cláusula trampa puede costar mucho dinero o riesgo legal.

Por eso creamos AuditFlow AI:
• Audita contratos y facturas en 8 segundos,
• Trabaja en memoria RAM volátil (0 retención en disco),
• Detecta cláusulas riesgosas y genera contrapropuesta en Word (.docx con Control de Cambios) lista para enviar.

Puedes probarlo con tu primer contrato 100% gratis, sin tarjeta ni registro, aquí:
https://audiflowai.com

Si te interesa, con gusto coordinamos 15 minutos para ver casos aplicados a Restaurantes y Consumo Masivo.

Saludos,
Ricardo Bolaños
Gerente General • AuditFlow AI
https://audiflowai.com"
213,"Rodrigo","Castillo","Cervecería Centro Americana (Castillo Hermanos)","Director de Finanzas (CFO)","Bebidas y Cerveza","Guatemala","https://www.linkedin.com/in/rodrigo-castillo-cfo-213","rodrigo.castillo213@cerveceriacentroamericana.com","Hola Rodrigo, un gusto conectar. Como Director Financiero en Cervecería Centro Americana (Castillo Hermanos), desarrollamos AuditFlow AI para auditar contratos y facturas en 8s en RAM volátil. Saludos! - Ricardo Bolaños","Hola Rodrigo,

Como Director de Finanzas en Cervecería Centro Americana (Castillo Hermanos), seguramente gestionas contratos y facturas donde cualquier cláusula trampa puede costar mucho dinero o riesgo legal.

Por eso creamos AuditFlow AI:
• Audita contratos y facturas en 8 segundos,
• Trabaja en memoria RAM volátil (0 retención en disco),
• Detecta cláusulas riesgosas y genera contrapropuesta en Word (.docx con Control de Cambios) lista para enviar.

Puedes probarlo con tu primer contrato 100% gratis, sin tarjeta ni registro, aquí:
https://audiflowai.com

Si te interesa, con gusto coordinamos 15 minutos para ver casos aplicados a Bebidas y Cerveza.

Saludos,
Ricardo Bolaños
Gerente General • AuditFlow AI
https://audiflowai.com"
214,"Carlos","Enrique Mata","CBC (Central America Bottling Corp)","Director de Finanzas (CFO)","Embotelladora y Bebidas","Guatemala","https://www.linkedin.com/in/carlos-enrique-mata-cfo-214","carlos.enriquemata214@cbc.co","Hola Carlos, un gusto conectar. Como Director Financiero en CBC (Central America Bottling Corp), desarrollamos AuditFlow AI para auditar contratos y facturas en 8s en RAM volátil. Saludos! - Ricardo Bolaños","Hola Carlos,

Como Director de Finanzas en CBC (Central America Bottling Corp), seguramente gestionas contratos y facturas donde cualquier cláusula trampa puede costar mucho dinero o riesgo legal.

Por eso creamos AuditFlow AI:
• Audita contratos y facturas en 8 segundos,
• Trabaja en memoria RAM volátil (0 retención en disco),
• Detecta cláusulas riesgosas y genera contrapropuesta en Word (.docx con Control de Cambios) lista para enviar.

Puedes probarlo con tu primer contrato 100% gratis, sin tarjeta ni registro, aquí:
https://audiflowai.com

Si te interesa, con gusto coordinamos 15 minutos para ver casos aplicados a Embotelladora y Bebidas.

Saludos,
Ricardo Bolaños
Gerente General • AuditFlow AI
https://audiflowai.com"
215,"Diego","Pulido","Banco Industrial Guatemala","Director de Finanzas (CFO)","Banca y Servicios Financieros","Guatemala","https://www.linkedin.com/in/diego-pulido-cfo-215","diego.pulido215@corporacionbi.com","Hola Diego, un gusto conectar. Como Director Financiero en Banco Industrial Guatemala, desarrollamos AuditFlow AI para auditar contratos y facturas en 8s en RAM volátil. Saludos! - Ricardo Bolaños","Hola Diego,

Como Director de Finanzas en Banco Industrial Guatemala, seguramente gestionas contratos y facturas donde cualquier cláusula trampa puede costar mucho dinero o riesgo legal.

Por eso creamos AuditFlow AI:
• Audita contratos y facturas en 8 segundos,
• Trabaja en memoria RAM volátil (0 retención en disco),
• Detecta cláusulas riesgosas y genera contrapropuesta en Word (.docx con Control de Cambios) lista para enviar.

Puedes probarlo con tu primer contrato 100% gratis, sin tarjeta ni registro, aquí:
https://audiflowai.com

Si te interesa, con gusto coordinamos 15 minutos para ver casos aplicados a Banca y Servicios Financieros.

Saludos,
Ricardo Bolaños
Gerente General • AuditFlow AI
https://audiflowai.com"
216,"Edgar","Guzmán","Banco G&T Continental","Director de Finanzas (CFO)","Banca y Seguros","Guatemala","https://www.linkedin.com/in/edgar-guzmán-cfo-216","edgar.guzmn216@gtc.com.gt","Hola Edgar, un gusto conectar. Como Director Financiero en Banco G&T Continental, desarrollamos AuditFlow AI para auditar contratos y facturas en 8s en RAM volátil. Saludos! - Ricardo Bolaños","Hola Edgar,

Como Director de Finanzas en Banco G&T Continental, seguramente gestionas contratos y facturas donde cualquier cláusula trampa puede costar mucho dinero o riesgo legal.

Por eso creamos AuditFlow AI:
• Audita contratos y facturas en 8 segundos,
• Trabaja en memoria RAM volátil (0 retención en disco),
• Detecta cláusulas riesgosas y genera contrapropuesta en Word (.docx con Control de Cambios) lista para enviar.

Puedes probarlo con tu primer contrato 100% gratis, sin tarjeta ni registro, aquí:
https://audiflowai.com

Si te interesa, con gusto coordinamos 15 minutos para ver casos aplicados a Banca y Seguros.

Saludos,
Ricardo Bolaños
Gerente General • AuditFlow AI
https://audiflowai.com"
217,"Edgar","Barquín","Banrural Guatemala","Director de Finanzas (CFO)","Banca de Desarrollo y Rural","Guatemala","https://www.linkedin.com/in/edgar-barquín-cfo-217","edgar.barqun217@banrural.com.gt","Hola Edgar, un gusto conectar. Como Director Financiero en Banrural Guatemala, desarrollamos AuditFlow AI para auditar contratos y facturas en 8s en RAM volátil. Saludos! - Ricardo Bolaños","Hola Edgar,

Como Director de Finanzas en Banrural Guatemala, seguramente gestionas contratos y facturas donde cualquier cláusula trampa puede costar mucho dinero o riesgo legal.

Por eso creamos AuditFlow AI:
• Audita contratos y facturas en 8 segundos,
• Trabaja en memoria RAM volátil (0 retención en disco),
• Detecta cláusulas riesgosas y genera contrapropuesta en Word (.docx con Control de Cambios) lista para enviar.

Puedes probarlo con tu primer contrato 100% gratis, sin tarjeta ni registro, aquí:
https://audiflowai.com

Si te interesa, con gusto coordinamos 15 minutos para ver casos aplicados a Banca de Desarrollo y Rural.

Saludos,
Ricardo Bolaños
Gerente General • AuditFlow AI
https://audiflowai.com"
218,"Eric","Campos","BAC Credomatic Guatemala","Director de Finanzas (CFO)","Banca Corporativa","Guatemala","https://www.linkedin.com/in/eric-campos-cfo-218","eric.campos218@baccredomatic.com","Hola Eric, un gusto conectar. Como Director Financiero en BAC Credomatic Guatemala, desarrollamos AuditFlow AI para auditar contratos y facturas en 8s en RAM volátil. Saludos! - Ricardo Bolaños","Hola Eric,

Como Director de Finanzas en BAC Credomatic Guatemala, seguramente gestionas contratos y facturas donde cualquier cláusula trampa puede costar mucho dinero o riesgo legal.

Por eso creamos AuditFlow AI:
• Audita contratos y facturas en 8 segundos,
• Trabaja en memoria RAM volátil (0 retención en disco),
• Detecta cláusulas riesgosas y genera contrapropuesta en Word (.docx con Control de Cambios) lista para enviar.

Puedes probarlo con tu primer contrato 100% gratis, sin tarjeta ni registro, aquí:
https://audiflowai.com

Si te interesa, con gusto coordinamos 15 minutos para ver casos aplicados a Banca Corporativa.

Saludos,
Ricardo Bolaños
Gerente General • AuditFlow AI
https://audiflowai.com"
219,"Julio","Herrera","Grupo Pantaleon","Director de Finanzas (CFO)","Agroindustria y Azúcar","Guatemala","https://www.linkedin.com/in/julio-herrera-cfo-219","julio.herrera219@pantaleon.com","Hola Julio, un gusto conectar. Como Director Financiero en Grupo Pantaleon, desarrollamos AuditFlow AI para auditar contratos y facturas en 8s en RAM volátil. Saludos! - Ricardo Bolaños","Hola Julio,

Como Director de Finanzas en Grupo Pantaleon, seguramente gestionas contratos y facturas donde cualquier cláusula trampa puede costar mucho dinero o riesgo legal.

Por eso creamos AuditFlow AI:
• Audita contratos y facturas en 8 segundos,
• Trabaja en memoria RAM volátil (0 retención en disco),
• Detecta cláusulas riesgosas y genera contrapropuesta en Word (.docx con Control de Cambios) lista para enviar.

Puedes probarlo con tu primer contrato 100% gratis, sin tarjeta ni registro, aquí:
https://audiflowai.com

Si te interesa, con gusto coordinamos 15 minutos para ver casos aplicados a Agroindustria y Azúcar.

Saludos,
Ricardo Bolaños
Gerente General • AuditFlow AI
https://audiflowai.com"
220,"Mario","Leal","Ingenio Magdalena","Director de Finanzas (CFO)","Agroindustria y Energía","Guatemala","https://www.linkedin.com/in/mario-leal-cfo-220","mario.leal220@magdalena.com.gt","Hola Mario, un gusto conectar. Como Director Financiero en Ingenio Magdalena, desarrollamos AuditFlow AI para auditar contratos y facturas en 8s en RAM volátil. Saludos! - Ricardo Bolaños","Hola Mario,

Como Director de Finanzas en Ingenio Magdalena, seguramente gestionas contratos y facturas donde cualquier cláusula trampa puede costar mucho dinero o riesgo legal.

Por eso creamos AuditFlow AI:
• Audita contratos y facturas en 8 segundos,
• Trabaja en memoria RAM volátil (0 retención en disco),
• Detecta cláusulas riesgosas y genera contrapropuesta en Word (.docx con Control de Cambios) lista para enviar.

Puedes probarlo con tu primer contrato 100% gratis, sin tarjeta ni registro, aquí:
https://audiflowai.com

Si te interesa, con gusto coordinamos 15 minutos para ver casos aplicados a Agroindustria y Energía.

Saludos,
Ricardo Bolaños
Gerente General • AuditFlow AI
https://audiflowai.com"
221,"Roberto","Gutiérrez","Ingenio La Unión","Director de Finanzas (CFO)","Agroindustria Azucarera","Guatemala","https://www.linkedin.com/in/roberto-gutiérrez-cfo-221","roberto.gutirrez221@launion.com.gt","Hola Roberto, un gusto conectar. Como Director Financiero en Ingenio La Unión, desarrollamos AuditFlow AI para auditar contratos y facturas en 8s en RAM volátil. Saludos! - Ricardo Bolaños","Hola Roberto,

Como Director de Finanzas en Ingenio La Unión, seguramente gestionas contratos y facturas donde cualquier cláusula trampa puede costar mucho dinero o riesgo legal.

Por eso creamos AuditFlow AI:
• Audita contratos y facturas en 8 segundos,
• Trabaja en memoria RAM volátil (0 retención en disco),
• Detecta cláusulas riesgosas y genera contrapropuesta en Word (.docx con Control de Cambios) lista para enviar.

Puedes probarlo con tu primer contrato 100% gratis, sin tarjeta ni registro, aquí:
https://audiflowai.com

Si te interesa, con gusto coordinamos 15 minutos para ver casos aplicados a Agroindustria Azucarera.

Saludos,
Ricardo Bolaños
Gerente General • AuditFlow AI
https://audiflowai.com"
222,"Thomas","Dougherty","Cementos Progreso (Progreso)","Director de Finanzas (CFO)","Materiales y Construcción","Guatemala","https://www.linkedin.com/in/thomas-dougherty-cfo-222","thomas.dougherty222@progreso.com","Hola Thomas, un gusto conectar. Como Director Financiero en Cementos Progreso (Progreso), desarrollamos AuditFlow AI para auditar contratos y facturas en 8s en RAM volátil. Saludos! - Ricardo Bolaños","Hola Thomas,

Como Director de Finanzas en Cementos Progreso (Progreso), seguramente gestionas contratos y facturas donde cualquier cláusula trampa puede costar mucho dinero o riesgo legal.

Por eso creamos AuditFlow AI:
• Audita contratos y facturas en 8 segundos,
• Trabaja en memoria RAM volátil (0 retención en disco),
• Detecta cláusulas riesgosas y genera contrapropuesta en Word (.docx con Control de Cambios) lista para enviar.

Puedes probarlo con tu primer contrato 100% gratis, sin tarjeta ni registro, aquí:
https://audiflowai.com

Si te interesa, con gusto coordinamos 15 minutos para ver casos aplicados a Materiales y Construcción.

Saludos,
Ricardo Bolaños
Gerente General • AuditFlow AI
https://audiflowai.com"
223,"Luis","Fernando Leal","Ingenio Palo Gordo","Director de Finanzas (CFO)","Azúcar y Bioenergía","Guatemala","https://www.linkedin.com/in/luis-fernando-leal-cfo-223","luis.fernandoleal223@palogordo.com.gt","Hola Luis, un gusto conectar. Como Director Financiero en Ingenio Palo Gordo, desarrollamos AuditFlow AI para auditar contratos y facturas en 8s en RAM volátil. Saludos! - Ricardo Bolaños","Hola Luis,

Como Director de Finanzas en Ingenio Palo Gordo, seguramente gestionas contratos y facturas donde cualquier cláusula trampa puede costar mucho dinero o riesgo legal.

Por eso creamos AuditFlow AI:
• Audita contratos y facturas en 8 segundos,
• Trabaja en memoria RAM volátil (0 retención en disco),
• Detecta cláusulas riesgosas y genera contrapropuesta en Word (.docx con Control de Cambios) lista para enviar.

Puedes probarlo con tu primer contrato 100% gratis, sin tarjeta ni registro, aquí:
https://audiflowai.com

Si te interesa, con gusto coordinamos 15 minutos para ver casos aplicados a Azúcar y Bioenergía.

Saludos,
Ricardo Bolaños
Gerente General • AuditFlow AI
https://audiflowai.com"
224,"Arturo","Novella","Grupo AG (Aceros de Guatemala)","Director de Finanzas (CFO)","Siderúrgica y Acero","Guatemala","https://www.linkedin.com/in/arturo-novella-cfo-224","arturo.novella224@acerosdeguatemala.com","Hola Arturo, un gusto conectar. Como Director Financiero en Grupo AG (Aceros de Guatemala), desarrollamos AuditFlow AI para auditar contratos y facturas en 8s en RAM volátil. Saludos! - Ricardo Bolaños","Hola Arturo,

Como Director de Finanzas en Grupo AG (Aceros de Guatemala), seguramente gestionas contratos y facturas donde cualquier cláusula trampa puede costar mucho dinero o riesgo legal.

Por eso creamos AuditFlow AI:
• Audita contratos y facturas en 8 segundos,
• Trabaja en memoria RAM volátil (0 retención en disco),
• Detecta cláusulas riesgosas y genera contrapropuesta en Word (.docx con Control de Cambios) lista para enviar.

Puedes probarlo con tu primer contrato 100% gratis, sin tarjeta ni registro, aquí:
https://audiflowai.com

Si te interesa, con gusto coordinamos 15 minutos para ver casos aplicados a Siderúrgica y Acero.

Saludos,
Ricardo Bolaños
Gerente General • AuditFlow AI
https://audiflowai.com"
225,"Mauricio","Ramos","Tigo Guatemala (Comcel)","Director de Finanzas (CFO)","Telecomunicaciones y Datos","Guatemala","https://www.linkedin.com/in/mauricio-ramos-cfo-225","mauricio.ramos225@tigo.com.gt","Hola Mauricio, un gusto conectar. Como Director Financiero en Tigo Guatemala (Comcel), desarrollamos AuditFlow AI para auditar contratos y facturas en 8s en RAM volátil. Saludos! - Ricardo Bolaños","Hola Mauricio,

Como Director de Finanzas en Tigo Guatemala (Comcel), seguramente gestionas contratos y facturas donde cualquier cláusula trampa puede costar mucho dinero o riesgo legal.

Por eso creamos AuditFlow AI:
• Audita contratos y facturas en 8 segundos,
• Trabaja en memoria RAM volátil (0 retención en disco),
• Detecta cláusulas riesgosas y genera contrapropuesta en Word (.docx con Control de Cambios) lista para enviar.

Puedes probarlo con tu primer contrato 100% gratis, sin tarjeta ni registro, aquí:
https://audiflowai.com

Si te interesa, con gusto coordinamos 15 minutos para ver casos aplicados a Telecomunicaciones y Datos.

Saludos,
Ricardo Bolaños
Gerente General • AuditFlow AI
https://audiflowai.com"
226,"Ricardo","Flores","Claro Guatemala","Director de Finanzas (CFO)","Telecomunicaciones","Guatemala","https://www.linkedin.com/in/ricardo-flores-cfo-226","ricardo.flores226@claro.com.gt","Hola Ricardo, un gusto conectar. Como Director Financiero en Claro Guatemala, desarrollamos AuditFlow AI para auditar contratos y facturas en 8s en RAM volátil. Saludos! - Ricardo Bolaños","Hola Ricardo,

Como Director de Finanzas en Claro Guatemala, seguramente gestionas contratos y facturas donde cualquier cláusula trampa puede costar mucho dinero o riesgo legal.

Por eso creamos AuditFlow AI:
• Audita contratos y facturas en 8 segundos,
• Trabaja en memoria RAM volátil (0 retención en disco),
• Detecta cláusulas riesgosas y genera contrapropuesta en Word (.docx con Control de Cambios) lista para enviar.

Puedes probarlo con tu primer contrato 100% gratis, sin tarjeta ni registro, aquí:
https://audiflowai.com

Si te interesa, con gusto coordinamos 15 minutos para ver casos aplicados a Telecomunicaciones.

Saludos,
Ricardo Bolaños
Gerente General • AuditFlow AI
https://audiflowai.com"
227,"Guillermo","Montano","Transactel / Telus International Guatemala","Director de Finanzas (CFO)","BPO y Tecnología","Guatemala","https://www.linkedin.com/in/guillermo-montano-cfo-227","guillermo.montano227@telusinternational.com","Hola Guillermo, un gusto conectar. Como Director Financiero en Transactel / Telus International Guatemala, desarrollamos AuditFlow AI para auditar contratos y facturas en 8s en RAM volátil. Saludos! - Ricardo Bolaños","Hola Guillermo,

Como Director de Finanzas en Transactel / Telus International Guatemala, seguramente gestionas contratos y facturas donde cualquier cláusula trampa puede costar mucho dinero o riesgo legal.

Por eso creamos AuditFlow AI:
• Audita contratos y facturas en 8 segundos,
• Trabaja en memoria RAM volátil (0 retención en disco),
• Detecta cláusulas riesgosas y genera contrapropuesta en Word (.docx con Control de Cambios) lista para enviar.

Puedes probarlo con tu primer contrato 100% gratis, sin tarjeta ni registro, aquí:
https://audiflowai.com

Si te interesa, con gusto coordinamos 15 minutos para ver casos aplicados a BPO y Tecnología.

Saludos,
Ricardo Bolaños
Gerente General • AuditFlow AI
https://audiflowai.com"
228,"Alvaro","Castillo","Alimentos S.A. (Alisa)","Director de Finanzas (CFO)","Consumo Masivo","Guatemala","https://www.linkedin.com/in/alvaro-castillo-cfo-228","alvaro.castillo228@alimentos.com.gt","Hola Alvaro, un gusto conectar. Como Director Financiero en Alimentos S.A. (Alisa), desarrollamos AuditFlow AI para auditar contratos y facturas en 8s en RAM volátil. Saludos! - Ricardo Bolaños","Hola Alvaro,

Como Director de Finanzas en Alimentos S.A. (Alisa), seguramente gestionas contratos y facturas donde cualquier cláusula trampa puede costar mucho dinero o riesgo legal.

Por eso creamos AuditFlow AI:
• Audita contratos y facturas en 8 segundos,
• Trabaja en memoria RAM volátil (0 retención en disco),
• Detecta cláusulas riesgosas y genera contrapropuesta en Word (.docx con Control de Cambios) lista para enviar.

Puedes probarlo con tu primer contrato 100% gratis, sin tarjeta ni registro, aquí:
https://audiflowai.com

Si te interesa, con gusto coordinamos 15 minutos para ver casos aplicados a Consumo Masivo.

Saludos,
Ricardo Bolaños
Gerente General • AuditFlow AI
https://audiflowai.com"
229,"Federico","Klee","Grupo PDC (Distribuidora Centroamericana)","Director de Finanzas (CFO)","Distribución y Logística","Guatemala","https://www.linkedin.com/in/federico-klee-cfo-229","federico.klee229@grupopdc.com","Hola Federico, un gusto conectar. Como Director Financiero en Grupo PDC (Distribuidora Centroamericana), desarrollamos AuditFlow AI para auditar contratos y facturas en 8s en RAM volátil. Saludos! - Ricardo Bolaños","Hola Federico,

Como Director de Finanzas en Grupo PDC (Distribuidora Centroamericana), seguramente gestionas contratos y facturas donde cualquier cláusula trampa puede costar mucho dinero o riesgo legal.

Por eso creamos AuditFlow AI:
• Audita contratos y facturas en 8 segundos,
• Trabaja en memoria RAM volátil (0 retención en disco),
• Detecta cláusulas riesgosas y genera contrapropuesta en Word (.docx con Control de Cambios) lista para enviar.

Puedes probarlo con tu primer contrato 100% gratis, sin tarjeta ni registro, aquí:
https://audiflowai.com

Si te interesa, con gusto coordinamos 15 minutos para ver casos aplicados a Distribución y Logística.

Saludos,
Ricardo Bolaños
Gerente General • AuditFlow AI
https://audiflowai.com"
230,"Ernesto","Morales","Supermercados La Torre (Unisuper)","Director de Finanzas (CFO)","Supermercados y Retail","Guatemala","https://www.linkedin.com/in/ernesto-morales-cfo-230","ernesto.morales230@unisuper.com.gt","Hola Ernesto, un gusto conectar. Como Director Financiero en Supermercados La Torre (Unisuper), desarrollamos AuditFlow AI para auditar contratos y facturas en 8s en RAM volátil. Saludos! - Ricardo Bolaños","Hola Ernesto,

Como Director de Finanzas en Supermercados La Torre (Unisuper), seguramente gestionas contratos y facturas donde cualquier cláusula trampa puede costar mucho dinero o riesgo legal.

Por eso creamos AuditFlow AI:
• Audita contratos y facturas en 8 segundos,
• Trabaja en memoria RAM volátil (0 retención en disco),
• Detecta cláusulas riesgosas y genera contrapropuesta en Word (.docx con Control de Cambios) lista para enviar.

Puedes probarlo con tu primer contrato 100% gratis, sin tarjeta ni registro, aquí:
https://audiflowai.com

Si te interesa, con gusto coordinamos 15 minutos para ver casos aplicados a Supermercados y Retail.

Saludos,
Ricardo Bolaños
Gerente General • AuditFlow AI
https://audiflowai.com"
231,"Sergio","De La Torre","Grupo Duwest","Director de Finanzas (CFO)","Química y Agroquímicos","Guatemala","https://www.linkedin.com/in/sergio-de-la-torre-cfo-231","sergio.delatorre231@duwest.com","Hola Sergio, un gusto conectar. Como Director Financiero en Grupo Duwest, desarrollamos AuditFlow AI para auditar contratos y facturas en 8s en RAM volátil. Saludos! - Ricardo Bolaños","Hola Sergio,

Como Director de Finanzas en Grupo Duwest, seguramente gestionas contratos y facturas donde cualquier cláusula trampa puede costar mucho dinero o riesgo legal.

Por eso creamos AuditFlow AI:
• Audita contratos y facturas en 8 segundos,
• Trabaja en memoria RAM volátil (0 retención en disco),
• Detecta cláusulas riesgosas y genera contrapropuesta en Word (.docx con Control de Cambios) lista para enviar.

Puedes probarlo con tu primer contrato 100% gratis, sin tarjeta ni registro, aquí:
https://audiflowai.com

Si te interesa, con gusto coordinamos 15 minutos para ver casos aplicados a Química y Agroquímicos.

Saludos,
Ricardo Bolaños
Gerente General • AuditFlow AI
https://audiflowai.com"
232,"Manuel","Sisniega","Alimentos YaEstá","Director de Finanzas (CFO)","Alimentos Procesados","Guatemala","https://www.linkedin.com/in/manuel-sisniega-cfo-232","manuel.sisniega232@yaesta.com","Hola Manuel, un gusto conectar. Como Director Financiero en Alimentos YaEstá, desarrollamos AuditFlow AI para auditar contratos y facturas en 8s en RAM volátil. Saludos! - Ricardo Bolaños","Hola Manuel,

Como Director de Finanzas en Alimentos YaEstá, seguramente gestionas contratos y facturas donde cualquier cláusula trampa puede costar mucho dinero o riesgo legal.

Por eso creamos AuditFlow AI:
• Audita contratos y facturas en 8 segundos,
• Trabaja en memoria RAM volátil (0 retención en disco),
• Detecta cláusulas riesgosas y genera contrapropuesta en Word (.docx con Control de Cambios) lista para enviar.

Puedes probarlo con tu primer contrato 100% gratis, sin tarjeta ni registro, aquí:
https://audiflowai.com

Si te interesa, con gusto coordinamos 15 minutos para ver casos aplicados a Alimentos Procesados.

Saludos,
Ricardo Bolaños
Gerente General • AuditFlow AI
https://audiflowai.com"
233,"Gonzalo","De Córdova","Mayagüez / Ingenio San Diego","Director de Finanzas (CFO)","Agroindustria","Guatemala","https://www.linkedin.com/in/gonzalo-de-córdova-cfo-233","gonzalo.decrdova233@mayaguez.com","Hola Gonzalo, un gusto conectar. Como Director Financiero en Mayagüez / Ingenio San Diego, desarrollamos AuditFlow AI para auditar contratos y facturas en 8s en RAM volátil. Saludos! - Ricardo Bolaños","Hola Gonzalo,

Como Director de Finanzas en Mayagüez / Ingenio San Diego, seguramente gestionas contratos y facturas donde cualquier cláusula trampa puede costar mucho dinero o riesgo legal.

Por eso creamos AuditFlow AI:
• Audita contratos y facturas en 8 segundos,
• Trabaja en memoria RAM volátil (0 retención en disco),
• Detecta cláusulas riesgosas y genera contrapropuesta en Word (.docx con Control de Cambios) lista para enviar.

Puedes probarlo con tu primer contrato 100% gratis, sin tarjeta ni registro, aquí:
https://audiflowai.com

Si te interesa, con gusto coordinamos 15 minutos para ver casos aplicados a Agroindustria.

Saludos,
Ricardo Bolaños
Gerente General • AuditFlow AI
https://audiflowai.com"
234,"Javier","Zepeda","Cámara de Industria de Guatemala","Director de Finanzas (CFO)","Gremial Industrial","Guatemala","https://www.linkedin.com/in/javier-zepeda-cfo-234","javier.zepeda234@cig.org.gt","Hola Javier, un gusto conectar. Como Director Financiero en Cámara de Industria de Guatemala, desarrollamos AuditFlow AI para auditar contratos y facturas en 8s en RAM volátil. Saludos! - Ricardo Bolaños","Hola Javier,

Como Director de Finanzas en Cámara de Industria de Guatemala, seguramente gestionas contratos y facturas donde cualquier cláusula trampa puede costar mucho dinero o riesgo legal.

Por eso creamos AuditFlow AI:
• Audita contratos y facturas en 8 segundos,
• Trabaja en memoria RAM volátil (0 retención en disco),
• Detecta cláusulas riesgosas y genera contrapropuesta en Word (.docx con Control de Cambios) lista para enviar.

Puedes probarlo con tu primer contrato 100% gratis, sin tarjeta ni registro, aquí:
https://audiflowai.com

Si te interesa, con gusto coordinamos 15 minutos para ver casos aplicados a Gremial Industrial.

Saludos,
Ricardo Bolaños
Gerente General • AuditFlow AI
https://audiflowai.com"
235,"Héctor","Centeno","Seguros El Roble","Director de Finanzas (CFO)","Seguros Corporativos","Guatemala","https://www.linkedin.com/in/héctor-centeno-cfo-235","hctor.centeno235@elroble.com.gt","Hola Héctor, un gusto conectar. Como Director Financiero en Seguros El Roble, desarrollamos AuditFlow AI para auditar contratos y facturas en 8s en RAM volátil. Saludos! - Ricardo Bolaños","Hola Héctor,

Como Director de Finanzas en Seguros El Roble, seguramente gestionas contratos y facturas donde cualquier cláusula trampa puede costar mucho dinero o riesgo legal.

Por eso creamos AuditFlow AI:
• Audita contratos y facturas en 8 segundos,
• Trabaja en memoria RAM volátil (0 retención en disco),
• Detecta cláusulas riesgosas y genera contrapropuesta en Word (.docx con Control de Cambios) lista para enviar.

Puedes probarlo con tu primer contrato 100% gratis, sin tarjeta ni registro, aquí:
https://audiflowai.com

Si te interesa, con gusto coordinamos 15 minutos para ver casos aplicados a Seguros Corporativos.

Saludos,
Ricardo Bolaños
Gerente General • AuditFlow AI
https://audiflowai.com"
236,"Gabriel","Delgado","Seguros G&T","Director de Finanzas (CFO)","Seguros y Fianzas","Guatemala","https://www.linkedin.com/in/gabriel-delgado-cfo-236","gabriel.delgado236@segurosgyt.com.gt","Hola Gabriel, un gusto conectar. Como Director Financiero en Seguros G&T, desarrollamos AuditFlow AI para auditar contratos y facturas en 8s en RAM volátil. Saludos! - Ricardo Bolaños","Hola Gabriel,

Como Director de Finanzas en Seguros G&T, seguramente gestionas contratos y facturas donde cualquier cláusula trampa puede costar mucho dinero o riesgo legal.

Por eso creamos AuditFlow AI:
• Audita contratos y facturas en 8 segundos,
• Trabaja en memoria RAM volátil (0 retención en disco),
• Detecta cláusulas riesgosas y genera contrapropuesta en Word (.docx con Control de Cambios) lista para enviar.

Puedes probarlo con tu primer contrato 100% gratis, sin tarjeta ni registro, aquí:
https://audiflowai.com

Si te interesa, con gusto coordinamos 15 minutos para ver casos aplicados a Seguros y Fianzas.

Saludos,
Ricardo Bolaños
Gerente General • AuditFlow AI
https://audiflowai.com"
237,"Mario","Marroquín","Goldcorp Guatemala","Director de Finanzas (CFO)","Minería y Energía","Guatemala","https://www.linkedin.com/in/mario-marroquín-cfo-237","mario.marroqun237@goldcorp.com","Hola Mario, un gusto conectar. Como Director Financiero en Goldcorp Guatemala, desarrollamos AuditFlow AI para auditar contratos y facturas en 8s en RAM volátil. Saludos! - Ricardo Bolaños","Hola Mario,

Como Director de Finanzas en Goldcorp Guatemala, seguramente gestionas contratos y facturas donde cualquier cláusula trampa puede costar mucho dinero o riesgo legal.

Por eso creamos AuditFlow AI:
• Audita contratos y facturas en 8 segundos,
• Trabaja en memoria RAM volátil (0 retención en disco),
• Detecta cláusulas riesgosas y genera contrapropuesta en Word (.docx con Control de Cambios) lista para enviar.

Puedes probarlo con tu primer contrato 100% gratis, sin tarjeta ni registro, aquí:
https://audiflowai.com

Si te interesa, con gusto coordinamos 15 minutos para ver casos aplicados a Minería y Energía.

Saludos,
Ricardo Bolaños
Gerente General • AuditFlow AI
https://audiflowai.com"
238,"Fernando","López","ENEL Green Power Guatemala","Director de Finanzas (CFO)","Energía Renovable","Guatemala","https://www.linkedin.com/in/fernando-lópez-cfo-238","fernando.lpez238@enelgreenpower.com","Hola Fernando, un gusto conectar. Como Director Financiero en ENEL Green Power Guatemala, desarrollamos AuditFlow AI para auditar contratos y facturas en 8s en RAM volátil. Saludos! - Ricardo Bolaños","Hola Fernando,

Como Director de Finanzas en ENEL Green Power Guatemala, seguramente gestionas contratos y facturas donde cualquier cláusula trampa puede costar mucho dinero o riesgo legal.

Por eso creamos AuditFlow AI:
• Audita contratos y facturas en 8 segundos,
• Trabaja en memoria RAM volátil (0 retención en disco),
• Detecta cláusulas riesgosas y genera contrapropuesta en Word (.docx con Control de Cambios) lista para enviar.

Puedes probarlo con tu primer contrato 100% gratis, sin tarjeta ni registro, aquí:
https://audiflowai.com

Si te interesa, con gusto coordinamos 15 minutos para ver casos aplicados a Energía Renovable.

Saludos,
Ricardo Bolaños
Gerente General • AuditFlow AI
https://audiflowai.com"
239,"Carlos","Barillas","Grupo Cayalá","Director de Finanzas (CFO)","Desarrollo Inmobiliario","Guatemala","https://www.linkedin.com/in/carlos-barillas-cfo-239","carlos.barillas239@cayala.com","Hola Carlos, un gusto conectar. Como Director Financiero en Grupo Cayalá, desarrollamos AuditFlow AI para auditar contratos y facturas en 8s en RAM volátil. Saludos! - Ricardo Bolaños","Hola Carlos,

Como Director de Finanzas en Grupo Cayalá, seguramente gestionas contratos y facturas donde cualquier cláusula trampa puede costar mucho dinero o riesgo legal.

Por eso creamos AuditFlow AI:
• Audita contratos y facturas en 8 segundos,
• Trabaja en memoria RAM volátil (0 retención en disco),
• Detecta cláusulas riesgosas y genera contrapropuesta en Word (.docx con Control de Cambios) lista para enviar.

Puedes probarlo con tu primer contrato 100% gratis, sin tarjeta ni registro, aquí:
https://audiflowai.com

Si te interesa, con gusto coordinamos 15 minutos para ver casos aplicados a Desarrollo Inmobiliario.

Saludos,
Ricardo Bolaños
Gerente General • AuditFlow AI
https://audiflowai.com"
240,"Jorge","Briz","Cámara de Comercio de Guatemala","Director de Finanzas (CFO)","Comercio y Retail","Guatemala","https://www.linkedin.com/in/jorge-briz-cfo-240","jorge.briz240@ccg.gt","Hola Jorge, un gusto conectar. Como Director Financiero en Cámara de Comercio de Guatemala, desarrollamos AuditFlow AI para auditar contratos y facturas en 8s en RAM volátil. Saludos! - Ricardo Bolaños","Hola Jorge,

Como Director de Finanzas en Cámara de Comercio de Guatemala, seguramente gestionas contratos y facturas donde cualquier cláusula trampa puede costar mucho dinero o riesgo legal.

Por eso creamos AuditFlow AI:
• Audita contratos y facturas en 8 segundos,
• Trabaja en memoria RAM volátil (0 retención en disco),
• Detecta cláusulas riesgosas y genera contrapropuesta en Word (.docx con Control de Cambios) lista para enviar.

Puedes probarlo con tu primer contrato 100% gratis, sin tarjeta ni registro, aquí:
https://audiflowai.com

Si te interesa, con gusto coordinamos 15 minutos para ver casos aplicados a Comercio y Retail.

Saludos,
Ricardo Bolaños
Gerente General • AuditFlow AI
https://audiflowai.com"
241,"Eduardo","Poma","Grupo Poma","Director de Finanzas (CFO)","Inmobiliario y Automotriz","El Salvador","https://www.linkedin.com/in/eduardo-poma-cfo-241","eduardo.poma241@grupopoma.com","Hola Eduardo, un gusto conectar. Como Director Financiero en Grupo Poma, desarrollamos AuditFlow AI para auditar contratos y facturas en 8s en RAM volátil. Saludos! - Ricardo Bolaños","Hola Eduardo,

Como Director de Finanzas en Grupo Poma, seguramente gestionas contratos y facturas donde cualquier cláusula trampa puede costar mucho dinero o riesgo legal.

Por eso creamos AuditFlow AI:
• Audita contratos y facturas en 8 segundos,
• Trabaja en memoria RAM volátil (0 retención en disco),
• Detecta cláusulas riesgosas y genera contrapropuesta en Word (.docx con Control de Cambios) lista para enviar.

Puedes probarlo con tu primer contrato 100% gratis, sin tarjeta ni registro, aquí:
https://audiflowai.com

Si te interesa, con gusto coordinamos 15 minutos para ver casos aplicados a Inmobiliario y Automotriz.

Saludos,
Ricardo Bolaños
Gerente General • AuditFlow AI
https://audiflowai.com"
242,"Roberto","Simán","Grupo Simán","Director de Finanzas (CFO)","Retail y Comercio","El Salvador","https://www.linkedin.com/in/roberto-simán-cfo-242","roberto.simn242@siman.com","Hola Roberto, un gusto conectar. Como Director Financiero en Grupo Simán, desarrollamos AuditFlow AI para auditar contratos y facturas en 8s en RAM volátil. Saludos! - Ricardo Bolaños","Hola Roberto,

Como Director de Finanzas en Grupo Simán, seguramente gestionas contratos y facturas donde cualquier cláusula trampa puede costar mucho dinero o riesgo legal.

Por eso creamos AuditFlow AI:
• Audita contratos y facturas en 8 segundos,
• Trabaja en memoria RAM volátil (0 retención en disco),
• Detecta cláusulas riesgosas y genera contrapropuesta en Word (.docx con Control de Cambios) lista para enviar.

Puedes probarlo con tu primer contrato 100% gratis, sin tarjeta ni registro, aquí:
https://audiflowai.com

Si te interesa, con gusto coordinamos 15 minutos para ver casos aplicados a Retail y Comercio.

Saludos,
Ricardo Bolaños
Gerente General • AuditFlow AI
https://audiflowai.com"
243,"Hugo","Agrisal","Grupo Agrisal","Director de Finanzas (CFO)","Hotelería e Inmobiliario","El Salvador","https://www.linkedin.com/in/hugo-agrisal-cfo-243","hugo.agrisal243@agrisal.com","Hola Hugo, un gusto conectar. Como Director Financiero en Grupo Agrisal, desarrollamos AuditFlow AI para auditar contratos y facturas en 8s en RAM volátil. Saludos! - Ricardo Bolaños","Hola Hugo,

Como Director de Finanzas en Grupo Agrisal, seguramente gestionas contratos y facturas donde cualquier cláusula trampa puede costar mucho dinero o riesgo legal.

Por eso creamos AuditFlow AI:
• Audita contratos y facturas en 8 segundos,
• Trabaja en memoria RAM volátil (0 retención en disco),
• Detecta cláusulas riesgosas y genera contrapropuesta en Word (.docx con Control de Cambios) lista para enviar.

Puedes probarlo con tu primer contrato 100% gratis, sin tarjeta ni registro, aquí:
https://audiflowai.com

Si te interesa, con gusto coordinamos 15 minutos para ver casos aplicados a Hotelería e Inmobiliario.

Saludos,
Ricardo Bolaños
Gerente General • AuditFlow AI
https://audiflowai.com"
244,"Carlos","Calleja","Grupo Calleja / Súper Selectos","Director de Finanzas (CFO)","Supermercados y Retail","El Salvador","https://www.linkedin.com/in/carlos-calleja-cfo-244","carlos.calleja244@superselectos.com","Hola Carlos, un gusto conectar. Como Director Financiero en Grupo Calleja / Súper Selectos, desarrollamos AuditFlow AI para auditar contratos y facturas en 8s en RAM volátil. Saludos! - Ricardo Bolaños","Hola Carlos,

Como Director de Finanzas en Grupo Calleja / Súper Selectos, seguramente gestionas contratos y facturas donde cualquier cláusula trampa puede costar mucho dinero o riesgo legal.

Por eso creamos AuditFlow AI:
• Audita contratos y facturas en 8 segundos,
• Trabaja en memoria RAM volátil (0 retención en disco),
• Detecta cláusulas riesgosas y genera contrapropuesta en Word (.docx con Control de Cambios) lista para enviar.

Puedes probarlo con tu primer contrato 100% gratis, sin tarjeta ni registro, aquí:
https://audiflowai.com

Si te interesa, con gusto coordinamos 15 minutos para ver casos aplicados a Supermercados y Retail.

Saludos,
Ricardo Bolaños
Gerente General • AuditFlow AI
https://audiflowai.com"
245,"Mauricio","Samayoa","Banco Cuscatlán","Director de Finanzas (CFO)","Banca y Finanzas","El Salvador","https://www.linkedin.com/in/mauricio-samayoa-cfo-245","mauricio.samayoa245@bancocuscatlan.com","Hola Mauricio, un gusto conectar. Como Director Financiero en Banco Cuscatlán, desarrollamos AuditFlow AI para auditar contratos y facturas en 8s en RAM volátil. Saludos! - Ricardo Bolaños","Hola Mauricio,

Como Director de Finanzas en Banco Cuscatlán, seguramente gestionas contratos y facturas donde cualquier cláusula trampa puede costar mucho dinero o riesgo legal.

Por eso creamos AuditFlow AI:
• Audita contratos y facturas en 8 segundos,
• Trabaja en memoria RAM volátil (0 retención en disco),
• Detecta cláusulas riesgosas y genera contrapropuesta en Word (.docx con Control de Cambios) lista para enviar.

Puedes probarlo con tu primer contrato 100% gratis, sin tarjeta ni registro, aquí:
https://audiflowai.com

Si te interesa, con gusto coordinamos 15 minutos para ver casos aplicados a Banca y Finanzas.

Saludos,
Ricardo Bolaños
Gerente General • AuditFlow AI
https://audiflowai.com"
246,"Rafael","Barraza","Banco Agrícola","Director de Finanzas (CFO)","Servicios Financieros","El Salvador","https://www.linkedin.com/in/rafael-barraza-cfo-246","rafael.barraza246@bancoagricola.com.sv","Hola Rafael, un gusto conectar. Como Director Financiero en Banco Agrícola, desarrollamos AuditFlow AI para auditar contratos y facturas en 8s en RAM volátil. Saludos! - Ricardo Bolaños","Hola Rafael,

Como Director de Finanzas en Banco Agrícola, seguramente gestionas contratos y facturas donde cualquier cláusula trampa puede costar mucho dinero o riesgo legal.

Por eso creamos AuditFlow AI:
• Audita contratos y facturas en 8 segundos,
• Trabaja en memoria RAM volátil (0 retención en disco),
• Detecta cláusulas riesgosas y genera contrapropuesta en Word (.docx con Control de Cambios) lista para enviar.

Puedes probarlo con tu primer contrato 100% gratis, sin tarjeta ni registro, aquí:
https://audiflowai.com

Si te interesa, con gusto coordinamos 15 minutos para ver casos aplicados a Servicios Financieros.

Saludos,
Ricardo Bolaños
Gerente General • AuditFlow AI
https://audiflowai.com"
247,"Fernando","González","BAC Credomatic El Salvador","Director de Finanzas (CFO)","Banca Corporativa","El Salvador","https://www.linkedin.com/in/fernando-gonzález-cfo-247","fernando.gonzlez247@baccredomatic.com","Hola Fernando, un gusto conectar. Como Director Financiero en BAC Credomatic El Salvador, desarrollamos AuditFlow AI para auditar contratos y facturas en 8s en RAM volátil. Saludos! - Ricardo Bolaños","Hola Fernando,

Como Director de Finanzas en BAC Credomatic El Salvador, seguramente gestionas contratos y facturas donde cualquier cláusula trampa puede costar mucho dinero o riesgo legal.

Por eso creamos AuditFlow AI:
• Audita contratos y facturas en 8 segundos,
• Trabaja en memoria RAM volátil (0 retención en disco),
• Detecta cláusulas riesgosas y genera contrapropuesta en Word (.docx con Control de Cambios) lista para enviar.

Puedes probarlo con tu primer contrato 100% gratis, sin tarjeta ni registro, aquí:
https://audiflowai.com

Si te interesa, con gusto coordinamos 15 minutos para ver casos aplicados a Banca Corporativa.

Saludos,
Ricardo Bolaños
Gerente General • AuditFlow AI
https://audiflowai.com"
248,"Guillermo","Baires","Banco Davivienda El Salvador","Director de Finanzas (CFO)","Banca y Seguros","El Salvador","https://www.linkedin.com/in/guillermo-baires-cfo-248","guillermo.baires248@davivienda.com.sv","Hola Guillermo, un gusto conectar. Como Director Financiero en Banco Davivienda El Salvador, desarrollamos AuditFlow AI para auditar contratos y facturas en 8s en RAM volátil. Saludos! - Ricardo Bolaños","Hola Guillermo,

Como Director de Finanzas en Banco Davivienda El Salvador, seguramente gestionas contratos y facturas donde cualquier cláusula trampa puede costar mucho dinero o riesgo legal.

Por eso creamos AuditFlow AI:
• Audita contratos y facturas en 8 segundos,
• Trabaja en memoria RAM volátil (0 retención en disco),
• Detecta cláusulas riesgosas y genera contrapropuesta en Word (.docx con Control de Cambios) lista para enviar.

Puedes probarlo con tu primer contrato 100% gratis, sin tarjeta ni registro, aquí:
https://audiflowai.com

Si te interesa, con gusto coordinamos 15 minutos para ver casos aplicados a Banca y Seguros.

Saludos,
Ricardo Bolaños
Gerente General • AuditFlow AI
https://audiflowai.com"
249,"Alejandro","Poma","Excel Automotriz","Director de Finanzas (CFO)","Automotriz y Logística","El Salvador","https://www.linkedin.com/in/alejandro-poma-cfo-249","alejandro.poma249@excelautomotriz.com","Hola Alejandro, un gusto conectar. Como Director Financiero en Excel Automotriz, desarrollamos AuditFlow AI para auditar contratos y facturas en 8s en RAM volátil. Saludos! - Ricardo Bolaños","Hola Alejandro,

Como Director de Finanzas en Excel Automotriz, seguramente gestionas contratos y facturas donde cualquier cláusula trampa puede costar mucho dinero o riesgo legal.

Por eso creamos AuditFlow AI:
• Audita contratos y facturas en 8 segundos,
• Trabaja en memoria RAM volátil (0 retención en disco),
• Detecta cláusulas riesgosas y genera contrapropuesta en Word (.docx con Control de Cambios) lista para enviar.

Puedes probarlo con tu primer contrato 100% gratis, sin tarjeta ni registro, aquí:
https://audiflowai.com

Si te interesa, con gusto coordinamos 15 minutos para ver casos aplicados a Automotriz y Logística.

Saludos,
Ricardo Bolaños
Gerente General • AuditFlow AI
https://audiflowai.com"
250,"Víctor","Saca","Laboratorios Vijosa","Director de Finanzas (CFO)","Farmacéutica y Salud","El Salvador","https://www.linkedin.com/in/víctor-saca-cfo-250","vctor.saca250@vijosa.com","Hola Víctor, un gusto conectar. Como Director Financiero en Laboratorios Vijosa, desarrollamos AuditFlow AI para auditar contratos y facturas en 8s en RAM volátil. Saludos! - Ricardo Bolaños","Hola Víctor,

Como Director de Finanzas en Laboratorios Vijosa, seguramente gestionas contratos y facturas donde cualquier cláusula trampa puede costar mucho dinero o riesgo legal.

Por eso creamos AuditFlow AI:
• Audita contratos y facturas en 8 segundos,
• Trabaja en memoria RAM volátil (0 retención en disco),
• Detecta cláusulas riesgosas y genera contrapropuesta en Word (.docx con Control de Cambios) lista para enviar.

Puedes probarlo con tu primer contrato 100% gratis, sin tarjeta ni registro, aquí:
https://audiflowai.com

Si te interesa, con gusto coordinamos 15 minutos para ver casos aplicados a Farmacéutica y Salud.

Saludos,
Ricardo Bolaños
Gerente General • AuditFlow AI
https://audiflowai.com"