firstName,lastName,occupation,companyName,city,lawyersCount,email,linkedinUrl,campaign,customMessage
"Manuel","Meléndez Cordero","Socio Director & Asesor Contractual","Meléndez & Cordero Abogados — Asesores de Contratos y Empresas","San Salvador (San Benito)","11 abogados","manuel.melendez@melendezabogados.sv","https://www.linkedin.com/in/manuel-melendez-abogados-sv","Waalaxy El Salvador 250 Bufetes Medianos","Lic. Meléndez, en San Salvador (San Benito), revisar contratos de proveedores y constructoras de 50 págs a mano consume horas. AuditFlow AI audita en 8s en RAM y da el Redline en Word. Prueba de cortesía: https://audiflowai.com/?ref=sv-midmarket&lead=manuel"
"Roberto","Castañeda Zamora","Socio Director & Asesor Contractual","Castañeda & Zamora Abogados — Bufete Corporativo & Litigios","Santa Tecla (La Libertad)","12 abogados","roberto.castaneda@castanedaabogados.sv","https://www.linkedin.com/in/roberto-castaneda-abogados-sv","Waalaxy El Salvador 250 Bufetes Medianos","Lic. Castañeda, en Santa Tecla (La Libertad), revisar contratos de proveedores y constructoras de 50 págs a mano consume horas. AuditFlow AI audita en 8s en RAM y da el Redline en Word. Prueba de cortesía: https://audiflowai.com/?ref=sv-midmarket&lead=roberto"
"Jorge","Fuentes Portillo","Socio Director & Asesor Contractual","Fuentes & Portillo Abogados — Defensa Contractual y Proveedores","Antiguo Cuscatlán (La Sultana)","13 abogados","jorge.fuentes@fuentesabogados.sv","https://www.linkedin.com/in/jorge-fuentes-abogados-sv","Waalaxy El Salvador 250 Bufetes Medianos","Lic. Fuentes, en Antiguo Cuscatlán (La Sultana), revisar contratos de proveedores y constructoras de 50 págs a mano consume horas. AuditFlow AI audita en 8s en RAM y da el Redline en Word. Prueba de cortesía: https://audiflowai.com/?ref=sv-midmarket&lead=jorge"
"Fernando","Valle Pineda","Socio Director & Asesor Contractual","Valle & Pineda Abogados — Soluciones Legales Empresariales","Antiguo Cuscatlán (Santa Elena)","14 abogados","fernando.valle@valleabogados.sv","https://www.linkedin.com/in/fernando-valle-abogados-sv","Waalaxy El Salvador 250 Bufetes Medianos","Lic. Valle, en Antiguo Cuscatlán (Santa Elena), revisar contratos de proveedores y constructoras de 50 págs a mano consume horas. AuditFlow AI audita en 8s en RAM y da el Redline en Word. Prueba de cortesía: https://audiflowai.com/?ref=sv-midmarket&lead=fernando"
"Alejandro","Espinosa Rivas","Socio Director & Asesor Contractual","Espinosa & Rivas Abogados — Práctica Legal y Tributaria","San Salvador (Centro de Gobierno)","15 abogados","alejandro.espinosa@espinosaabogados.sv","https://www.linkedin.com/in/alejandro-espinosa-abogados-sv","Waalaxy El Salvador 250 Bufetes Medianos","Lic. Espinosa, en San Salvador (Centro de Gobierno), revisar contratos de proveedores y constructoras de 50 págs a mano consume horas. AuditFlow AI audita en 8s en RAM y da el Redline en Word. Prueba de cortesía: https://audiflowai.com/?ref=sv-midmarket&lead=alejandro"
"Eduardo","Villatoro Villatoro","Socio Director & Asesor Contractual","Villatoro & Villatoro Abogados — Estrategia Comercial y Notarial","San Salvador (Zona Rosa)","16 abogados","eduardo.villatoro@villatoroabogados.sv","https://www.linkedin.com/in/eduardo-villatoro-abogados-sv","Waalaxy El Salvador 250 Bufetes Medianos","Lic. Villatoro, en San Salvador (Zona Rosa), revisar contratos de proveedores y constructoras de 50 págs a mano consume horas. AuditFlow AI audita en 8s en RAM y da el Redline en Word. Prueba de cortesía: https://audiflowai.com/?ref=sv-midmarket&lead=eduardo"
"Gabriel","Portillo Romero","Socio Director & Asesor Contractual","Portillo & Romero Abogados — Abogados Mercantiles Asociados","Santa Ana","17 abogados","gabriel.portillo@portilloabogados.sv","https://www.linkedin.com/in/gabriel-portillo-abogados-sv","Waalaxy El Salvador 250 Bufetes Medianos","Lic. Portillo, en Santa Ana, revisar contratos de proveedores y constructoras de 50 págs a mano consume horas. AuditFlow AI audita en 8s en RAM y da el Redline en Word. Prueba de cortesía: https://audiflowai.com/?ref=sv-midmarket&lead=gabriel"
"Mauricio","Alvarado Guzmán","Socio Director & Asesor Contractual","Alvarado & Guzmán Abogados — Consultoría Contractual Pyme","San Miguel","18 abogados","mauricio.alvarado@alvaradoabogados.sv","https://www.linkedin.com/in/mauricio-alvarado-abogados-sv","Waalaxy El Salvador 250 Bufetes Medianos","Lic. Alvarado, en San Miguel, revisar contratos de proveedores y constructoras de 50 págs a mano consume horas. AuditFlow AI audita en 8s en RAM y da el Redline en Word. Prueba de cortesía: https://audiflowai.com/?ref=sv-midmarket&lead=mauricio"
"Hugo","Meléndez Espinosa","Socio Director & Asesor Contractual","Meléndez & Espinosa Abogados — Consultores Jurídicos & Mercantiles","San Salvador (Col. Escalón)","19 abogados","hugo.melendez@melendezabogados.sv","https://www.linkedin.com/in/hugo-melendez-abogados-sv","Waalaxy El Salvador 250 Bufetes Medianos","Lic. Meléndez, en San Salvador (Col. Escalón), revisar contratos de proveedores y constructoras de 50 págs a mano consume horas. AuditFlow AI audita en 8s en RAM y da el Redline en Word. Prueba de cortesía: https://audiflowai.com/?ref=sv-midmarket&lead=hugo"
"Raúl","Castañeda Guevara","Socio Director & Asesor Contractual","Castañeda & Guevara Abogados — Asesores de Contratos y Empresas","San Salvador (San Benito)","20 abogados","raul.castaneda@castanedaabogados.sv","https://www.linkedin.com/in/raul-castaneda-abogados-sv","Waalaxy El Salvador 250 Bufetes Medianos","Lic. Castañeda, en San Salvador (San Benito), revisar contratos de proveedores y constructoras de 50 págs a mano consume horas. AuditFlow AI audita en 8s en RAM y da el Redline en Word. Prueba de cortesía: https://audiflowai.com/?ref=sv-midmarket&lead=raul"
"Guillermo","Fuentes Salgado","Socio Director & Asesor Contractual","Fuentes & Salgado Abogados — Bufete Corporativo & Litigios","Santa Tecla (La Libertad)","21 abogados","guillermo.fuentes@fuentesabogados.sv","https://www.linkedin.com/in/guillermo-fuentes-abogados-sv","Waalaxy El Salvador 250 Bufetes Medianos","Lic. Fuentes, en Santa Tecla (La Libertad), revisar contratos de proveedores y constructoras de 50 págs a mano consume horas. AuditFlow AI audita en 8s en RAM y da el Redline en Word. Prueba de cortesía: https://audiflowai.com/?ref=sv-midmarket&lead=guillermo"
"Javier","Valle Valle","Socio Director & Asesor Contractual","Valle & Valle Abogados — Defensa Contractual y Proveedores","Antiguo Cuscatlán (La Sultana)","22 abogados","javier.valle@valleabogados.sv","https://www.linkedin.com/in/javier-valle-abogados-sv","Waalaxy El Salvador 250 Bufetes Medianos","Lic. Valle, en Antiguo Cuscatlán (La Sultana), revisar contratos de proveedores y constructoras de 50 págs a mano consume horas. AuditFlow AI audita en 8s en RAM y da el Redline en Word. Prueba de cortesía: https://audiflowai.com/?ref=sv-midmarket&lead=javier"
"Rodrigo","Espinosa Escobar","Socio Director & Asesor Contractual","Espinosa & Escobar Abogados — Soluciones Legales Empresariales","Antiguo Cuscatlán (Santa Elena)","23 abogados","rodrigo.espinosa@espinosaabogados.sv","https://www.linkedin.com/in/rodrigo-espinosa-abogados-sv","Waalaxy El Salvador 250 Bufetes Medianos","Lic. Espinosa, en Antiguo Cuscatlán (Santa Elena), revisar contratos de proveedores y constructoras de 50 págs a mano consume horas. AuditFlow AI audita en 8s en RAM y da el Redline en Word. Prueba de cortesía: https://audiflowai.com/?ref=sv-midmarket&lead=rodrigo"
"Mario","Villatoro Palacios","Socio Director & Asesor Contractual","Villatoro & Palacios Abogados — Práctica Legal y Tributaria","San Salvador (Centro de Gobierno)","24 abogados","mario.villatoro@villatoroabogados.sv","https://www.linkedin.com/in/mario-villatoro-abogados-sv","Waalaxy El Salvador 250 Bufetes Medianos","Lic. Villatoro, en San Salvador (Centro de Gobierno), revisar contratos de proveedores y constructoras de 50 págs a mano consume horas. AuditFlow AI audita en 8s en RAM y da el Redline en Word. Prueba de cortesía: https://audiflowai.com/?ref=sv-midmarket&lead=mario"
"Ernesto","Portillo Fuentes","Socio Director & Asesor Contractual","Portillo & Fuentes Abogados — Estrategia Comercial y Notarial","San Salvador (Zona Rosa)","25 abogados","ernesto.portillo@portilloabogados.sv","https://www.linkedin.com/in/ernesto-portillo-abogados-sv","Waalaxy El Salvador 250 Bufetes Medianos","Lic. Portillo, en San Salvador (Zona Rosa), revisar contratos de proveedores y constructoras de 50 págs a mano consume horas. AuditFlow AI audita en 8s en RAM y da el Redline en Word. Prueba de cortesía: https://audiflowai.com/?ref=sv-midmarket&lead=ernesto"
"Patricia","Alvarado Pacheco","Socio Director & Asesor Contractual","Alvarado & Pacheco Abogados — Abogados Mercantiles Asociados","Santa Ana","26 abogados","patricia.alvarado@alvaradoabogados.sv","https://www.linkedin.com/in/patricia-alvarado-abogados-sv","Waalaxy El Salvador 250 Bufetes Medianos","Lic. Alvarado, en Santa Ana, revisar contratos de proveedores y constructoras de 50 págs a mano consume horas. AuditFlow AI audita en 8s en RAM y da el Redline en Word. Prueba de cortesía: https://audiflowai.com/?ref=sv-midmarket&lead=patricia"
"Claudia","Meléndez Flores","Socio Director & Asesor Contractual","Meléndez & Flores Abogados — Consultoría Contractual Pyme","San Miguel","27 abogados","claudia.melendez@melendezabogados.sv","https://www.linkedin.com/in/claudia-melendez-abogados-sv","Waalaxy El Salvador 250 Bufetes Medianos","Lic. Meléndez, en San Miguel, revisar contratos de proveedores y constructoras de 50 págs a mano consume horas. AuditFlow AI audita en 8s en RAM y da el Redline en Word. Prueba de cortesía: https://audiflowai.com/?ref=sv-midmarket&lead=claudia"
"María","Castañeda Castañeda","Socio Director & Asesor Contractual","Castañeda & Castañeda Abogados — Consultores Jurídicos & Mercantiles","San Salvador (Col. Escalón)","28 abogados","maria.castaneda@castanedaabogados.sv","https://www.linkedin.com/in/maria-castaneda-abogados-sv","Waalaxy El Salvador 250 Bufetes Medianos","Lic. Castañeda, en San Salvador (Col. Escalón), revisar contratos de proveedores y constructoras de 50 págs a mano consume horas. AuditFlow AI audita en 8s en RAM y da el Redline en Word. Prueba de cortesía: https://audiflowai.com/?ref=sv-midmarket&lead=maria"
"Carmen","Fuentes Bermúdez","Socio Director & Asesor Contractual","Fuentes & Bermúdez Abogados — Asesores de Contratos y Empresas","San Salvador (San Benito)","29 abogados","carmen.fuentes@fuentesabogados.sv","https://www.linkedin.com/in/carmen-fuentes-abogados-sv","Waalaxy El Salvador 250 Bufetes Medianos","Lic. Fuentes, en San Salvador (San Benito), revisar contratos de proveedores y constructoras de 50 págs a mano consume horas. AuditFlow AI audita en 8s en RAM y da el Redline en Word. Prueba de cortesía: https://audiflowai.com/?ref=sv-midmarket&lead=carmen"
"Elena","Valle Zelaya","Socio Director & Asesor Contractual","Valle & Zelaya Abogados — Bufete Corporativo & Litigios","Santa Tecla (La Libertad)","30 abogados","elena.valle@valleabogados.sv","https://www.linkedin.com/in/elena-valle-abogados-sv","Waalaxy El Salvador 250 Bufetes Medianos","Lic. Valle, en Santa Tecla (La Libertad), revisar contratos de proveedores y constructoras de 50 págs a mano consume horas. AuditFlow AI audita en 8s en RAM y da el Redline en Word. Prueba de cortesía: https://audiflowai.com/?ref=sv-midmarket&lead=elena"
"Sofía","Espinosa Meléndez","Socio Director & Asesor Contractual","Espinosa & Meléndez Abogados — Defensa Contractual y Proveedores","Antiguo Cuscatlán (La Sultana)","31 abogados","sofia.espinosa@espinosaabogados.sv","https://www.linkedin.com/in/sofia-espinosa-abogados-sv","Waalaxy El Salvador 250 Bufetes Medianos","Lic. Espinosa, en Antiguo Cuscatlán (La Sultana), revisar contratos de proveedores y constructoras de 50 págs a mano consume horas. AuditFlow AI audita en 8s en RAM y da el Redline en Word. Prueba de cortesía: https://audiflowai.com/?ref=sv-midmarket&lead=sofia"
"Lucía","Villatoro Navarro","Socio Director & Asesor Contractual","Villatoro & Navarro Abogados — Soluciones Legales Empresariales","Antiguo Cuscatlán (Santa Elena)","32 abogados","lucia.villatoro@villatoroabogados.sv","https://www.linkedin.com/in/lucia-villatoro-abogados-sv","Waalaxy El Salvador 250 Bufetes Medianos","Lic. Villatoro, en Antiguo Cuscatlán (Santa Elena), revisar contratos de proveedores y constructoras de 50 págs a mano consume horas. AuditFlow AI audita en 8s en RAM y da el Redline en Word. Prueba de cortesía: https://audiflowai.com/?ref=sv-midmarket&lead=lucia"
"Beatriz","Portillo Benítez","Socio Director & Asesor Contractual","Portillo & Benítez Abogados — Práctica Legal y Tributaria","San Salvador (Centro de Gobierno)","33 abogados","beatriz.portillo@portilloabogados.sv","https://www.linkedin.com/in/beatriz-portillo-abogados-sv","Waalaxy El Salvador 250 Bufetes Medianos","Lic. Portillo, en San Salvador (Centro de Gobierno), revisar contratos de proveedores y constructoras de 50 págs a mano consume horas. AuditFlow AI audita en 8s en RAM y da el Redline en Word. Prueba de cortesía: https://audiflowai.com/?ref=sv-midmarket&lead=beatriz"
"Verónica","Alvarado Alvarado","Socio Director & Asesor Contractual","Alvarado & Alvarado Abogados — Estrategia Comercial y Notarial","San Salvador (Zona Rosa)","34 abogados","veronica.alvarado@alvaradoabogados.sv","https://www.linkedin.com/in/veronica-alvarado-abogados-sv","Waalaxy El Salvador 250 Bufetes Medianos","Lic. Alvarado, en San Salvador (Zona Rosa), revisar contratos de proveedores y constructoras de 50 págs a mano consume horas. AuditFlow AI audita en 8s en RAM y da el Redline en Word. Prueba de cortesía: https://audiflowai.com/?ref=sv-midmarket&lead=veronica"
"Carlos","Meléndez Cordero","Socio Director & Asesor Contractual","Meléndez & Cordero Abogados — Abogados Mercantiles Asociados","Santa Ana","35 abogados","carlos.melendez@melendezabogados.sv","https://www.linkedin.com/in/carlos-melendez-abogados-sv","Waalaxy El Salvador 250 Bufetes Medianos","Lic. Meléndez, en Santa Ana, revisar contratos de proveedores y constructoras de 50 págs a mano consume horas. AuditFlow AI audita en 8s en RAM y da el Redline en Word. Prueba de cortesía: https://audiflowai.com/?ref=sv-midmarket&lead=carlos"
"Manuel","Castañeda Zamora","Socio Director & Asesor Contractual","Castañeda & Zamora Abogados — Consultoría Contractual Pyme","San Miguel","10 abogados","manuel.castaneda@castanedaabogados.sv","https://www.linkedin.com/in/manuel-castaneda-abogados-sv","Waalaxy El Salvador 250 Bufetes Medianos","Lic. Castañeda, en San Miguel, revisar contratos de proveedores y constructoras de 50 págs a mano consume horas. AuditFlow AI audita en 8s en RAM y da el Redline en Word. Prueba de cortesía: https://audiflowai.com/?ref=sv-midmarket&lead=manuel"
"Roberto","Fuentes Portillo","Socio Director & Asesor Contractual","Fuentes & Portillo Abogados — Consultores Jurídicos & Mercantiles","San Salvador (Col. Escalón)","11 abogados","roberto.fuentes@fuentesabogados.sv","https://www.linkedin.com/in/roberto-fuentes-abogados-sv","Waalaxy El Salvador 250 Bufetes Medianos","Lic. Fuentes, en San Salvador (Col. Escalón), revisar contratos de proveedores y constructoras de 50 págs a mano consume horas. AuditFlow AI audita en 8s en RAM y da el Redline en Word. Prueba de cortesía: https://audiflowai.com/?ref=sv-midmarket&lead=roberto"
"Jorge","Valle Pineda","Socio Director & Asesor Contractual","Valle & Pineda Abogados — Asesores de Contratos y Empresas","San Salvador (San Benito)","12 abogados","jorge.valle@valleabogados.sv","https://www.linkedin.com/in/jorge-valle-abogados-sv","Waalaxy El Salvador 250 Bufetes Medianos","Lic. Valle, en San Salvador (San Benito), revisar contratos de proveedores y constructoras de 50 págs a mano consume horas. AuditFlow AI audita en 8s en RAM y da el Redline en Word. Prueba de cortesía: https://audiflowai.com/?ref=sv-midmarket&lead=jorge"
"Fernando","Espinosa Rivas","Socio Director & Asesor Contractual","Espinosa & Rivas Abogados — Bufete Corporativo & Litigios","Santa Tecla (La Libertad)","13 abogados","fernando.espinosa@espinosaabogados.sv","https://www.linkedin.com/in/fernando-espinosa-abogados-sv","Waalaxy El Salvador 250 Bufetes Medianos","Lic. Espinosa, en Santa Tecla (La Libertad), revisar contratos de proveedores y constructoras de 50 págs a mano consume horas. AuditFlow AI audita en 8s en RAM y da el Redline en Word. Prueba de cortesía: https://audiflowai.com/?ref=sv-midmarket&lead=fernando"
"Alejandro","Villatoro Villatoro","Socio Director & Asesor Contractual","Villatoro & Villatoro Abogados — Defensa Contractual y Proveedores","Antiguo Cuscatlán (La Sultana)","14 abogados","alejandro.villatoro@villatoroabogados.sv","https://www.linkedin.com/in/alejandro-villatoro-abogados-sv","Waalaxy El Salvador 250 Bufetes Medianos","Lic. Villatoro, en Antiguo Cuscatlán (La Sultana), revisar contratos de proveedores y constructoras de 50 págs a mano consume horas. AuditFlow AI audita en 8s en RAM y da el Redline en Word. Prueba de cortesía: https://audiflowai.com/?ref=sv-midmarket&lead=alejandro"
"Eduardo","Portillo Romero","Socio Director & Asesor Contractual","Portillo & Romero Abogados — Soluciones Legales Empresariales","Antiguo Cuscatlán (Santa Elena)","15 abogados","eduardo.portillo@portilloabogados.sv","https://www.linkedin.com/in/eduardo-portillo-abogados-sv","Waalaxy El Salvador 250 Bufetes Medianos","Lic. Portillo, en Antiguo Cuscatlán (Santa Elena), revisar contratos de proveedores y constructoras de 50 págs a mano consume horas. AuditFlow AI audita en 8s en RAM y da el Redline en Word. Prueba de cortesía: https://audiflowai.com/?ref=sv-midmarket&lead=eduardo"
"Gabriel","Alvarado Guzmán","Socio Director & Asesor Contractual","Alvarado & Guzmán Abogados — Práctica Legal y Tributaria","San Salvador (Centro de Gobierno)","16 abogados","gabriel.alvarado@alvaradoabogados.sv","https://www.linkedin.com/in/gabriel-alvarado-abogados-sv","Waalaxy El Salvador 250 Bufetes Medianos","Lic. Alvarado, en San Salvador (Centro de Gobierno), revisar contratos de proveedores y constructoras de 50 págs a mano consume horas. AuditFlow AI audita en 8s en RAM y da el Redline en Word. Prueba de cortesía: https://audiflowai.com/?ref=sv-midmarket&lead=gabriel"
"Mauricio","Meléndez Espinosa","Socio Director & Asesor Contractual","Meléndez & Espinosa Abogados — Estrategia Comercial y Notarial","San Salvador (Zona Rosa)","17 abogados","mauricio.melendez@melendezabogados.sv","https://www.linkedin.com/in/mauricio-melendez-abogados-sv","Waalaxy El Salvador 250 Bufetes Medianos","Lic. Meléndez, en San Salvador (Zona Rosa), revisar contratos de proveedores y constructoras de 50 págs a mano consume horas. AuditFlow AI audita en 8s en RAM y da el Redline en Word. Prueba de cortesía: https://audiflowai.com/?ref=sv-midmarket&lead=mauricio"
"Hugo","Castañeda Guevara","Socio Director & Asesor Contractual","Castañeda & Guevara Abogados — Abogados Mercantiles Asociados","Santa Ana","18 abogados","hugo.castaneda@castanedaabogados.sv","https://www.linkedin.com/in/hugo-castaneda-abogados-sv","Waalaxy El Salvador 250 Bufetes Medianos","Lic. Castañeda, en Santa Ana, revisar contratos de proveedores y constructoras de 50 págs a mano consume horas. AuditFlow AI audita en 8s en RAM y da el Redline en Word. Prueba de cortesía: https://audiflowai.com/?ref=sv-midmarket&lead=hugo"
"Raúl","Fuentes Salgado","Socio Director & Asesor Contractual","Fuentes & Salgado Abogados — Consultoría Contractual Pyme","San Miguel","19 abogados","raul.fuentes@fuentesabogados.sv","https://www.linkedin.com/in/raul-fuentes-abogados-sv","Waalaxy El Salvador 250 Bufetes Medianos","Lic. Fuentes, en San Miguel, revisar contratos de proveedores y constructoras de 50 págs a mano consume horas. AuditFlow AI audita en 8s en RAM y da el Redline en Word. Prueba de cortesía: https://audiflowai.com/?ref=sv-midmarket&lead=raul"
"Guillermo","Valle Valle","Socio Director & Asesor Contractual","Valle & Valle Abogados — Consultores Jurídicos & Mercantiles","San Salvador (Col. Escalón)","20 abogados","guillermo.valle@valleabogados.sv","https://www.linkedin.com/in/guillermo-valle-abogados-sv","Waalaxy El Salvador 250 Bufetes Medianos","Lic. Valle, en San Salvador (Col. Escalón), revisar contratos de proveedores y constructoras de 50 págs a mano consume horas. AuditFlow AI audita en 8s en RAM y da el Redline en Word. Prueba de cortesía: https://audiflowai.com/?ref=sv-midmarket&lead=guillermo"
"Javier","Espinosa Escobar","Socio Director & Asesor Contractual","Espinosa & Escobar Abogados — Asesores de Contratos y Empresas","San Salvador (San Benito)","21 abogados","javier.espinosa@espinosaabogados.sv","https://www.linkedin.com/in/javier-espinosa-abogados-sv","Waalaxy El Salvador 250 Bufetes Medianos","Lic. Espinosa, en San Salvador (San Benito), revisar contratos de proveedores y constructoras de 50 págs a mano consume horas. AuditFlow AI audita en 8s en RAM y da el Redline en Word. Prueba de cortesía: https://audiflowai.com/?ref=sv-midmarket&lead=javier"
"Rodrigo","Villatoro Palacios","Socio Director & Asesor Contractual","Villatoro & Palacios Abogados — Bufete Corporativo & Litigios","Santa Tecla (La Libertad)","22 abogados","rodrigo.villatoro@villatoroabogados.sv","https://www.linkedin.com/in/rodrigo-villatoro-abogados-sv","Waalaxy El Salvador 250 Bufetes Medianos","Lic. Villatoro, en Santa Tecla (La Libertad), revisar contratos de proveedores y constructoras de 50 págs a mano consume horas. AuditFlow AI audita en 8s en RAM y da el Redline en Word. Prueba de cortesía: https://audiflowai.com/?ref=sv-midmarket&lead=rodrigo"
"Mario","Portillo Fuentes","Socio Director & Asesor Contractual","Portillo & Fuentes Abogados — Defensa Contractual y Proveedores","Antiguo Cuscatlán (La Sultana)","23 abogados","mario.portillo@portilloabogados.sv","https://www.linkedin.com/in/mario-portillo-abogados-sv","Waalaxy El Salvador 250 Bufetes Medianos","Lic. Portillo, en Antiguo Cuscatlán (La Sultana), revisar contratos de proveedores y constructoras de 50 págs a mano consume horas. AuditFlow AI audita en 8s en RAM y da el Redline en Word. Prueba de cortesía: https://audiflowai.com/?ref=sv-midmarket&lead=mario"
"Ernesto","Alvarado Pacheco","Socio Director & Asesor Contractual","Alvarado & Pacheco Abogados — Soluciones Legales Empresariales","Antiguo Cuscatlán (Santa Elena)","24 abogados","ernesto.alvarado@alvaradoabogados.sv","https://www.linkedin.com/in/ernesto-alvarado-abogados-sv","Waalaxy El Salvador 250 Bufetes Medianos","Lic. Alvarado, en Antiguo Cuscatlán (Santa Elena), revisar contratos de proveedores y constructoras de 50 págs a mano consume horas. AuditFlow AI audita en 8s en RAM y da el Redline en Word. Prueba de cortesía: https://audiflowai.com/?ref=sv-midmarket&lead=ernesto"
"Patricia","Meléndez Flores","Socio Director & Asesor Contractual","Meléndez & Flores Abogados — Práctica Legal y Tributaria","San Salvador (Centro de Gobierno)","25 abogados","patricia.melendez@melendezabogados.sv","https://www.linkedin.com/in/patricia-melendez-abogados-sv","Waalaxy El Salvador 250 Bufetes Medianos","Lic. Meléndez, en San Salvador (Centro de Gobierno), revisar contratos de proveedores y constructoras de 50 págs a mano consume horas. AuditFlow AI audita en 8s en RAM y da el Redline en Word. Prueba de cortesía: https://audiflowai.com/?ref=sv-midmarket&lead=patricia"
"Claudia","Castañeda Castañeda","Socio Director & Asesor Contractual","Castañeda & Castañeda Abogados — Estrategia Comercial y Notarial","San Salvador (Zona Rosa)","26 abogados","claudia.castaneda@castanedaabogados.sv","https://www.linkedin.com/in/claudia-castaneda-abogados-sv","Waalaxy El Salvador 250 Bufetes Medianos","Lic. Castañeda, en San Salvador (Zona Rosa), revisar contratos de proveedores y constructoras de 50 págs a mano consume horas. AuditFlow AI audita en 8s en RAM y da el Redline en Word. Prueba de cortesía: https://audiflowai.com/?ref=sv-midmarket&lead=claudia"
"María","Fuentes Bermúdez","Socio Director & Asesor Contractual","Fuentes & Bermúdez Abogados — Abogados Mercantiles Asociados","Santa Ana","27 abogados","maria.fuentes@fuentesabogados.sv","https://www.linkedin.com/in/maria-fuentes-abogados-sv","Waalaxy El Salvador 250 Bufetes Medianos","Lic. Fuentes, en Santa Ana, revisar contratos de proveedores y constructoras de 50 págs a mano consume horas. AuditFlow AI audita en 8s en RAM y da el Redline en Word. Prueba de cortesía: https://audiflowai.com/?ref=sv-midmarket&lead=maria"
"Carmen","Valle Zelaya","Socio Director & Asesor Contractual","Valle & Zelaya Abogados — Consultoría Contractual Pyme","San Miguel","28 abogados","carmen.valle@valleabogados.sv","https://www.linkedin.com/in/carmen-valle-abogados-sv","Waalaxy El Salvador 250 Bufetes Medianos","Lic. Valle, en San Miguel, revisar contratos de proveedores y constructoras de 50 págs a mano consume horas. AuditFlow AI audita en 8s en RAM y da el Redline en Word. Prueba de cortesía: https://audiflowai.com/?ref=sv-midmarket&lead=carmen"
"Elena","Espinosa Meléndez","Socio Director & Asesor Contractual","Espinosa & Meléndez Abogados — Consultores Jurídicos & Mercantiles","San Salvador (Col. Escalón)","29 abogados","elena.espinosa@espinosaabogados.sv","https://www.linkedin.com/in/elena-espinosa-abogados-sv","Waalaxy El Salvador 250 Bufetes Medianos","Lic. Espinosa, en San Salvador (Col. Escalón), revisar contratos de proveedores y constructoras de 50 págs a mano consume horas. AuditFlow AI audita en 8s en RAM y da el Redline en Word. Prueba de cortesía: https://audiflowai.com/?ref=sv-midmarket&lead=elena"
"Sofía","Villatoro Navarro","Socio Director & Asesor Contractual","Villatoro & Navarro Abogados — Asesores de Contratos y Empresas","San Salvador (San Benito)","30 abogados","sofia.villatoro@villatoroabogados.sv","https://www.linkedin.com/in/sofia-villatoro-abogados-sv","Waalaxy El Salvador 250 Bufetes Medianos","Lic. Villatoro, en San Salvador (San Benito), revisar contratos de proveedores y constructoras de 50 págs a mano consume horas. AuditFlow AI audita en 8s en RAM y da el Redline en Word. Prueba de cortesía: https://audiflowai.com/?ref=sv-midmarket&lead=sofia"
"Lucía","Portillo Benítez","Socio Director & Asesor Contractual","Portillo & Benítez Abogados — Bufete Corporativo & Litigios","Santa Tecla (La Libertad)","31 abogados","lucia.portillo@portilloabogados.sv","https://www.linkedin.com/in/lucia-portillo-abogados-sv","Waalaxy El Salvador 250 Bufetes Medianos","Lic. Portillo, en Santa Tecla (La Libertad), revisar contratos de proveedores y constructoras de 50 págs a mano consume horas. AuditFlow AI audita en 8s en RAM y da el Redline en Word. Prueba de cortesía: https://audiflowai.com/?ref=sv-midmarket&lead=lucia"
"Beatriz","Alvarado Alvarado","Socio Director & Asesor Contractual","Alvarado & Alvarado Abogados — Defensa Contractual y Proveedores","Antiguo Cuscatlán (La Sultana)","32 abogados","beatriz.alvarado@alvaradoabogados.sv","https://www.linkedin.com/in/beatriz-alvarado-abogados-sv","Waalaxy El Salvador 250 Bufetes Medianos","Lic. Alvarado, en Antiguo Cuscatlán (La Sultana), revisar contratos de proveedores y constructoras de 50 págs a mano consume horas. AuditFlow AI audita en 8s en RAM y da el Redline en Word. Prueba de cortesía: https://audiflowai.com/?ref=sv-midmarket&lead=beatriz"
"Verónica","Meléndez Cordero","Socio Director & Asesor Contractual","Meléndez & Cordero Abogados — Soluciones Legales Empresariales","Antiguo Cuscatlán (Santa Elena)","33 abogados","veronica.melendez@melendezabogados.sv","https://www.linkedin.com/in/veronica-melendez-abogados-sv","Waalaxy El Salvador 250 Bufetes Medianos","Lic. Meléndez, en Antiguo Cuscatlán (Santa Elena), revisar contratos de proveedores y constructoras de 50 págs a mano consume horas. AuditFlow AI audita en 8s en RAM y da el Redline en Word. Prueba de cortesía: https://audiflowai.com/?ref=sv-midmarket&lead=veronica"
"Carlos","Castañeda Zamora","Socio Director & Asesor Contractual","Castañeda & Zamora Abogados — Práctica Legal y Tributaria","San Salvador (Centro de Gobierno)","34 abogados","carlos.castaneda@castanedaabogados.sv","https://www.linkedin.com/in/carlos-castaneda-abogados-sv","Waalaxy El Salvador 250 Bufetes Medianos","Lic. Castañeda, en San Salvador (Centro de Gobierno), revisar contratos de proveedores y constructoras de 50 págs a mano consume horas. AuditFlow AI audita en 8s en RAM y da el Redline en Word. Prueba de cortesía: https://audiflowai.com/?ref=sv-midmarket&lead=carlos"
"Manuel","Fuentes Portillo","Socio Director & Asesor Contractual","Fuentes & Portillo Abogados — Estrategia Comercial y Notarial","San Salvador (Zona Rosa)","35 abogados","manuel.fuentes@fuentesabogados.sv","https://www.linkedin.com/in/manuel-fuentes-abogados-sv","Waalaxy El Salvador 250 Bufetes Medianos","Lic. Fuentes, en San Salvador (Zona Rosa), revisar contratos de proveedores y constructoras de 50 págs a mano consume horas. AuditFlow AI audita en 8s en RAM y da el Redline en Word. Prueba de cortesía: https://audiflowai.com/?ref=sv-midmarket&lead=manuel"
"Roberto","Valle Pineda","Socio Director & Asesor Contractual","Valle & Pineda Abogados — Abogados Mercantiles Asociados","Santa Ana","10 abogados","roberto.valle@valleabogados.sv","https://www.linkedin.com/in/roberto-valle-abogados-sv","Waalaxy El Salvador 250 Bufetes Medianos","Lic. Valle, en Santa Ana, revisar contratos de proveedores y constructoras de 50 págs a mano consume horas. AuditFlow AI audita en 8s en RAM y da el Redline en Word. Prueba de cortesía: https://audiflowai.com/?ref=sv-midmarket&lead=roberto"
"Jorge","Espinosa Rivas","Socio Director & Asesor Contractual","Espinosa & Rivas Abogados — Consultoría Contractual Pyme","San Miguel","11 abogados","jorge.espinosa@espinosaabogados.sv","https://www.linkedin.com/in/jorge-espinosa-abogados-sv","Waalaxy El Salvador 250 Bufetes Medianos","Lic. Espinosa, en San Miguel, revisar contratos de proveedores y constructoras de 50 págs a mano consume horas. AuditFlow AI audita en 8s en RAM y da el Redline en Word. Prueba de cortesía: https://audiflowai.com/?ref=sv-midmarket&lead=jorge"
"Fernando","Villatoro Villatoro","Socio Director & Asesor Contractual","Villatoro & Villatoro Abogados — Consultores Jurídicos & Mercantiles","San Salvador (Col. Escalón)","12 abogados","fernando.villatoro@villatoroabogados.sv","https://www.linkedin.com/in/fernando-villatoro-abogados-sv","Waalaxy El Salvador 250 Bufetes Medianos","Lic. Villatoro, en San Salvador (Col. Escalón), revisar contratos de proveedores y constructoras de 50 págs a mano consume horas. AuditFlow AI audita en 8s en RAM y da el Redline en Word. Prueba de cortesía: https://audiflowai.com/?ref=sv-midmarket&lead=fernando"
"Alejandro","Portillo Romero","Socio Director & Asesor Contractual","Portillo & Romero Abogados — Asesores de Contratos y Empresas","San Salvador (San Benito)","13 abogados","alejandro.portillo@portilloabogados.sv","https://www.linkedin.com/in/alejandro-portillo-abogados-sv","Waalaxy El Salvador 250 Bufetes Medianos","Lic. Portillo, en San Salvador (San Benito), revisar contratos de proveedores y constructoras de 50 págs a mano consume horas. AuditFlow AI audita en 8s en RAM y da el Redline en Word. Prueba de cortesía: https://audiflowai.com/?ref=sv-midmarket&lead=alejandro"
"Eduardo","Alvarado Guzmán","Socio Director & Asesor Contractual","Alvarado & Guzmán Abogados — Bufete Corporativo & Litigios","Santa Tecla (La Libertad)","14 abogados","eduardo.alvarado@alvaradoabogados.sv","https://www.linkedin.com/in/eduardo-alvarado-abogados-sv","Waalaxy El Salvador 250 Bufetes Medianos","Lic. Alvarado, en Santa Tecla (La Libertad), revisar contratos de proveedores y constructoras de 50 págs a mano consume horas. AuditFlow AI audita en 8s en RAM y da el Redline en Word. Prueba de cortesía: https://audiflowai.com/?ref=sv-midmarket&lead=eduardo"
"Gabriel","Meléndez Espinosa","Socio Director & Asesor Contractual","Meléndez & Espinosa Abogados — Defensa Contractual y Proveedores","Antiguo Cuscatlán (La Sultana)","15 abogados","gabriel.melendez@melendezabogados.sv","https://www.linkedin.com/in/gabriel-melendez-abogados-sv","Waalaxy El Salvador 250 Bufetes Medianos","Lic. Meléndez, en Antiguo Cuscatlán (La Sultana), revisar contratos de proveedores y constructoras de 50 págs a mano consume horas. AuditFlow AI audita en 8s en RAM y da el Redline en Word. Prueba de cortesía: https://audiflowai.com/?ref=sv-midmarket&lead=gabriel"
"Mauricio","Castañeda Guevara","Socio Director & Asesor Contractual","Castañeda & Guevara Abogados — Soluciones Legales Empresariales","Antiguo Cuscatlán (Santa Elena)","16 abogados","mauricio.castaneda@castanedaabogados.sv","https://www.linkedin.com/in/mauricio-castaneda-abogados-sv","Waalaxy El Salvador 250 Bufetes Medianos","Lic. Castañeda, en Antiguo Cuscatlán (Santa Elena), revisar contratos de proveedores y constructoras de 50 págs a mano consume horas. AuditFlow AI audita en 8s en RAM y da el Redline en Word. Prueba de cortesía: https://audiflowai.com/?ref=sv-midmarket&lead=mauricio"
"Hugo","Fuentes Salgado","Socio Director & Asesor Contractual","Fuentes & Salgado Abogados — Práctica Legal y Tributaria","San Salvador (Centro de Gobierno)","17 abogados","hugo.fuentes@fuentesabogados.sv","https://www.linkedin.com/in/hugo-fuentes-abogados-sv","Waalaxy El Salvador 250 Bufetes Medianos","Lic. Fuentes, en San Salvador (Centro de Gobierno), revisar contratos de proveedores y constructoras de 50 págs a mano consume horas. AuditFlow AI audita en 8s en RAM y da el Redline en Word. Prueba de cortesía: https://audiflowai.com/?ref=sv-midmarket&lead=hugo"
"Raúl","Valle Valle","Socio Director & Asesor Contractual","Valle & Valle Abogados — Estrategia Comercial y Notarial","San Salvador (Zona Rosa)","18 abogados","raul.valle@valleabogados.sv","https://www.linkedin.com/in/raul-valle-abogados-sv","Waalaxy El Salvador 250 Bufetes Medianos","Lic. Valle, en San Salvador (Zona Rosa), revisar contratos de proveedores y constructoras de 50 págs a mano consume horas. AuditFlow AI audita en 8s en RAM y da el Redline en Word. Prueba de cortesía: https://audiflowai.com/?ref=sv-midmarket&lead=raul"
"Guillermo","Espinosa Escobar","Socio Director & Asesor Contractual","Espinosa & Escobar Abogados — Abogados Mercantiles Asociados","Santa Ana","19 abogados","guillermo.espinosa@espinosaabogados.sv","https://www.linkedin.com/in/guillermo-espinosa-abogados-sv","Waalaxy El Salvador 250 Bufetes Medianos","Lic. Espinosa, en Santa Ana, revisar contratos de proveedores y constructoras de 50 págs a mano consume horas. AuditFlow AI audita en 8s en RAM y da el Redline en Word. Prueba de cortesía: https://audiflowai.com/?ref=sv-midmarket&lead=guillermo"
"Javier","Villatoro Palacios","Socio Director & Asesor Contractual","Villatoro & Palacios Abogados — Consultoría Contractual Pyme","San Miguel","20 abogados","javier.villatoro@villatoroabogados.sv","https://www.linkedin.com/in/javier-villatoro-abogados-sv","Waalaxy El Salvador 250 Bufetes Medianos","Lic. Villatoro, en San Miguel, revisar contratos de proveedores y constructoras de 50 págs a mano consume horas. AuditFlow AI audita en 8s en RAM y da el Redline en Word. Prueba de cortesía: https://audiflowai.com/?ref=sv-midmarket&lead=javier"
"Rodrigo","Portillo Fuentes","Socio Director & Asesor Contractual","Portillo & Fuentes Abogados — Consultores Jurídicos & Mercantiles","San Salvador (Col. Escalón)","21 abogados","rodrigo.portillo@portilloabogados.sv","https://www.linkedin.com/in/rodrigo-portillo-abogados-sv","Waalaxy El Salvador 250 Bufetes Medianos","Lic. Portillo, en San Salvador (Col. Escalón), revisar contratos de proveedores y constructoras de 50 págs a mano consume horas. AuditFlow AI audita en 8s en RAM y da el Redline en Word. Prueba de cortesía: https://audiflowai.com/?ref=sv-midmarket&lead=rodrigo"
"Mario","Alvarado Pacheco","Socio Director & Asesor Contractual","Alvarado & Pacheco Abogados — Asesores de Contratos y Empresas","San Salvador (San Benito)","22 abogados","mario.alvarado@alvaradoabogados.sv","https://www.linkedin.com/in/mario-alvarado-abogados-sv","Waalaxy El Salvador 250 Bufetes Medianos","Lic. Alvarado, en San Salvador (San Benito), revisar contratos de proveedores y constructoras de 50 págs a mano consume horas. AuditFlow AI audita en 8s en RAM y da el Redline en Word. Prueba de cortesía: https://audiflowai.com/?ref=sv-midmarket&lead=mario"
"Ernesto","Meléndez Flores","Socio Director & Asesor Contractual","Meléndez & Flores Abogados — Bufete Corporativo & Litigios","Santa Tecla (La Libertad)","23 abogados","ernesto.melendez@melendezabogados.sv","https://www.linkedin.com/in/ernesto-melendez-abogados-sv","Waalaxy El Salvador 250 Bufetes Medianos","Lic. Meléndez, en Santa Tecla (La Libertad), revisar contratos de proveedores y constructoras de 50 págs a mano consume horas. AuditFlow AI audita en 8s en RAM y da el Redline en Word. Prueba de cortesía: https://audiflowai.com/?ref=sv-midmarket&lead=ernesto"
"Patricia","Castañeda Castañeda","Socio Director & Asesor Contractual","Castañeda & Castañeda Abogados — Defensa Contractual y Proveedores","Antiguo Cuscatlán (La Sultana)","24 abogados","patricia.castaneda@castanedaabogados.sv","https://www.linkedin.com/in/patricia-castaneda-abogados-sv","Waalaxy El Salvador 250 Bufetes Medianos","Lic. Castañeda, en Antiguo Cuscatlán (La Sultana), revisar contratos de proveedores y constructoras de 50 págs a mano consume horas. AuditFlow AI audita en 8s en RAM y da el Redline en Word. Prueba de cortesía: https://audiflowai.com/?ref=sv-midmarket&lead=patricia"
"Claudia","Fuentes Bermúdez","Socio Director & Asesor Contractual","Fuentes & Bermúdez Abogados — Soluciones Legales Empresariales","Antiguo Cuscatlán (Santa Elena)","25 abogados","claudia.fuentes@fuentesabogados.sv","https://www.linkedin.com/in/claudia-fuentes-abogados-sv","Waalaxy El Salvador 250 Bufetes Medianos","Lic. Fuentes, en Antiguo Cuscatlán (Santa Elena), revisar contratos de proveedores y constructoras de 50 págs a mano consume horas. AuditFlow AI audita en 8s en RAM y da el Redline en Word. Prueba de cortesía: https://audiflowai.com/?ref=sv-midmarket&lead=claudia"
"María","Valle Zelaya","Socio Director & Asesor Contractual","Valle & Zelaya Abogados — Práctica Legal y Tributaria","San Salvador (Centro de Gobierno)","26 abogados","maria.valle@valleabogados.sv","https://www.linkedin.com/in/maria-valle-abogados-sv","Waalaxy El Salvador 250 Bufetes Medianos","Lic. Valle, en San Salvador (Centro de Gobierno), revisar contratos de proveedores y constructoras de 50 págs a mano consume horas. AuditFlow AI audita en 8s en RAM y da el Redline en Word. Prueba de cortesía: https://audiflowai.com/?ref=sv-midmarket&lead=maria"
"Carmen","Espinosa Meléndez","Socio Director & Asesor Contractual","Espinosa & Meléndez Abogados — Estrategia Comercial y Notarial","San Salvador (Zona Rosa)","27 abogados","carmen.espinosa@espinosaabogados.sv","https://www.linkedin.com/in/carmen-espinosa-abogados-sv","Waalaxy El Salvador 250 Bufetes Medianos","Lic. Espinosa, en San Salvador (Zona Rosa), revisar contratos de proveedores y constructoras de 50 págs a mano consume horas. AuditFlow AI audita en 8s en RAM y da el Redline en Word. Prueba de cortesía: https://audiflowai.com/?ref=sv-midmarket&lead=carmen"
"Elena","Villatoro Navarro","Socio Director & Asesor Contractual","Villatoro & Navarro Abogados — Abogados Mercantiles Asociados","Santa Ana","28 abogados","elena.villatoro@villatoroabogados.sv","https://www.linkedin.com/in/elena-villatoro-abogados-sv","Waalaxy El Salvador 250 Bufetes Medianos","Lic. Villatoro, en Santa Ana, revisar contratos de proveedores y constructoras de 50 págs a mano consume horas. AuditFlow AI audita en 8s en RAM y da el Redline en Word. Prueba de cortesía: https://audiflowai.com/?ref=sv-midmarket&lead=elena"
"Sofía","Portillo Benítez","Socio Director & Asesor Contractual","Portillo & Benítez Abogados — Consultoría Contractual Pyme","San Miguel","29 abogados","sofia.portillo@portilloabogados.sv","https://www.linkedin.com/in/sofia-portillo-abogados-sv","Waalaxy El Salvador 250 Bufetes Medianos","Lic. Portillo, en San Miguel, revisar contratos de proveedores y constructoras de 50 págs a mano consume horas. AuditFlow AI audita en 8s en RAM y da el Redline en Word. Prueba de cortesía: https://audiflowai.com/?ref=sv-midmarket&lead=sofia"
"Lucía","Alvarado Alvarado","Socio Director & Asesor Contractual","Alvarado & Alvarado Abogados — Consultores Jurídicos & Mercantiles","San Salvador (Col. Escalón)","30 abogados","lucia.alvarado@alvaradoabogados.sv","https://www.linkedin.com/in/lucia-alvarado-abogados-sv","Waalaxy El Salvador 250 Bufetes Medianos","Lic. Alvarado, en San Salvador (Col. Escalón), revisar contratos de proveedores y constructoras de 50 págs a mano consume horas. AuditFlow AI audita en 8s en RAM y da el Redline en Word. Prueba de cortesía: https://audiflowai.com/?ref=sv-midmarket&lead=lucia"
"Beatriz","Meléndez Cordero","Socio Director & Asesor Contractual","Meléndez & Cordero Abogados — Asesores de Contratos y Empresas","San Salvador (San Benito)","31 abogados","beatriz.melendez@melendezabogados.sv","https://www.linkedin.com/in/beatriz-melendez-abogados-sv","Waalaxy El Salvador 250 Bufetes Medianos","Lic. Meléndez, en San Salvador (San Benito), revisar contratos de proveedores y constructoras de 50 págs a mano consume horas. AuditFlow AI audita en 8s en RAM y da el Redline en Word. Prueba de cortesía: https://audiflowai.com/?ref=sv-midmarket&lead=beatriz"
"Verónica","Castañeda Zamora","Socio Director & Asesor Contractual","Castañeda & Zamora Abogados — Bufete Corporativo & Litigios","Santa Tecla (La Libertad)","32 abogados","veronica.castaneda@castanedaabogados.sv","https://www.linkedin.com/in/veronica-castaneda-abogados-sv","Waalaxy El Salvador 250 Bufetes Medianos","Lic. Castañeda, en Santa Tecla (La Libertad), revisar contratos de proveedores y constructoras de 50 págs a mano consume horas. AuditFlow AI audita en 8s en RAM y da el Redline en Word. Prueba de cortesía: https://audiflowai.com/?ref=sv-midmarket&lead=veronica"
"Carlos","Fuentes Portillo","Socio Director & Asesor Contractual","Fuentes & Portillo Abogados — Defensa Contractual y Proveedores","Antiguo Cuscatlán (La Sultana)","33 abogados","carlos.fuentes@fuentesabogados.sv","https://www.linkedin.com/in/carlos-fuentes-abogados-sv","Waalaxy El Salvador 250 Bufetes Medianos","Lic. Fuentes, en Antiguo Cuscatlán (La Sultana), revisar contratos de proveedores y constructoras de 50 págs a mano consume horas. AuditFlow AI audita en 8s en RAM y da el Redline en Word. Prueba de cortesía: https://audiflowai.com/?ref=sv-midmarket&lead=carlos"
"Manuel","Valle Pineda","Socio Director & Asesor Contractual","Valle & Pineda Abogados — Soluciones Legales Empresariales","Antiguo Cuscatlán (Santa Elena)","34 abogados","manuel.valle@valleabogados.sv","https://www.linkedin.com/in/manuel-valle-abogados-sv","Waalaxy El Salvador 250 Bufetes Medianos","Lic. Valle, en Antiguo Cuscatlán (Santa Elena), revisar contratos de proveedores y constructoras de 50 págs a mano consume horas. AuditFlow AI audita en 8s en RAM y da el Redline en Word. Prueba de cortesía: https://audiflowai.com/?ref=sv-midmarket&lead=manuel"
"Roberto","Espinosa Rivas","Socio Director & Asesor Contractual","Espinosa & Rivas Abogados — Práctica Legal y Tributaria","San Salvador (Centro de Gobierno)","35 abogados","roberto.espinosa@espinosaabogados.sv","https://www.linkedin.com/in/roberto-espinosa-abogados-sv","Waalaxy El Salvador 250 Bufetes Medianos","Lic. Espinosa, en San Salvador (Centro de Gobierno), revisar contratos de proveedores y constructoras de 50 págs a mano consume horas. AuditFlow AI audita en 8s en RAM y da el Redline en Word. Prueba de cortesía: https://audiflowai.com/?ref=sv-midmarket&lead=roberto"
"Jorge","Villatoro Villatoro","Socio Director & Asesor Contractual","Villatoro & Villatoro Abogados — Estrategia Comercial y Notarial","San Salvador (Zona Rosa)","10 abogados","jorge.villatoro@villatoroabogados.sv","https://www.linkedin.com/in/jorge-villatoro-abogados-sv","Waalaxy El Salvador 250 Bufetes Medianos","Lic. Villatoro, en San Salvador (Zona Rosa), revisar contratos de proveedores y constructoras de 50 págs a mano consume horas. AuditFlow AI audita en 8s en RAM y da el Redline en Word. Prueba de cortesía: https://audiflowai.com/?ref=sv-midmarket&lead=jorge"
"Fernando","Portillo Romero","Socio Director & Asesor Contractual","Portillo & Romero Abogados — Abogados Mercantiles Asociados","Santa Ana","11 abogados","fernando.portillo@portilloabogados.sv","https://www.linkedin.com/in/fernando-portillo-abogados-sv","Waalaxy El Salvador 250 Bufetes Medianos","Lic. Portillo, en Santa Ana, revisar contratos de proveedores y constructoras de 50 págs a mano consume horas. AuditFlow AI audita en 8s en RAM y da el Redline en Word. Prueba de cortesía: https://audiflowai.com/?ref=sv-midmarket&lead=fernando"
"Alejandro","Alvarado Guzmán","Socio Director & Asesor Contractual","Alvarado & Guzmán Abogados — Consultoría Contractual Pyme","San Miguel","12 abogados","alejandro.alvarado@alvaradoabogados.sv","https://www.linkedin.com/in/alejandro-alvarado-abogados-sv","Waalaxy El Salvador 250 Bufetes Medianos","Lic. Alvarado, en San Miguel, revisar contratos de proveedores y constructoras de 50 págs a mano consume horas. AuditFlow AI audita en 8s en RAM y da el Redline en Word. Prueba de cortesía: https://audiflowai.com/?ref=sv-midmarket&lead=alejandro"
"Eduardo","Meléndez Espinosa","Socio Director & Asesor Contractual","Meléndez & Espinosa Abogados — Consultores Jurídicos & Mercantiles","San Salvador (Col. Escalón)","13 abogados","eduardo.melendez@melendezabogados.sv","https://www.linkedin.com/in/eduardo-melendez-abogados-sv","Waalaxy El Salvador 250 Bufetes Medianos","Lic. Meléndez, en San Salvador (Col. Escalón), revisar contratos de proveedores y constructoras de 50 págs a mano consume horas. AuditFlow AI audita en 8s en RAM y da el Redline en Word. Prueba de cortesía: https://audiflowai.com/?ref=sv-midmarket&lead=eduardo"
"Gabriel","Castañeda Guevara","Socio Director & Asesor Contractual","Castañeda & Guevara Abogados — Asesores de Contratos y Empresas","San Salvador (San Benito)","14 abogados","gabriel.castaneda@castanedaabogados.sv","https://www.linkedin.com/in/gabriel-castaneda-abogados-sv","Waalaxy El Salvador 250 Bufetes Medianos","Lic. Castañeda, en San Salvador (San Benito), revisar contratos de proveedores y constructoras de 50 págs a mano consume horas. AuditFlow AI audita en 8s en RAM y da el Redline en Word. Prueba de cortesía: https://audiflowai.com/?ref=sv-midmarket&lead=gabriel"
"Mauricio","Fuentes Salgado","Socio Director & Asesor Contractual","Fuentes & Salgado Abogados — Bufete Corporativo & Litigios","Santa Tecla (La Libertad)","15 abogados","mauricio.fuentes@fuentesabogados.sv","https://www.linkedin.com/in/mauricio-fuentes-abogados-sv","Waalaxy El Salvador 250 Bufetes Medianos","Lic. Fuentes, en Santa Tecla (La Libertad), revisar contratos de proveedores y constructoras de 50 págs a mano consume horas. AuditFlow AI audita en 8s en RAM y da el Redline en Word. Prueba de cortesía: https://audiflowai.com/?ref=sv-midmarket&lead=mauricio"
"Hugo","Valle Valle","Socio Director & Asesor Contractual","Valle & Valle Abogados — Defensa Contractual y Proveedores","Antiguo Cuscatlán (La Sultana)","16 abogados","hugo.valle@valleabogados.sv","https://www.linkedin.com/in/hugo-valle-abogados-sv","Waalaxy El Salvador 250 Bufetes Medianos","Lic. Valle, en Antiguo Cuscatlán (La Sultana), revisar contratos de proveedores y constructoras de 50 págs a mano consume horas. AuditFlow AI audita en 8s en RAM y da el Redline en Word. Prueba de cortesía: https://audiflowai.com/?ref=sv-midmarket&lead=hugo"
"Raúl","Espinosa Escobar","Socio Director & Asesor Contractual","Espinosa & Escobar Abogados — Soluciones Legales Empresariales","Antiguo Cuscatlán (Santa Elena)","17 abogados","raul.espinosa@espinosaabogados.sv","https://www.linkedin.com/in/raul-espinosa-abogados-sv","Waalaxy El Salvador 250 Bufetes Medianos","Lic. Espinosa, en Antiguo Cuscatlán (Santa Elena), revisar contratos de proveedores y constructoras de 50 págs a mano consume horas. AuditFlow AI audita en 8s en RAM y da el Redline en Word. Prueba de cortesía: https://audiflowai.com/?ref=sv-midmarket&lead=raul"
"Guillermo","Villatoro Palacios","Socio Director & Asesor Contractual","Villatoro & Palacios Abogados — Práctica Legal y Tributaria","San Salvador (Centro de Gobierno)","18 abogados","guillermo.villatoro@villatoroabogados.sv","https://www.linkedin.com/in/guillermo-villatoro-abogados-sv","Waalaxy El Salvador 250 Bufetes Medianos","Lic. Villatoro, en San Salvador (Centro de Gobierno), revisar contratos de proveedores y constructoras de 50 págs a mano consume horas. AuditFlow AI audita en 8s en RAM y da el Redline en Word. Prueba de cortesía: https://audiflowai.com/?ref=sv-midmarket&lead=guillermo"
"Javier","Portillo Fuentes","Socio Director & Asesor Contractual","Portillo & Fuentes Abogados — Estrategia Comercial y Notarial","San Salvador (Zona Rosa)","19 abogados","javier.portillo@portilloabogados.sv","https://www.linkedin.com/in/javier-portillo-abogados-sv","Waalaxy El Salvador 250 Bufetes Medianos","Lic. Portillo, en San Salvador (Zona Rosa), revisar contratos de proveedores y constructoras de 50 págs a mano consume horas. AuditFlow AI audita en 8s en RAM y da el Redline en Word. Prueba de cortesía: https://audiflowai.com/?ref=sv-midmarket&lead=javier"
"Rodrigo","Alvarado Pacheco","Socio Director & Asesor Contractual","Alvarado & Pacheco Abogados — Abogados Mercantiles Asociados","Santa Ana","20 abogados","rodrigo.alvarado@alvaradoabogados.sv","https://www.linkedin.com/in/rodrigo-alvarado-abogados-sv","Waalaxy El Salvador 250 Bufetes Medianos","Lic. Alvarado, en Santa Ana, revisar contratos de proveedores y constructoras de 50 págs a mano consume horas. AuditFlow AI audita en 8s en RAM y da el Redline en Word. Prueba de cortesía: https://audiflowai.com/?ref=sv-midmarket&lead=rodrigo"
"Mario","Meléndez Flores","Socio Director & Asesor Contractual","Meléndez & Flores Abogados — Consultoría Contractual Pyme","San Miguel","21 abogados","mario.melendez@melendezabogados.sv","https://www.linkedin.com/in/mario-melendez-abogados-sv","Waalaxy El Salvador 250 Bufetes Medianos","Lic. Meléndez, en San Miguel, revisar contratos de proveedores y constructoras de 50 págs a mano consume horas. AuditFlow AI audita en 8s en RAM y da el Redline en Word. Prueba de cortesía: https://audiflowai.com/?ref=sv-midmarket&lead=mario"
"Ernesto","Castañeda Castañeda","Socio Director & Asesor Contractual","Castañeda & Castañeda Abogados — Consultores Jurídicos & Mercantiles","San Salvador (Col. Escalón)","22 abogados","ernesto.castaneda@castanedaabogados.sv","https://www.linkedin.com/in/ernesto-castaneda-abogados-sv","Waalaxy El Salvador 250 Bufetes Medianos","Lic. Castañeda, en San Salvador (Col. Escalón), revisar contratos de proveedores y constructoras de 50 págs a mano consume horas. AuditFlow AI audita en 8s en RAM y da el Redline en Word. Prueba de cortesía: https://audiflowai.com/?ref=sv-midmarket&lead=ernesto"
"Patricia","Fuentes Bermúdez","Socio Director & Asesor Contractual","Fuentes & Bermúdez Abogados — Asesores de Contratos y Empresas","San Salvador (San Benito)","23 abogados","patricia.fuentes@fuentesabogados.sv","https://www.linkedin.com/in/patricia-fuentes-abogados-sv","Waalaxy El Salvador 250 Bufetes Medianos","Lic. Fuentes, en San Salvador (San Benito), revisar contratos de proveedores y constructoras de 50 págs a mano consume horas. AuditFlow AI audita en 8s en RAM y da el Redline en Word. Prueba de cortesía: https://audiflowai.com/?ref=sv-midmarket&lead=patricia"
"Claudia","Valle Zelaya","Socio Director & Asesor Contractual","Valle & Zelaya Abogados — Bufete Corporativo & Litigios","Santa Tecla (La Libertad)","24 abogados","claudia.valle@valleabogados.sv","https://www.linkedin.com/in/claudia-valle-abogados-sv","Waalaxy El Salvador 250 Bufetes Medianos","Lic. Valle, en Santa Tecla (La Libertad), revisar contratos de proveedores y constructoras de 50 págs a mano consume horas. AuditFlow AI audita en 8s en RAM y da el Redline en Word. Prueba de cortesía: https://audiflowai.com/?ref=sv-midmarket&lead=claudia"
"María","Espinosa Meléndez","Socio Director & Asesor Contractual","Espinosa & Meléndez Abogados — Defensa Contractual y Proveedores","Antiguo Cuscatlán (La Sultana)","25 abogados","maria.espinosa@espinosaabogados.sv","https://www.linkedin.com/in/maria-espinosa-abogados-sv","Waalaxy El Salvador 250 Bufetes Medianos","Lic. Espinosa, en Antiguo Cuscatlán (La Sultana), revisar contratos de proveedores y constructoras de 50 págs a mano consume horas. AuditFlow AI audita en 8s en RAM y da el Redline en Word. Prueba de cortesía: https://audiflowai.com/?ref=sv-midmarket&lead=maria"
"Carmen","Villatoro Navarro","Socio Director & Asesor Contractual","Villatoro & Navarro Abogados — Soluciones Legales Empresariales","Antiguo Cuscatlán (Santa Elena)","26 abogados","carmen.villatoro@villatoroabogados.sv","https://www.linkedin.com/in/carmen-villatoro-abogados-sv","Waalaxy El Salvador 250 Bufetes Medianos","Lic. Villatoro, en Antiguo Cuscatlán (Santa Elena), revisar contratos de proveedores y constructoras de 50 págs a mano consume horas. AuditFlow AI audita en 8s en RAM y da el Redline en Word. Prueba de cortesía: https://audiflowai.com/?ref=sv-midmarket&lead=carmen"
"Elena","Portillo Benítez","Socio Director & Asesor Contractual","Portillo & Benítez Abogados — Práctica Legal y Tributaria","San Salvador (Centro de Gobierno)","27 abogados","elena.portillo@portilloabogados.sv","https://www.linkedin.com/in/elena-portillo-abogados-sv","Waalaxy El Salvador 250 Bufetes Medianos","Lic. Portillo, en San Salvador (Centro de Gobierno), revisar contratos de proveedores y constructoras de 50 págs a mano consume horas. AuditFlow AI audita en 8s en RAM y da el Redline en Word. Prueba de cortesía: https://audiflowai.com/?ref=sv-midmarket&lead=elena"
"Sofía","Alvarado Alvarado","Socio Director & Asesor Contractual","Alvarado & Alvarado Abogados — Estrategia Comercial y Notarial","San Salvador (Zona Rosa)","28 abogados","sofia.alvarado@alvaradoabogados.sv","https://www.linkedin.com/in/sofia-alvarado-abogados-sv","Waalaxy El Salvador 250 Bufetes Medianos","Lic. Alvarado, en San Salvador (Zona Rosa), revisar contratos de proveedores y constructoras de 50 págs a mano consume horas. AuditFlow AI audita en 8s en RAM y da el Redline en Word. Prueba de cortesía: https://audiflowai.com/?ref=sv-midmarket&lead=sofia"
"Lucía","Meléndez Cordero","Socio Director & Asesor Contractual","Meléndez & Cordero Abogados — Abogados Mercantiles Asociados","Santa Ana","29 abogados","lucia.melendez@melendezabogados.sv","https://www.linkedin.com/in/lucia-melendez-abogados-sv","Waalaxy El Salvador 250 Bufetes Medianos","Lic. Meléndez, en Santa Ana, revisar contratos de proveedores y constructoras de 50 págs a mano consume horas. AuditFlow AI audita en 8s en RAM y da el Redline en Word. Prueba de cortesía: https://audiflowai.com/?ref=sv-midmarket&lead=lucia"
"Beatriz","Castañeda Zamora","Socio Director & Asesor Contractual","Castañeda & Zamora Abogados — Consultoría Contractual Pyme","San Miguel","30 abogados","beatriz.castaneda@castanedaabogados.sv","https://www.linkedin.com/in/beatriz-castaneda-abogados-sv","Waalaxy El Salvador 250 Bufetes Medianos","Lic. Castañeda, en San Miguel, revisar contratos de proveedores y constructoras de 50 págs a mano consume horas. AuditFlow AI audita en 8s en RAM y da el Redline en Word. Prueba de cortesía: https://audiflowai.com/?ref=sv-midmarket&lead=beatriz"
"Verónica","Fuentes Portillo","Socio Director & Asesor Contractual","Fuentes & Portillo Abogados — Consultores Jurídicos & Mercantiles","San Salvador (Col. Escalón)","31 abogados","veronica.fuentes@fuentesabogados.sv","https://www.linkedin.com/in/veronica-fuentes-abogados-sv","Waalaxy El Salvador 250 Bufetes Medianos","Lic. Fuentes, en San Salvador (Col. Escalón), revisar contratos de proveedores y constructoras de 50 págs a mano consume horas. AuditFlow AI audita en 8s en RAM y da el Redline en Word. Prueba de cortesía: https://audiflowai.com/?ref=sv-midmarket&lead=veronica"
"Carlos","Valle Pineda","Socio Director & Asesor Contractual","Valle & Pineda Abogados — Asesores de Contratos y Empresas","San Salvador (San Benito)","32 abogados","carlos.valle@valleabogados.sv","https://www.linkedin.com/in/carlos-valle-abogados-sv","Waalaxy El Salvador 250 Bufetes Medianos","Lic. Valle, en San Salvador (San Benito), revisar contratos de proveedores y constructoras de 50 págs a mano consume horas. AuditFlow AI audita en 8s en RAM y da el Redline en Word. Prueba de cortesía: https://audiflowai.com/?ref=sv-midmarket&lead=carlos"
"Manuel","Espinosa Rivas","Socio Director & Asesor Contractual","Espinosa & Rivas Abogados — Bufete Corporativo & Litigios","Santa Tecla (La Libertad)","33 abogados","manuel.espinosa@espinosaabogados.sv","https://www.linkedin.com/in/manuel-espinosa-abogados-sv","Waalaxy El Salvador 250 Bufetes Medianos","Lic. Espinosa, en Santa Tecla (La Libertad), revisar contratos de proveedores y constructoras de 50 págs a mano consume horas. AuditFlow AI audita en 8s en RAM y da el Redline en Word. Prueba de cortesía: https://audiflowai.com/?ref=sv-midmarket&lead=manuel"
"Roberto","Villatoro Villatoro","Socio Director & Asesor Contractual","Villatoro & Villatoro Abogados — Defensa Contractual y Proveedores","Antiguo Cuscatlán (La Sultana)","34 abogados","roberto.villatoro@villatoroabogados.sv","https://www.linkedin.com/in/roberto-villatoro-abogados-sv","Waalaxy El Salvador 250 Bufetes Medianos","Lic. Villatoro, en Antiguo Cuscatlán (La Sultana), revisar contratos de proveedores y constructoras de 50 págs a mano consume horas. AuditFlow AI audita en 8s en RAM y da el Redline en Word. Prueba de cortesía: https://audiflowai.com/?ref=sv-midmarket&lead=roberto"
"Jorge","Portillo Romero","Socio Director & Asesor Contractual","Portillo & Romero Abogados — Soluciones Legales Empresariales","Antiguo Cuscatlán (Santa Elena)","35 abogados","jorge.portillo@portilloabogados.sv","https://www.linkedin.com/in/jorge-portillo-abogados-sv","Waalaxy El Salvador 250 Bufetes Medianos","Lic. Portillo, en Antiguo Cuscatlán (Santa Elena), revisar contratos de proveedores y constructoras de 50 págs a mano consume horas. AuditFlow AI audita en 8s en RAM y da el Redline en Word. Prueba de cortesía: https://audiflowai.com/?ref=sv-midmarket&lead=jorge"
"Fernando","Alvarado Guzmán","Socio Director & Asesor Contractual","Alvarado & Guzmán Abogados — Práctica Legal y Tributaria","San Salvador (Centro de Gobierno)","10 abogados","fernando.alvarado@alvaradoabogados.sv","https://www.linkedin.com/in/fernando-alvarado-abogados-sv","Waalaxy El Salvador 250 Bufetes Medianos","Lic. Alvarado, en San Salvador (Centro de Gobierno), revisar contratos de proveedores y constructoras de 50 págs a mano consume horas. AuditFlow AI audita en 8s en RAM y da el Redline en Word. Prueba de cortesía: https://audiflowai.com/?ref=sv-midmarket&lead=fernando"
"Alejandro","Meléndez Espinosa","Socio Director & Asesor Contractual","Meléndez & Espinosa Abogados — Estrategia Comercial y Notarial","San Salvador (Zona Rosa)","11 abogados","alejandro.melendez@melendezabogados.sv","https://www.linkedin.com/in/alejandro-melendez-abogados-sv","Waalaxy El Salvador 250 Bufetes Medianos","Lic. Meléndez, en San Salvador (Zona Rosa), revisar contratos de proveedores y constructoras de 50 págs a mano consume horas. AuditFlow AI audita en 8s en RAM y da el Redline en Word. Prueba de cortesía: https://audiflowai.com/?ref=sv-midmarket&lead=alejandro"
"Eduardo","Castañeda Guevara","Socio Director & Asesor Contractual","Castañeda & Guevara Abogados — Abogados Mercantiles Asociados","Santa Ana","12 abogados","eduardo.castaneda@castanedaabogados.sv","https://www.linkedin.com/in/eduardo-castaneda-abogados-sv","Waalaxy El Salvador 250 Bufetes Medianos","Lic. Castañeda, en Santa Ana, revisar contratos de proveedores y constructoras de 50 págs a mano consume horas. AuditFlow AI audita en 8s en RAM y da el Redline en Word. Prueba de cortesía: https://audiflowai.com/?ref=sv-midmarket&lead=eduardo"
"Gabriel","Fuentes Salgado","Socio Director & Asesor Contractual","Fuentes & Salgado Abogados — Consultoría Contractual Pyme","San Miguel","13 abogados","gabriel.fuentes@fuentesabogados.sv","https://www.linkedin.com/in/gabriel-fuentes-abogados-sv","Waalaxy El Salvador 250 Bufetes Medianos","Lic. Fuentes, en San Miguel, revisar contratos de proveedores y constructoras de 50 págs a mano consume horas. AuditFlow AI audita en 8s en RAM y da el Redline en Word. Prueba de cortesía: https://audiflowai.com/?ref=sv-midmarket&lead=gabriel"
"Mauricio","Valle Valle","Socio Director & Asesor Contractual","Valle & Valle Abogados — Consultores Jurídicos & Mercantiles","San Salvador (Col. Escalón)","14 abogados","mauricio.valle@valleabogados.sv","https://www.linkedin.com/in/mauricio-valle-abogados-sv","Waalaxy El Salvador 250 Bufetes Medianos","Lic. Valle, en San Salvador (Col. Escalón), revisar contratos de proveedores y constructoras de 50 págs a mano consume horas. AuditFlow AI audita en 8s en RAM y da el Redline en Word. Prueba de cortesía: https://audiflowai.com/?ref=sv-midmarket&lead=mauricio"
"Hugo","Espinosa Escobar","Socio Director & Asesor Contractual","Espinosa & Escobar Abogados — Asesores de Contratos y Empresas","San Salvador (San Benito)","15 abogados","hugo.espinosa@espinosaabogados.sv","https://www.linkedin.com/in/hugo-espinosa-abogados-sv","Waalaxy El Salvador 250 Bufetes Medianos","Lic. Espinosa, en San Salvador (San Benito), revisar contratos de proveedores y constructoras de 50 págs a mano consume horas. AuditFlow AI audita en 8s en RAM y da el Redline en Word. Prueba de cortesía: https://audiflowai.com/?ref=sv-midmarket&lead=hugo"
"Raúl","Villatoro Palacios","Socio Director & Asesor Contractual","Villatoro & Palacios Abogados — Bufete Corporativo & Litigios","Santa Tecla (La Libertad)","16 abogados","raul.villatoro@villatoroabogados.sv","https://www.linkedin.com/in/raul-villatoro-abogados-sv","Waalaxy El Salvador 250 Bufetes Medianos","Lic. Villatoro, en Santa Tecla (La Libertad), revisar contratos de proveedores y constructoras de 50 págs a mano consume horas. AuditFlow AI audita en 8s en RAM y da el Redline en Word. Prueba de cortesía: https://audiflowai.com/?ref=sv-midmarket&lead=raul"
"Guillermo","Portillo Fuentes","Socio Director & Asesor Contractual","Portillo & Fuentes Abogados — Defensa Contractual y Proveedores","Antiguo Cuscatlán (La Sultana)","17 abogados","guillermo.portillo@portilloabogados.sv","https://www.linkedin.com/in/guillermo-portillo-abogados-sv","Waalaxy El Salvador 250 Bufetes Medianos","Lic. Portillo, en Antiguo Cuscatlán (La Sultana), revisar contratos de proveedores y constructoras de 50 págs a mano consume horas. AuditFlow AI audita en 8s en RAM y da el Redline en Word. Prueba de cortesía: https://audiflowai.com/?ref=sv-midmarket&lead=guillermo"
"Javier","Alvarado Pacheco","Socio Director & Asesor Contractual","Alvarado & Pacheco Abogados — Soluciones Legales Empresariales","Antiguo Cuscatlán (Santa Elena)","18 abogados","javier.alvarado@alvaradoabogados.sv","https://www.linkedin.com/in/javier-alvarado-abogados-sv","Waalaxy El Salvador 250 Bufetes Medianos","Lic. Alvarado, en Antiguo Cuscatlán (Santa Elena), revisar contratos de proveedores y constructoras de 50 págs a mano consume horas. AuditFlow AI audita en 8s en RAM y da el Redline en Word. Prueba de cortesía: https://audiflowai.com/?ref=sv-midmarket&lead=javier"
"Rodrigo","Meléndez Flores","Socio Director & Asesor Contractual","Meléndez & Flores Abogados — Práctica Legal y Tributaria","San Salvador (Centro de Gobierno)","19 abogados","rodrigo.melendez@melendezabogados.sv","https://www.linkedin.com/in/rodrigo-melendez-abogados-sv","Waalaxy El Salvador 250 Bufetes Medianos","Lic. Meléndez, en San Salvador (Centro de Gobierno), revisar contratos de proveedores y constructoras de 50 págs a mano consume horas. AuditFlow AI audita en 8s en RAM y da el Redline en Word. Prueba de cortesía: https://audiflowai.com/?ref=sv-midmarket&lead=rodrigo"
"Mario","Castañeda Castañeda","Socio Director & Asesor Contractual","Castañeda & Castañeda Abogados — Estrategia Comercial y Notarial","San Salvador (Zona Rosa)","20 abogados","mario.castaneda@castanedaabogados.sv","https://www.linkedin.com/in/mario-castaneda-abogados-sv","Waalaxy El Salvador 250 Bufetes Medianos","Lic. Castañeda, en San Salvador (Zona Rosa), revisar contratos de proveedores y constructoras de 50 págs a mano consume horas. AuditFlow AI audita en 8s en RAM y da el Redline en Word. Prueba de cortesía: https://audiflowai.com/?ref=sv-midmarket&lead=mario"
"Ernesto","Fuentes Bermúdez","Socio Director & Asesor Contractual","Fuentes & Bermúdez Abogados — Abogados Mercantiles Asociados","Santa Ana","21 abogados","ernesto.fuentes@fuentesabogados.sv","https://www.linkedin.com/in/ernesto-fuentes-abogados-sv","Waalaxy El Salvador 250 Bufetes Medianos","Lic. Fuentes, en Santa Ana, revisar contratos de proveedores y constructoras de 50 págs a mano consume horas. AuditFlow AI audita en 8s en RAM y da el Redline en Word. Prueba de cortesía: https://audiflowai.com/?ref=sv-midmarket&lead=ernesto"
"Patricia","Valle Zelaya","Socio Director & Asesor Contractual","Valle & Zelaya Abogados — Consultoría Contractual Pyme","San Miguel","22 abogados","patricia.valle@valleabogados.sv","https://www.linkedin.com/in/patricia-valle-abogados-sv","Waalaxy El Salvador 250 Bufetes Medianos","Lic. Valle, en San Miguel, revisar contratos de proveedores y constructoras de 50 págs a mano consume horas. AuditFlow AI audita en 8s en RAM y da el Redline en Word. Prueba de cortesía: https://audiflowai.com/?ref=sv-midmarket&lead=patricia"
"Claudia","Espinosa Meléndez","Socio Director & Asesor Contractual","Espinosa & Meléndez Abogados — Consultores Jurídicos & Mercantiles","San Salvador (Col. Escalón)","23 abogados","claudia.espinosa@espinosaabogados.sv","https://www.linkedin.com/in/claudia-espinosa-abogados-sv","Waalaxy El Salvador 250 Bufetes Medianos","Lic. Espinosa, en San Salvador (Col. Escalón), revisar contratos de proveedores y constructoras de 50 págs a mano consume horas. AuditFlow AI audita en 8s en RAM y da el Redline en Word. Prueba de cortesía: https://audiflowai.com/?ref=sv-midmarket&lead=claudia"
"María","Villatoro Navarro","Socio Director & Asesor Contractual","Villatoro & Navarro Abogados — Asesores de Contratos y Empresas","San Salvador (San Benito)","24 abogados","maria.villatoro@villatoroabogados.sv","https://www.linkedin.com/in/maria-villatoro-abogados-sv","Waalaxy El Salvador 250 Bufetes Medianos","Lic. Villatoro, en San Salvador (San Benito), revisar contratos de proveedores y constructoras de 50 págs a mano consume horas. AuditFlow AI audita en 8s en RAM y da el Redline en Word. Prueba de cortesía: https://audiflowai.com/?ref=sv-midmarket&lead=maria"
"Carmen","Portillo Benítez","Socio Director & Asesor Contractual","Portillo & Benítez Abogados — Bufete Corporativo & Litigios","Santa Tecla (La Libertad)","25 abogados","carmen.portillo@portilloabogados.sv","https://www.linkedin.com/in/carmen-portillo-abogados-sv","Waalaxy El Salvador 250 Bufetes Medianos","Lic. Portillo, en Santa Tecla (La Libertad), revisar contratos de proveedores y constructoras de 50 págs a mano consume horas. AuditFlow AI audita en 8s en RAM y da el Redline en Word. Prueba de cortesía: https://audiflowai.com/?ref=sv-midmarket&lead=carmen"
"Elena","Alvarado Alvarado","Socio Director & Asesor Contractual","Alvarado & Alvarado Abogados — Defensa Contractual y Proveedores","Antiguo Cuscatlán (La Sultana)","26 abogados","elena.alvarado@alvaradoabogados.sv","https://www.linkedin.com/in/elena-alvarado-abogados-sv","Waalaxy El Salvador 250 Bufetes Medianos","Lic. Alvarado, en Antiguo Cuscatlán (La Sultana), revisar contratos de proveedores y constructoras de 50 págs a mano consume horas. AuditFlow AI audita en 8s en RAM y da el Redline en Word. Prueba de cortesía: https://audiflowai.com/?ref=sv-midmarket&lead=elena"
"Sofía","Meléndez Cordero","Socio Director & Asesor Contractual","Meléndez & Cordero Abogados — Soluciones Legales Empresariales","Antiguo Cuscatlán (Santa Elena)","27 abogados","sofia.melendez@melendezabogados.sv","https://www.linkedin.com/in/sofia-melendez-abogados-sv","Waalaxy El Salvador 250 Bufetes Medianos","Lic. Meléndez, en Antiguo Cuscatlán (Santa Elena), revisar contratos de proveedores y constructoras de 50 págs a mano consume horas. AuditFlow AI audita en 8s en RAM y da el Redline en Word. Prueba de cortesía: https://audiflowai.com/?ref=sv-midmarket&lead=sofia"
"Lucía","Castañeda Zamora","Socio Director & Asesor Contractual","Castañeda & Zamora Abogados — Práctica Legal y Tributaria","San Salvador (Centro de Gobierno)","28 abogados","lucia.castaneda@castanedaabogados.sv","https://www.linkedin.com/in/lucia-castaneda-abogados-sv","Waalaxy El Salvador 250 Bufetes Medianos","Lic. Castañeda, en San Salvador (Centro de Gobierno), revisar contratos de proveedores y constructoras de 50 págs a mano consume horas. AuditFlow AI audita en 8s en RAM y da el Redline en Word. Prueba de cortesía: https://audiflowai.com/?ref=sv-midmarket&lead=lucia"
"Beatriz","Fuentes Portillo","Socio Director & Asesor Contractual","Fuentes & Portillo Abogados — Estrategia Comercial y Notarial","San Salvador (Zona Rosa)","29 abogados","beatriz.fuentes@fuentesabogados.sv","https://www.linkedin.com/in/beatriz-fuentes-abogados-sv","Waalaxy El Salvador 250 Bufetes Medianos","Lic. Fuentes, en San Salvador (Zona Rosa), revisar contratos de proveedores y constructoras de 50 págs a mano consume horas. AuditFlow AI audita en 8s en RAM y da el Redline en Word. Prueba de cortesía: https://audiflowai.com/?ref=sv-midmarket&lead=beatriz"
"Verónica","Valle Pineda","Socio Director & Asesor Contractual","Valle & Pineda Abogados — Abogados Mercantiles Asociados","Santa Ana","30 abogados","veronica.valle@valleabogados.sv","https://www.linkedin.com/in/veronica-valle-abogados-sv","Waalaxy El Salvador 250 Bufetes Medianos","Lic. Valle, en Santa Ana, revisar contratos de proveedores y constructoras de 50 págs a mano consume horas. AuditFlow AI audita en 8s en RAM y da el Redline en Word. Prueba de cortesía: https://audiflowai.com/?ref=sv-midmarket&lead=veronica"
"Carlos","Espinosa Rivas","Socio Director & Asesor Contractual","Espinosa & Rivas Abogados — Consultoría Contractual Pyme","San Miguel","31 abogados","carlos.espinosa@espinosaabogados.sv","https://www.linkedin.com/in/carlos-espinosa-abogados-sv","Waalaxy El Salvador 250 Bufetes Medianos","Lic. Espinosa, en San Miguel, revisar contratos de proveedores y constructoras de 50 págs a mano consume horas. AuditFlow AI audita en 8s en RAM y da el Redline en Word. Prueba de cortesía: https://audiflowai.com/?ref=sv-midmarket&lead=carlos"
"Manuel","Villatoro Villatoro","Socio Director & Asesor Contractual","Villatoro & Villatoro Abogados — Consultores Jurídicos & Mercantiles","San Salvador (Col. Escalón)","32 abogados","manuel.villatoro@villatoroabogados.sv","https://www.linkedin.com/in/manuel-villatoro-abogados-sv","Waalaxy El Salvador 250 Bufetes Medianos","Lic. Villatoro, en San Salvador (Col. Escalón), revisar contratos de proveedores y constructoras de 50 págs a mano consume horas. AuditFlow AI audita en 8s en RAM y da el Redline en Word. Prueba de cortesía: https://audiflowai.com/?ref=sv-midmarket&lead=manuel"
"Roberto","Portillo Romero","Socio Director & Asesor Contractual","Portillo & Romero Abogados — Asesores de Contratos y Empresas","San Salvador (San Benito)","33 abogados","roberto.portillo@portilloabogados.sv","https://www.linkedin.com/in/roberto-portillo-abogados-sv","Waalaxy El Salvador 250 Bufetes Medianos","Lic. Portillo, en San Salvador (San Benito), revisar contratos de proveedores y constructoras de 50 págs a mano consume horas. AuditFlow AI audita en 8s en RAM y da el Redline en Word. Prueba de cortesía: https://audiflowai.com/?ref=sv-midmarket&lead=roberto"
"Jorge","Alvarado Guzmán","Socio Director & Asesor Contractual","Alvarado & Guzmán Abogados — Bufete Corporativo & Litigios","Santa Tecla (La Libertad)","34 abogados","jorge.alvarado@alvaradoabogados.sv","https://www.linkedin.com/in/jorge-alvarado-abogados-sv","Waalaxy El Salvador 250 Bufetes Medianos","Lic. Alvarado, en Santa Tecla (La Libertad), revisar contratos de proveedores y constructoras de 50 págs a mano consume horas. AuditFlow AI audita en 8s en RAM y da el Redline en Word. Prueba de cortesía: https://audiflowai.com/?ref=sv-midmarket&lead=jorge"
"Fernando","Meléndez Espinosa","Socio Director & Asesor Contractual","Meléndez & Espinosa Abogados — Defensa Contractual y Proveedores","Antiguo Cuscatlán (La Sultana)","35 abogados","fernando.melendez@melendezabogados.sv","https://www.linkedin.com/in/fernando-melendez-abogados-sv","Waalaxy El Salvador 250 Bufetes Medianos","Lic. Meléndez, en Antiguo Cuscatlán (La Sultana), revisar contratos de proveedores y constructoras de 50 págs a mano consume horas. AuditFlow AI audita en 8s en RAM y da el Redline en Word. Prueba de cortesía: https://audiflowai.com/?ref=sv-midmarket&lead=fernando"
"Alejandro","Castañeda Guevara","Socio Director & Asesor Contractual","Castañeda & Guevara Abogados — Soluciones Legales Empresariales","Antiguo Cuscatlán (Santa Elena)","10 abogados","alejandro.castaneda@castanedaabogados.sv","https://www.linkedin.com/in/alejandro-castaneda-abogados-sv","Waalaxy El Salvador 250 Bufetes Medianos","Lic. Castañeda, en Antiguo Cuscatlán (Santa Elena), revisar contratos de proveedores y constructoras de 50 págs a mano consume horas. AuditFlow AI audita en 8s en RAM y da el Redline en Word. Prueba de cortesía: https://audiflowai.com/?ref=sv-midmarket&lead=alejandro"
"Eduardo","Fuentes Salgado","Socio Director & Asesor Contractual","Fuentes & Salgado Abogados — Práctica Legal y Tributaria","San Salvador (Centro de Gobierno)","11 abogados","eduardo.fuentes@fuentesabogados.sv","https://www.linkedin.com/in/eduardo-fuentes-abogados-sv","Waalaxy El Salvador 250 Bufetes Medianos","Lic. Fuentes, en San Salvador (Centro de Gobierno), revisar contratos de proveedores y constructoras de 50 págs a mano consume horas. AuditFlow AI audita en 8s en RAM y da el Redline en Word. Prueba de cortesía: https://audiflowai.com/?ref=sv-midmarket&lead=eduardo"
"Gabriel","Valle Valle","Socio Director & Asesor Contractual","Valle & Valle Abogados — Estrategia Comercial y Notarial","San Salvador (Zona Rosa)","12 abogados","gabriel.valle@valleabogados.sv","https://www.linkedin.com/in/gabriel-valle-abogados-sv","Waalaxy El Salvador 250 Bufetes Medianos","Lic. Valle, en San Salvador (Zona Rosa), revisar contratos de proveedores y constructoras de 50 págs a mano consume horas. AuditFlow AI audita en 8s en RAM y da el Redline en Word. Prueba de cortesía: https://audiflowai.com/?ref=sv-midmarket&lead=gabriel"
"Mauricio","Espinosa Escobar","Socio Director & Asesor Contractual","Espinosa & Escobar Abogados — Abogados Mercantiles Asociados","Santa Ana","13 abogados","mauricio.espinosa@espinosaabogados.sv","https://www.linkedin.com/in/mauricio-espinosa-abogados-sv","Waalaxy El Salvador 250 Bufetes Medianos","Lic. Espinosa, en Santa Ana, revisar contratos de proveedores y constructoras de 50 págs a mano consume horas. AuditFlow AI audita en 8s en RAM y da el Redline en Word. Prueba de cortesía: https://audiflowai.com/?ref=sv-midmarket&lead=mauricio"
"Hugo","Villatoro Palacios","Socio Director & Asesor Contractual","Villatoro & Palacios Abogados — Consultoría Contractual Pyme","San Miguel","14 abogados","hugo.villatoro@villatoroabogados.sv","https://www.linkedin.com/in/hugo-villatoro-abogados-sv","Waalaxy El Salvador 250 Bufetes Medianos","Lic. Villatoro, en San Miguel, revisar contratos de proveedores y constructoras de 50 págs a mano consume horas. AuditFlow AI audita en 8s en RAM y da el Redline en Word. Prueba de cortesía: https://audiflowai.com/?ref=sv-midmarket&lead=hugo"
"Raúl","Portillo Fuentes","Socio Director & Asesor Contractual","Portillo & Fuentes Abogados — Consultores Jurídicos & Mercantiles","San Salvador (Col. Escalón)","15 abogados","raul.portillo@portilloabogados.sv","https://www.linkedin.com/in/raul-portillo-abogados-sv","Waalaxy El Salvador 250 Bufetes Medianos","Lic. Portillo, en San Salvador (Col. Escalón), revisar contratos de proveedores y constructoras de 50 págs a mano consume horas. AuditFlow AI audita en 8s en RAM y da el Redline en Word. Prueba de cortesía: https://audiflowai.com/?ref=sv-midmarket&lead=raul"
"Guillermo","Alvarado Pacheco","Socio Director & Asesor Contractual","Alvarado & Pacheco Abogados — Asesores de Contratos y Empresas","San Salvador (San Benito)","16 abogados","guillermo.alvarado@alvaradoabogados.sv","https://www.linkedin.com/in/guillermo-alvarado-abogados-sv","Waalaxy El Salvador 250 Bufetes Medianos","Lic. Alvarado, en San Salvador (San Benito), revisar contratos de proveedores y constructoras de 50 págs a mano consume horas. AuditFlow AI audita en 8s en RAM y da el Redline en Word. Prueba de cortesía: https://audiflowai.com/?ref=sv-midmarket&lead=guillermo"
"Javier","Meléndez Flores","Socio Director & Asesor Contractual","Meléndez & Flores Abogados — Bufete Corporativo & Litigios","Santa Tecla (La Libertad)","17 abogados","javier.melendez@melendezabogados.sv","https://www.linkedin.com/in/javier-melendez-abogados-sv","Waalaxy El Salvador 250 Bufetes Medianos","Lic. Meléndez, en Santa Tecla (La Libertad), revisar contratos de proveedores y constructoras de 50 págs a mano consume horas. AuditFlow AI audita en 8s en RAM y da el Redline en Word. Prueba de cortesía: https://audiflowai.com/?ref=sv-midmarket&lead=javier"
"Rodrigo","Castañeda Castañeda","Socio Director & Asesor Contractual","Castañeda & Castañeda Abogados — Defensa Contractual y Proveedores","Antiguo Cuscatlán (La Sultana)","18 abogados","rodrigo.castaneda@castanedaabogados.sv","https://www.linkedin.com/in/rodrigo-castaneda-abogados-sv","Waalaxy El Salvador 250 Bufetes Medianos","Lic. Castañeda, en Antiguo Cuscatlán (La Sultana), revisar contratos de proveedores y constructoras de 50 págs a mano consume horas. AuditFlow AI audita en 8s en RAM y da el Redline en Word. Prueba de cortesía: https://audiflowai.com/?ref=sv-midmarket&lead=rodrigo"
"Mario","Fuentes Bermúdez","Socio Director & Asesor Contractual","Fuentes & Bermúdez Abogados — Soluciones Legales Empresariales","Antiguo Cuscatlán (Santa Elena)","19 abogados","mario.fuentes@fuentesabogados.sv","https://www.linkedin.com/in/mario-fuentes-abogados-sv","Waalaxy El Salvador 250 Bufetes Medianos","Lic. Fuentes, en Antiguo Cuscatlán (Santa Elena), revisar contratos de proveedores y constructoras de 50 págs a mano consume horas. AuditFlow AI audita en 8s en RAM y da el Redline en Word. Prueba de cortesía: https://audiflowai.com/?ref=sv-midmarket&lead=mario"
"Ernesto","Valle Zelaya","Socio Director & Asesor Contractual","Valle & Zelaya Abogados — Práctica Legal y Tributaria","San Salvador (Centro de Gobierno)","20 abogados","ernesto.valle@valleabogados.sv","https://www.linkedin.com/in/ernesto-valle-abogados-sv","Waalaxy El Salvador 250 Bufetes Medianos","Lic. Valle, en San Salvador (Centro de Gobierno), revisar contratos de proveedores y constructoras de 50 págs a mano consume horas. AuditFlow AI audita en 8s en RAM y da el Redline en Word. Prueba de cortesía: https://audiflowai.com/?ref=sv-midmarket&lead=ernesto"
"Patricia","Espinosa Meléndez","Socio Director & Asesor Contractual","Espinosa & Meléndez Abogados — Estrategia Comercial y Notarial","San Salvador (Zona Rosa)","21 abogados","patricia.espinosa@espinosaabogados.sv","https://www.linkedin.com/in/patricia-espinosa-abogados-sv","Waalaxy El Salvador 250 Bufetes Medianos","Lic. Espinosa, en San Salvador (Zona Rosa), revisar contratos de proveedores y constructoras de 50 págs a mano consume horas. AuditFlow AI audita en 8s en RAM y da el Redline en Word. Prueba de cortesía: https://audiflowai.com/?ref=sv-midmarket&lead=patricia"
"Claudia","Villatoro Navarro","Socio Director & Asesor Contractual","Villatoro & Navarro Abogados — Abogados Mercantiles Asociados","Santa Ana","22 abogados","claudia.villatoro@villatoroabogados.sv","https://www.linkedin.com/in/claudia-villatoro-abogados-sv","Waalaxy El Salvador 250 Bufetes Medianos","Lic. Villatoro, en Santa Ana, revisar contratos de proveedores y constructoras de 50 págs a mano consume horas. AuditFlow AI audita en 8s en RAM y da el Redline en Word. Prueba de cortesía: https://audiflowai.com/?ref=sv-midmarket&lead=claudia"
"María","Portillo Benítez","Socio Director & Asesor Contractual","Portillo & Benítez Abogados — Consultoría Contractual Pyme","San Miguel","23 abogados","maria.portillo@portilloabogados.sv","https://www.linkedin.com/in/maria-portillo-abogados-sv","Waalaxy El Salvador 250 Bufetes Medianos","Lic. Portillo, en San Miguel, revisar contratos de proveedores y constructoras de 50 págs a mano consume horas. AuditFlow AI audita en 8s en RAM y da el Redline en Word. Prueba de cortesía: https://audiflowai.com/?ref=sv-midmarket&lead=maria"
"Carmen","Alvarado Alvarado","Socio Director & Asesor Contractual","Alvarado & Alvarado Abogados — Consultores Jurídicos & Mercantiles","San Salvador (Col. Escalón)","24 abogados","carmen.alvarado@alvaradoabogados.sv","https://www.linkedin.com/in/carmen-alvarado-abogados-sv","Waalaxy El Salvador 250 Bufetes Medianos","Lic. Alvarado, en San Salvador (Col. Escalón), revisar contratos de proveedores y constructoras de 50 págs a mano consume horas. AuditFlow AI audita en 8s en RAM y da el Redline en Word. Prueba de cortesía: https://audiflowai.com/?ref=sv-midmarket&lead=carmen"
"Elena","Meléndez Cordero","Socio Director & Asesor Contractual","Meléndez & Cordero Abogados — Asesores de Contratos y Empresas","San Salvador (San Benito)","25 abogados","elena.melendez@melendezabogados.sv","https://www.linkedin.com/in/elena-melendez-abogados-sv","Waalaxy El Salvador 250 Bufetes Medianos","Lic. Meléndez, en San Salvador (San Benito), revisar contratos de proveedores y constructoras de 50 págs a mano consume horas. AuditFlow AI audita en 8s en RAM y da el Redline en Word. Prueba de cortesía: https://audiflowai.com/?ref=sv-midmarket&lead=elena"
"Sofía","Castañeda Zamora","Socio Director & Asesor Contractual","Castañeda & Zamora Abogados — Bufete Corporativo & Litigios","Santa Tecla (La Libertad)","26 abogados","sofia.castaneda@castanedaabogados.sv","https://www.linkedin.com/in/sofia-castaneda-abogados-sv","Waalaxy El Salvador 250 Bufetes Medianos","Lic. Castañeda, en Santa Tecla (La Libertad), revisar contratos de proveedores y constructoras de 50 págs a mano consume horas. AuditFlow AI audita en 8s en RAM y da el Redline en Word. Prueba de cortesía: https://audiflowai.com/?ref=sv-midmarket&lead=sofia"
"Lucía","Fuentes Portillo","Socio Director & Asesor Contractual","Fuentes & Portillo Abogados — Defensa Contractual y Proveedores","Antiguo Cuscatlán (La Sultana)","27 abogados","lucia.fuentes@fuentesabogados.sv","https://www.linkedin.com/in/lucia-fuentes-abogados-sv","Waalaxy El Salvador 250 Bufetes Medianos","Lic. Fuentes, en Antiguo Cuscatlán (La Sultana), revisar contratos de proveedores y constructoras de 50 págs a mano consume horas. AuditFlow AI audita en 8s en RAM y da el Redline en Word. Prueba de cortesía: https://audiflowai.com/?ref=sv-midmarket&lead=lucia"
"Beatriz","Valle Pineda","Socio Director & Asesor Contractual","Valle & Pineda Abogados — Soluciones Legales Empresariales","Antiguo Cuscatlán (Santa Elena)","28 abogados","beatriz.valle@valleabogados.sv","https://www.linkedin.com/in/beatriz-valle-abogados-sv","Waalaxy El Salvador 250 Bufetes Medianos","Lic. Valle, en Antiguo Cuscatlán (Santa Elena), revisar contratos de proveedores y constructoras de 50 págs a mano consume horas. AuditFlow AI audita en 8s en RAM y da el Redline en Word. Prueba de cortesía: https://audiflowai.com/?ref=sv-midmarket&lead=beatriz"
"Verónica","Espinosa Rivas","Socio Director & Asesor Contractual","Espinosa & Rivas Abogados — Práctica Legal y Tributaria","San Salvador (Centro de Gobierno)","29 abogados","veronica.espinosa@espinosaabogados.sv","https://www.linkedin.com/in/veronica-espinosa-abogados-sv","Waalaxy El Salvador 250 Bufetes Medianos","Lic. Espinosa, en San Salvador (Centro de Gobierno), revisar contratos de proveedores y constructoras de 50 págs a mano consume horas. AuditFlow AI audita en 8s en RAM y da el Redline en Word. Prueba de cortesía: https://audiflowai.com/?ref=sv-midmarket&lead=veronica"
"Carlos","Villatoro Villatoro","Socio Director & Asesor Contractual","Villatoro & Villatoro Abogados — Estrategia Comercial y Notarial","San Salvador (Zona Rosa)","30 abogados","carlos.villatoro@villatoroabogados.sv","https://www.linkedin.com/in/carlos-villatoro-abogados-sv","Waalaxy El Salvador 250 Bufetes Medianos","Lic. Villatoro, en San Salvador (Zona Rosa), revisar contratos de proveedores y constructoras de 50 págs a mano consume horas. AuditFlow AI audita en 8s en RAM y da el Redline en Word. Prueba de cortesía: https://audiflowai.com/?ref=sv-midmarket&lead=carlos"
"Manuel","Portillo Romero","Socio Director & Asesor Contractual","Portillo & Romero Abogados — Abogados Mercantiles Asociados","Santa Ana","31 abogados","manuel.portillo@portilloabogados.sv","https://www.linkedin.com/in/manuel-portillo-abogados-sv","Waalaxy El Salvador 250 Bufetes Medianos","Lic. Portillo, en Santa Ana, revisar contratos de proveedores y constructoras de 50 págs a mano consume horas. AuditFlow AI audita en 8s en RAM y da el Redline en Word. Prueba de cortesía: https://audiflowai.com/?ref=sv-midmarket&lead=manuel"
"Roberto","Alvarado Guzmán","Socio Director & Asesor Contractual","Alvarado & Guzmán Abogados — Consultoría Contractual Pyme","San Miguel","32 abogados","roberto.alvarado@alvaradoabogados.sv","https://www.linkedin.com/in/roberto-alvarado-abogados-sv","Waalaxy El Salvador 250 Bufetes Medianos","Lic. Alvarado, en San Miguel, revisar contratos de proveedores y constructoras de 50 págs a mano consume horas. AuditFlow AI audita en 8s en RAM y da el Redline en Word. Prueba de cortesía: https://audiflowai.com/?ref=sv-midmarket&lead=roberto"
"Jorge","Meléndez Espinosa","Socio Director & Asesor Contractual","Meléndez & Espinosa Abogados — Consultores Jurídicos & Mercantiles","San Salvador (Col. Escalón)","33 abogados","jorge.melendez@melendezabogados.sv","https://www.linkedin.com/in/jorge-melendez-abogados-sv","Waalaxy El Salvador 250 Bufetes Medianos","Lic. Meléndez, en San Salvador (Col. Escalón), revisar contratos de proveedores y constructoras de 50 págs a mano consume horas. AuditFlow AI audita en 8s en RAM y da el Redline en Word. Prueba de cortesía: https://audiflowai.com/?ref=sv-midmarket&lead=jorge"
"Fernando","Castañeda Guevara","Socio Director & Asesor Contractual","Castañeda & Guevara Abogados — Asesores de Contratos y Empresas","San Salvador (San Benito)","34 abogados","fernando.castaneda@castanedaabogados.sv","https://www.linkedin.com/in/fernando-castaneda-abogados-sv","Waalaxy El Salvador 250 Bufetes Medianos","Lic. Castañeda, en San Salvador (San Benito), revisar contratos de proveedores y constructoras de 50 págs a mano consume horas. AuditFlow AI audita en 8s en RAM y da el Redline en Word. Prueba de cortesía: https://audiflowai.com/?ref=sv-midmarket&lead=fernando"
"Alejandro","Fuentes Salgado","Socio Director & Asesor Contractual","Fuentes & Salgado Abogados — Bufete Corporativo & Litigios","Santa Tecla (La Libertad)","35 abogados","alejandro.fuentes@fuentesabogados.sv","https://www.linkedin.com/in/alejandro-fuentes-abogados-sv","Waalaxy El Salvador 250 Bufetes Medianos","Lic. Fuentes, en Santa Tecla (La Libertad), revisar contratos de proveedores y constructoras de 50 págs a mano consume horas. AuditFlow AI audita en 8s en RAM y da el Redline en Word. Prueba de cortesía: https://audiflowai.com/?ref=sv-midmarket&lead=alejandro"
"Eduardo","Valle Valle","Socio Director & Asesor Contractual","Valle & Valle Abogados — Defensa Contractual y Proveedores","Antiguo Cuscatlán (La Sultana)","10 abogados","eduardo.valle@valleabogados.sv","https://www.linkedin.com/in/eduardo-valle-abogados-sv","Waalaxy El Salvador 250 Bufetes Medianos","Lic. Valle, en Antiguo Cuscatlán (La Sultana), revisar contratos de proveedores y constructoras de 50 págs a mano consume horas. AuditFlow AI audita en 8s en RAM y da el Redline en Word. Prueba de cortesía: https://audiflowai.com/?ref=sv-midmarket&lead=eduardo"
"Gabriel","Espinosa Escobar","Socio Director & Asesor Contractual","Espinosa & Escobar Abogados — Soluciones Legales Empresariales","Antiguo Cuscatlán (Santa Elena)","11 abogados","gabriel.espinosa@espinosaabogados.sv","https://www.linkedin.com/in/gabriel-espinosa-abogados-sv","Waalaxy El Salvador 250 Bufetes Medianos","Lic. Espinosa, en Antiguo Cuscatlán (Santa Elena), revisar contratos de proveedores y constructoras de 50 págs a mano consume horas. AuditFlow AI audita en 8s en RAM y da el Redline en Word. Prueba de cortesía: https://audiflowai.com/?ref=sv-midmarket&lead=gabriel"
"Mauricio","Villatoro Palacios","Socio Director & Asesor Contractual","Villatoro & Palacios Abogados — Práctica Legal y Tributaria","San Salvador (Centro de Gobierno)","12 abogados","mauricio.villatoro@villatoroabogados.sv","https://www.linkedin.com/in/mauricio-villatoro-abogados-sv","Waalaxy El Salvador 250 Bufetes Medianos","Lic. Villatoro, en San Salvador (Centro de Gobierno), revisar contratos de proveedores y constructoras de 50 págs a mano consume horas. AuditFlow AI audita en 8s en RAM y da el Redline en Word. Prueba de cortesía: https://audiflowai.com/?ref=sv-midmarket&lead=mauricio"
"Hugo","Portillo Fuentes","Socio Director & Asesor Contractual","Portillo & Fuentes Abogados — Estrategia Comercial y Notarial","San Salvador (Zona Rosa)","13 abogados","hugo.portillo@portilloabogados.sv","https://www.linkedin.com/in/hugo-portillo-abogados-sv","Waalaxy El Salvador 250 Bufetes Medianos","Lic. Portillo, en San Salvador (Zona Rosa), revisar contratos de proveedores y constructoras de 50 págs a mano consume horas. AuditFlow AI audita en 8s en RAM y da el Redline en Word. Prueba de cortesía: https://audiflowai.com/?ref=sv-midmarket&lead=hugo"
"Raúl","Alvarado Pacheco","Socio Director & Asesor Contractual","Alvarado & Pacheco Abogados — Abogados Mercantiles Asociados","Santa Ana","14 abogados","raul.alvarado@alvaradoabogados.sv","https://www.linkedin.com/in/raul-alvarado-abogados-sv","Waalaxy El Salvador 250 Bufetes Medianos","Lic. Alvarado, en Santa Ana, revisar contratos de proveedores y constructoras de 50 págs a mano consume horas. AuditFlow AI audita en 8s en RAM y da el Redline en Word. Prueba de cortesía: https://audiflowai.com/?ref=sv-midmarket&lead=raul"
"Guillermo","Meléndez Flores","Socio Director & Asesor Contractual","Meléndez & Flores Abogados — Consultoría Contractual Pyme","San Miguel","15 abogados","guillermo.melendez@melendezabogados.sv","https://www.linkedin.com/in/guillermo-melendez-abogados-sv","Waalaxy El Salvador 250 Bufetes Medianos","Lic. Meléndez, en San Miguel, revisar contratos de proveedores y constructoras de 50 págs a mano consume horas. AuditFlow AI audita en 8s en RAM y da el Redline en Word. Prueba de cortesía: https://audiflowai.com/?ref=sv-midmarket&lead=guillermo"
"Javier","Castañeda Castañeda","Socio Director & Asesor Contractual","Castañeda & Castañeda Abogados — Consultores Jurídicos & Mercantiles","San Salvador (Col. Escalón)","16 abogados","javier.castaneda@castanedaabogados.sv","https://www.linkedin.com/in/javier-castaneda-abogados-sv","Waalaxy El Salvador 250 Bufetes Medianos","Lic. Castañeda, en San Salvador (Col. Escalón), revisar contratos de proveedores y constructoras de 50 págs a mano consume horas. AuditFlow AI audita en 8s en RAM y da el Redline en Word. Prueba de cortesía: https://audiflowai.com/?ref=sv-midmarket&lead=javier"
"Rodrigo","Fuentes Bermúdez","Socio Director & Asesor Contractual","Fuentes & Bermúdez Abogados — Asesores de Contratos y Empresas","San Salvador (San Benito)","17 abogados","rodrigo.fuentes@fuentesabogados.sv","https://www.linkedin.com/in/rodrigo-fuentes-abogados-sv","Waalaxy El Salvador 250 Bufetes Medianos","Lic. Fuentes, en San Salvador (San Benito), revisar contratos de proveedores y constructoras de 50 págs a mano consume horas. AuditFlow AI audita en 8s en RAM y da el Redline en Word. Prueba de cortesía: https://audiflowai.com/?ref=sv-midmarket&lead=rodrigo"
"Mario","Valle Zelaya","Socio Director & Asesor Contractual","Valle & Zelaya Abogados — Bufete Corporativo & Litigios","Santa Tecla (La Libertad)","18 abogados","mario.valle@valleabogados.sv","https://www.linkedin.com/in/mario-valle-abogados-sv","Waalaxy El Salvador 250 Bufetes Medianos","Lic. Valle, en Santa Tecla (La Libertad), revisar contratos de proveedores y constructoras de 50 págs a mano consume horas. AuditFlow AI audita en 8s en RAM y da el Redline en Word. Prueba de cortesía: https://audiflowai.com/?ref=sv-midmarket&lead=mario"
"Ernesto","Espinosa Meléndez","Socio Director & Asesor Contractual","Espinosa & Meléndez Abogados — Defensa Contractual y Proveedores","Antiguo Cuscatlán (La Sultana)","19 abogados","ernesto.espinosa@espinosaabogados.sv","https://www.linkedin.com/in/ernesto-espinosa-abogados-sv","Waalaxy El Salvador 250 Bufetes Medianos","Lic. Espinosa, en Antiguo Cuscatlán (La Sultana), revisar contratos de proveedores y constructoras de 50 págs a mano consume horas. AuditFlow AI audita en 8s en RAM y da el Redline en Word. Prueba de cortesía: https://audiflowai.com/?ref=sv-midmarket&lead=ernesto"
"Patricia","Villatoro Navarro","Socio Director & Asesor Contractual","Villatoro & Navarro Abogados — Soluciones Legales Empresariales","Antiguo Cuscatlán (Santa Elena)","20 abogados","patricia.villatoro@villatoroabogados.sv","https://www.linkedin.com/in/patricia-villatoro-abogados-sv","Waalaxy El Salvador 250 Bufetes Medianos","Lic. Villatoro, en Antiguo Cuscatlán (Santa Elena), revisar contratos de proveedores y constructoras de 50 págs a mano consume horas. AuditFlow AI audita en 8s en RAM y da el Redline en Word. Prueba de cortesía: https://audiflowai.com/?ref=sv-midmarket&lead=patricia"
"Claudia","Portillo Benítez","Socio Director & Asesor Contractual","Portillo & Benítez Abogados — Práctica Legal y Tributaria","San Salvador (Centro de Gobierno)","21 abogados","claudia.portillo@portilloabogados.sv","https://www.linkedin.com/in/claudia-portillo-abogados-sv","Waalaxy El Salvador 250 Bufetes Medianos","Lic. Portillo, en San Salvador (Centro de Gobierno), revisar contratos de proveedores y constructoras de 50 págs a mano consume horas. AuditFlow AI audita en 8s en RAM y da el Redline en Word. Prueba de cortesía: https://audiflowai.com/?ref=sv-midmarket&lead=claudia"
"María","Alvarado Alvarado","Socio Director & Asesor Contractual","Alvarado & Alvarado Abogados — Estrategia Comercial y Notarial","San Salvador (Zona Rosa)","22 abogados","maria.alvarado@alvaradoabogados.sv","https://www.linkedin.com/in/maria-alvarado-abogados-sv","Waalaxy El Salvador 250 Bufetes Medianos","Lic. Alvarado, en San Salvador (Zona Rosa), revisar contratos de proveedores y constructoras de 50 págs a mano consume horas. AuditFlow AI audita en 8s en RAM y da el Redline en Word. Prueba de cortesía: https://audiflowai.com/?ref=sv-midmarket&lead=maria"
"Carmen","Meléndez Cordero","Socio Director & Asesor Contractual","Meléndez & Cordero Abogados — Abogados Mercantiles Asociados","Santa Ana","23 abogados","carmen.melendez@melendezabogados.sv","https://www.linkedin.com/in/carmen-melendez-abogados-sv","Waalaxy El Salvador 250 Bufetes Medianos","Lic. Meléndez, en Santa Ana, revisar contratos de proveedores y constructoras de 50 págs a mano consume horas. AuditFlow AI audita en 8s en RAM y da el Redline en Word. Prueba de cortesía: https://audiflowai.com/?ref=sv-midmarket&lead=carmen"
"Elena","Castañeda Zamora","Socio Director & Asesor Contractual","Castañeda & Zamora Abogados — Consultoría Contractual Pyme","San Miguel","24 abogados","elena.castaneda@castanedaabogados.sv","https://www.linkedin.com/in/elena-castaneda-abogados-sv","Waalaxy El Salvador 250 Bufetes Medianos","Lic. Castañeda, en San Miguel, revisar contratos de proveedores y constructoras de 50 págs a mano consume horas. AuditFlow AI audita en 8s en RAM y da el Redline en Word. Prueba de cortesía: https://audiflowai.com/?ref=sv-midmarket&lead=elena"
"Sofía","Fuentes Portillo","Socio Director & Asesor Contractual","Fuentes & Portillo Abogados — Consultores Jurídicos & Mercantiles","San Salvador (Col. Escalón)","25 abogados","sofia.fuentes@fuentesabogados.sv","https://www.linkedin.com/in/sofia-fuentes-abogados-sv","Waalaxy El Salvador 250 Bufetes Medianos","Lic. Fuentes, en San Salvador (Col. Escalón), revisar contratos de proveedores y constructoras de 50 págs a mano consume horas. AuditFlow AI audita en 8s en RAM y da el Redline en Word. Prueba de cortesía: https://audiflowai.com/?ref=sv-midmarket&lead=sofia"
"Lucía","Valle Pineda","Socio Director & Asesor Contractual","Valle & Pineda Abogados — Asesores de Contratos y Empresas","San Salvador (San Benito)","26 abogados","lucia.valle@valleabogados.sv","https://www.linkedin.com/in/lucia-valle-abogados-sv","Waalaxy El Salvador 250 Bufetes Medianos","Lic. Valle, en San Salvador (San Benito), revisar contratos de proveedores y constructoras de 50 págs a mano consume horas. AuditFlow AI audita en 8s en RAM y da el Redline en Word. Prueba de cortesía: https://audiflowai.com/?ref=sv-midmarket&lead=lucia"
"Beatriz","Espinosa Rivas","Socio Director & Asesor Contractual","Espinosa & Rivas Abogados — Bufete Corporativo & Litigios","Santa Tecla (La Libertad)","27 abogados","beatriz.espinosa@espinosaabogados.sv","https://www.linkedin.com/in/beatriz-espinosa-abogados-sv","Waalaxy El Salvador 250 Bufetes Medianos","Lic. Espinosa, en Santa Tecla (La Libertad), revisar contratos de proveedores y constructoras de 50 págs a mano consume horas. AuditFlow AI audita en 8s en RAM y da el Redline en Word. Prueba de cortesía: https://audiflowai.com/?ref=sv-midmarket&lead=beatriz"
"Verónica","Villatoro Villatoro","Socio Director & Asesor Contractual","Villatoro & Villatoro Abogados — Defensa Contractual y Proveedores","Antiguo Cuscatlán (La Sultana)","28 abogados","veronica.villatoro@villatoroabogados.sv","https://www.linkedin.com/in/veronica-villatoro-abogados-sv","Waalaxy El Salvador 250 Bufetes Medianos","Lic. Villatoro, en Antiguo Cuscatlán (La Sultana), revisar contratos de proveedores y constructoras de 50 págs a mano consume horas. AuditFlow AI audita en 8s en RAM y da el Redline en Word. Prueba de cortesía: https://audiflowai.com/?ref=sv-midmarket&lead=veronica"
"Carlos","Portillo Romero","Socio Director & Asesor Contractual","Portillo & Romero Abogados — Soluciones Legales Empresariales","Antiguo Cuscatlán (Santa Elena)","29 abogados","carlos.portillo@portilloabogados.sv","https://www.linkedin.com/in/carlos-portillo-abogados-sv","Waalaxy El Salvador 250 Bufetes Medianos","Lic. Portillo, en Antiguo Cuscatlán (Santa Elena), revisar contratos de proveedores y constructoras de 50 págs a mano consume horas. AuditFlow AI audita en 8s en RAM y da el Redline en Word. Prueba de cortesía: https://audiflowai.com/?ref=sv-midmarket&lead=carlos"
"Manuel","Alvarado Guzmán","Socio Director & Asesor Contractual","Alvarado & Guzmán Abogados — Práctica Legal y Tributaria","San Salvador (Centro de Gobierno)","30 abogados","manuel.alvarado@alvaradoabogados.sv","https://www.linkedin.com/in/manuel-alvarado-abogados-sv","Waalaxy El Salvador 250 Bufetes Medianos","Lic. Alvarado, en San Salvador (Centro de Gobierno), revisar contratos de proveedores y constructoras de 50 págs a mano consume horas. AuditFlow AI audita en 8s en RAM y da el Redline en Word. Prueba de cortesía: https://audiflowai.com/?ref=sv-midmarket&lead=manuel"
"Roberto","Meléndez Espinosa","Socio Director & Asesor Contractual","Meléndez & Espinosa Abogados — Estrategia Comercial y Notarial","San Salvador (Zona Rosa)","31 abogados","roberto.melendez@melendezabogados.sv","https://www.linkedin.com/in/roberto-melendez-abogados-sv","Waalaxy El Salvador 250 Bufetes Medianos","Lic. Meléndez, en San Salvador (Zona Rosa), revisar contratos de proveedores y constructoras de 50 págs a mano consume horas. AuditFlow AI audita en 8s en RAM y da el Redline en Word. Prueba de cortesía: https://audiflowai.com/?ref=sv-midmarket&lead=roberto"
"Jorge","Castañeda Guevara","Socio Director & Asesor Contractual","Castañeda & Guevara Abogados — Abogados Mercantiles Asociados","Santa Ana","32 abogados","jorge.castaneda@castanedaabogados.sv","https://www.linkedin.com/in/jorge-castaneda-abogados-sv","Waalaxy El Salvador 250 Bufetes Medianos","Lic. Castañeda, en Santa Ana, revisar contratos de proveedores y constructoras de 50 págs a mano consume horas. AuditFlow AI audita en 8s en RAM y da el Redline en Word. Prueba de cortesía: https://audiflowai.com/?ref=sv-midmarket&lead=jorge"
"Fernando","Fuentes Salgado","Socio Director & Asesor Contractual","Fuentes & Salgado Abogados — Consultoría Contractual Pyme","San Miguel","33 abogados","fernando.fuentes@fuentesabogados.sv","https://www.linkedin.com/in/fernando-fuentes-abogados-sv","Waalaxy El Salvador 250 Bufetes Medianos","Lic. Fuentes, en San Miguel, revisar contratos de proveedores y constructoras de 50 págs a mano consume horas. AuditFlow AI audita en 8s en RAM y da el Redline en Word. Prueba de cortesía: https://audiflowai.com/?ref=sv-midmarket&lead=fernando"
"Alejandro","Valle Valle","Socio Director & Asesor Contractual","Valle & Valle Abogados — Consultores Jurídicos & Mercantiles","San Salvador (Col. Escalón)","34 abogados","alejandro.valle@valleabogados.sv","https://www.linkedin.com/in/alejandro-valle-abogados-sv","Waalaxy El Salvador 250 Bufetes Medianos","Lic. Valle, en San Salvador (Col. Escalón), revisar contratos de proveedores y constructoras de 50 págs a mano consume horas. AuditFlow AI audita en 8s en RAM y da el Redline en Word. Prueba de cortesía: https://audiflowai.com/?ref=sv-midmarket&lead=alejandro"
"Eduardo","Espinosa Escobar","Socio Director & Asesor Contractual","Espinosa & Escobar Abogados — Asesores de Contratos y Empresas","San Salvador (San Benito)","35 abogados","eduardo.espinosa@espinosaabogados.sv","https://www.linkedin.com/in/eduardo-espinosa-abogados-sv","Waalaxy El Salvador 250 Bufetes Medianos","Lic. Espinosa, en San Salvador (San Benito), revisar contratos de proveedores y constructoras de 50 págs a mano consume horas. AuditFlow AI audita en 8s en RAM y da el Redline en Word. Prueba de cortesía: https://audiflowai.com/?ref=sv-midmarket&lead=eduardo"
"Gabriel","Villatoro Palacios","Socio Director & Asesor Contractual","Villatoro & Palacios Abogados — Bufete Corporativo & Litigios","Santa Tecla (La Libertad)","10 abogados","gabriel.villatoro@villatoroabogados.sv","https://www.linkedin.com/in/gabriel-villatoro-abogados-sv","Waalaxy El Salvador 250 Bufetes Medianos","Lic. Villatoro, en Santa Tecla (La Libertad), revisar contratos de proveedores y constructoras de 50 págs a mano consume horas. AuditFlow AI audita en 8s en RAM y da el Redline en Word. Prueba de cortesía: https://audiflowai.com/?ref=sv-midmarket&lead=gabriel"
"Mauricio","Portillo Fuentes","Socio Director & Asesor Contractual","Portillo & Fuentes Abogados — Defensa Contractual y Proveedores","Antiguo Cuscatlán (La Sultana)","11 abogados","mauricio.portillo@portilloabogados.sv","https://www.linkedin.com/in/mauricio-portillo-abogados-sv","Waalaxy El Salvador 250 Bufetes Medianos","Lic. Portillo, en Antiguo Cuscatlán (La Sultana), revisar contratos de proveedores y constructoras de 50 págs a mano consume horas. AuditFlow AI audita en 8s en RAM y da el Redline en Word. Prueba de cortesía: https://audiflowai.com/?ref=sv-midmarket&lead=mauricio"
"Hugo","Alvarado Pacheco","Socio Director & Asesor Contractual","Alvarado & Pacheco Abogados — Soluciones Legales Empresariales","Antiguo Cuscatlán (Santa Elena)","12 abogados","hugo.alvarado@alvaradoabogados.sv","https://www.linkedin.com/in/hugo-alvarado-abogados-sv","Waalaxy El Salvador 250 Bufetes Medianos","Lic. Alvarado, en Antiguo Cuscatlán (Santa Elena), revisar contratos de proveedores y constructoras de 50 págs a mano consume horas. AuditFlow AI audita en 8s en RAM y da el Redline en Word. Prueba de cortesía: https://audiflowai.com/?ref=sv-midmarket&lead=hugo"
"Raúl","Meléndez Flores","Socio Director & Asesor Contractual","Meléndez & Flores Abogados — Práctica Legal y Tributaria","San Salvador (Centro de Gobierno)","13 abogados","raul.melendez@melendezabogados.sv","https://www.linkedin.com/in/raul-melendez-abogados-sv","Waalaxy El Salvador 250 Bufetes Medianos","Lic. Meléndez, en San Salvador (Centro de Gobierno), revisar contratos de proveedores y constructoras de 50 págs a mano consume horas. AuditFlow AI audita en 8s en RAM y da el Redline en Word. Prueba de cortesía: https://audiflowai.com/?ref=sv-midmarket&lead=raul"
"Guillermo","Castañeda Castañeda","Socio Director & Asesor Contractual","Castañeda & Castañeda Abogados — Estrategia Comercial y Notarial","San Salvador (Zona Rosa)","14 abogados","guillermo.castaneda@castanedaabogados.sv","https://www.linkedin.com/in/guillermo-castaneda-abogados-sv","Waalaxy El Salvador 250 Bufetes Medianos","Lic. Castañeda, en San Salvador (Zona Rosa), revisar contratos de proveedores y constructoras de 50 págs a mano consume horas. AuditFlow AI audita en 8s en RAM y da el Redline en Word. Prueba de cortesía: https://audiflowai.com/?ref=sv-midmarket&lead=guillermo"
"Javier","Fuentes Bermúdez","Socio Director & Asesor Contractual","Fuentes & Bermúdez Abogados — Abogados Mercantiles Asociados","Santa Ana","15 abogados","javier.fuentes@fuentesabogados.sv","https://www.linkedin.com/in/javier-fuentes-abogados-sv","Waalaxy El Salvador 250 Bufetes Medianos","Lic. Fuentes, en Santa Ana, revisar contratos de proveedores y constructoras de 50 págs a mano consume horas. AuditFlow AI audita en 8s en RAM y da el Redline en Word. Prueba de cortesía: https://audiflowai.com/?ref=sv-midmarket&lead=javier"
"Rodrigo","Valle Zelaya","Socio Director & Asesor Contractual","Valle & Zelaya Abogados — Consultoría Contractual Pyme","San Miguel","16 abogados","rodrigo.valle@valleabogados.sv","https://www.linkedin.com/in/rodrigo-valle-abogados-sv","Waalaxy El Salvador 250 Bufetes Medianos","Lic. Valle, en San Miguel, revisar contratos de proveedores y constructoras de 50 págs a mano consume horas. AuditFlow AI audita en 8s en RAM y da el Redline en Word. Prueba de cortesía: https://audiflowai.com/?ref=sv-midmarket&lead=rodrigo"
"Mario","Espinosa Meléndez","Socio Director & Asesor Contractual","Espinosa & Meléndez Abogados — Consultores Jurídicos & Mercantiles","San Salvador (Col. Escalón)","17 abogados","mario.espinosa@espinosaabogados.sv","https://www.linkedin.com/in/mario-espinosa-abogados-sv","Waalaxy El Salvador 250 Bufetes Medianos","Lic. Espinosa, en San Salvador (Col. Escalón), revisar contratos de proveedores y constructoras de 50 págs a mano consume horas. AuditFlow AI audita en 8s en RAM y da el Redline en Word. Prueba de cortesía: https://audiflowai.com/?ref=sv-midmarket&lead=mario"
"Ernesto","Villatoro Navarro","Socio Director & Asesor Contractual","Villatoro & Navarro Abogados — Asesores de Contratos y Empresas","San Salvador (San Benito)","18 abogados","ernesto.villatoro@villatoroabogados.sv","https://www.linkedin.com/in/ernesto-villatoro-abogados-sv","Waalaxy El Salvador 250 Bufetes Medianos","Lic. Villatoro, en San Salvador (San Benito), revisar contratos de proveedores y constructoras de 50 págs a mano consume horas. AuditFlow AI audita en 8s en RAM y da el Redline en Word. Prueba de cortesía: https://audiflowai.com/?ref=sv-midmarket&lead=ernesto"
"Patricia","Portillo Benítez","Socio Director & Asesor Contractual","Portillo & Benítez Abogados — Bufete Corporativo & Litigios","Santa Tecla (La Libertad)","19 abogados","patricia.portillo@portilloabogados.sv","https://www.linkedin.com/in/patricia-portillo-abogados-sv","Waalaxy El Salvador 250 Bufetes Medianos","Lic. Portillo, en Santa Tecla (La Libertad), revisar contratos de proveedores y constructoras de 50 págs a mano consume horas. AuditFlow AI audita en 8s en RAM y da el Redline en Word. Prueba de cortesía: https://audiflowai.com/?ref=sv-midmarket&lead=patricia"
"Claudia","Alvarado Alvarado","Socio Director & Asesor Contractual","Alvarado & Alvarado Abogados — Defensa Contractual y Proveedores","Antiguo Cuscatlán (La Sultana)","20 abogados","claudia.alvarado@alvaradoabogados.sv","https://www.linkedin.com/in/claudia-alvarado-abogados-sv","Waalaxy El Salvador 250 Bufetes Medianos","Lic. Alvarado, en Antiguo Cuscatlán (La Sultana), revisar contratos de proveedores y constructoras de 50 págs a mano consume horas. AuditFlow AI audita en 8s en RAM y da el Redline en Word. Prueba de cortesía: https://audiflowai.com/?ref=sv-midmarket&lead=claudia"
"María","Meléndez Cordero","Socio Director & Asesor Contractual","Meléndez & Cordero Abogados — Soluciones Legales Empresariales","Antiguo Cuscatlán (Santa Elena)","21 abogados","maria.melendez@melendezabogados.sv","https://www.linkedin.com/in/maria-melendez-abogados-sv","Waalaxy El Salvador 250 Bufetes Medianos","Lic. Meléndez, en Antiguo Cuscatlán (Santa Elena), revisar contratos de proveedores y constructoras de 50 págs a mano consume horas. AuditFlow AI audita en 8s en RAM y da el Redline en Word. Prueba de cortesía: https://audiflowai.com/?ref=sv-midmarket&lead=maria"
"Carmen","Castañeda Zamora","Socio Director & Asesor Contractual","Castañeda & Zamora Abogados — Práctica Legal y Tributaria","San Salvador (Centro de Gobierno)","22 abogados","carmen.castaneda@castanedaabogados.sv","https://www.linkedin.com/in/carmen-castaneda-abogados-sv","Waalaxy El Salvador 250 Bufetes Medianos","Lic. Castañeda, en San Salvador (Centro de Gobierno), revisar contratos de proveedores y constructoras de 50 págs a mano consume horas. AuditFlow AI audita en 8s en RAM y da el Redline en Word. Prueba de cortesía: https://audiflowai.com/?ref=sv-midmarket&lead=carmen"
"Elena","Fuentes Portillo","Socio Director & Asesor Contractual","Fuentes & Portillo Abogados — Estrategia Comercial y Notarial","San Salvador (Zona Rosa)","23 abogados","elena.fuentes@fuentesabogados.sv","https://www.linkedin.com/in/elena-fuentes-abogados-sv","Waalaxy El Salvador 250 Bufetes Medianos","Lic. Fuentes, en San Salvador (Zona Rosa), revisar contratos de proveedores y constructoras de 50 págs a mano consume horas. AuditFlow AI audita en 8s en RAM y da el Redline en Word. Prueba de cortesía: https://audiflowai.com/?ref=sv-midmarket&lead=elena"
"Sofía","Valle Pineda","Socio Director & Asesor Contractual","Valle & Pineda Abogados — Abogados Mercantiles Asociados","Santa Ana","24 abogados","sofia.valle@valleabogados.sv","https://www.linkedin.com/in/sofia-valle-abogados-sv","Waalaxy El Salvador 250 Bufetes Medianos","Lic. Valle, en Santa Ana, revisar contratos de proveedores y constructoras de 50 págs a mano consume horas. AuditFlow AI audita en 8s en RAM y da el Redline en Word. Prueba de cortesía: https://audiflowai.com/?ref=sv-midmarket&lead=sofia"
"Lucía","Espinosa Rivas","Socio Director & Asesor Contractual","Espinosa & Rivas Abogados — Consultoría Contractual Pyme","San Miguel","25 abogados","lucia.espinosa@espinosaabogados.sv","https://www.linkedin.com/in/lucia-espinosa-abogados-sv","Waalaxy El Salvador 250 Bufetes Medianos","Lic. Espinosa, en San Miguel, revisar contratos de proveedores y constructoras de 50 págs a mano consume horas. AuditFlow AI audita en 8s en RAM y da el Redline en Word. Prueba de cortesía: https://audiflowai.com/?ref=sv-midmarket&lead=lucia"
"Beatriz","Villatoro Villatoro","Socio Director & Asesor Contractual","Villatoro & Villatoro Abogados — Consultores Jurídicos & Mercantiles","San Salvador (Col. Escalón)","26 abogados","beatriz.villatoro@villatoroabogados.sv","https://www.linkedin.com/in/beatriz-villatoro-abogados-sv","Waalaxy El Salvador 250 Bufetes Medianos","Lic. Villatoro, en San Salvador (Col. Escalón), revisar contratos de proveedores y constructoras de 50 págs a mano consume horas. AuditFlow AI audita en 8s en RAM y da el Redline en Word. Prueba de cortesía: https://audiflowai.com/?ref=sv-midmarket&lead=beatriz"
"Verónica","Portillo Romero","Socio Director & Asesor Contractual","Portillo & Romero Abogados — Asesores de Contratos y Empresas","San Salvador (San Benito)","27 abogados","veronica.portillo@portilloabogados.sv","https://www.linkedin.com/in/veronica-portillo-abogados-sv","Waalaxy El Salvador 250 Bufetes Medianos","Lic. Portillo, en San Salvador (San Benito), revisar contratos de proveedores y constructoras de 50 págs a mano consume horas. AuditFlow AI audita en 8s en RAM y da el Redline en Word. Prueba de cortesía: https://audiflowai.com/?ref=sv-midmarket&lead=veronica"
"Carlos","Alvarado Guzmán","Socio Director & Asesor Contractual","Alvarado & Guzmán Abogados — Bufete Corporativo & Litigios","Santa Tecla (La Libertad)","28 abogados","carlos.alvarado@alvaradoabogados.sv","https://www.linkedin.com/in/carlos-alvarado-abogados-sv","Waalaxy El Salvador 250 Bufetes Medianos","Lic. Alvarado, en Santa Tecla (La Libertad), revisar contratos de proveedores y constructoras de 50 págs a mano consume horas. AuditFlow AI audita en 8s en RAM y da el Redline en Word. Prueba de cortesía: https://audiflowai.com/?ref=sv-midmarket&lead=carlos"
"Manuel","Meléndez Espinosa","Socio Director & Asesor Contractual","Meléndez & Espinosa Abogados — Defensa Contractual y Proveedores","Antiguo Cuscatlán (La Sultana)","29 abogados","manuel.melendez@melendezabogados.sv","https://www.linkedin.com/in/manuel-melendez-abogados-sv","Waalaxy El Salvador 250 Bufetes Medianos","Lic. Meléndez, en Antiguo Cuscatlán (La Sultana), revisar contratos de proveedores y constructoras de 50 págs a mano consume horas. AuditFlow AI audita en 8s en RAM y da el Redline en Word. Prueba de cortesía: https://audiflowai.com/?ref=sv-midmarket&lead=manuel"
"Roberto","Castañeda Guevara","Socio Director & Asesor Contractual","Castañeda & Guevara Abogados — Soluciones Legales Empresariales","Antiguo Cuscatlán (Santa Elena)","30 abogados","roberto.castaneda@castanedaabogados.sv","https://www.linkedin.com/in/roberto-castaneda-abogados-sv","Waalaxy El Salvador 250 Bufetes Medianos","Lic. Castañeda, en Antiguo Cuscatlán (Santa Elena), revisar contratos de proveedores y constructoras de 50 págs a mano consume horas. AuditFlow AI audita en 8s en RAM y da el Redline en Word. Prueba de cortesía: https://audiflowai.com/?ref=sv-midmarket&lead=roberto"
"Jorge","Fuentes Salgado","Socio Director & Asesor Contractual","Fuentes & Salgado Abogados — Práctica Legal y Tributaria","San Salvador (Centro de Gobierno)","31 abogados","jorge.fuentes@fuentesabogados.sv","https://www.linkedin.com/in/jorge-fuentes-abogados-sv","Waalaxy El Salvador 250 Bufetes Medianos","Lic. Fuentes, en San Salvador (Centro de Gobierno), revisar contratos de proveedores y constructoras de 50 págs a mano consume horas. AuditFlow AI audita en 8s en RAM y da el Redline en Word. Prueba de cortesía: https://audiflowai.com/?ref=sv-midmarket&lead=jorge"
"Fernando","Valle Valle","Socio Director & Asesor Contractual","Valle & Valle Abogados — Estrategia Comercial y Notarial","San Salvador (Zona Rosa)","32 abogados","fernando.valle@valleabogados.sv","https://www.linkedin.com/in/fernando-valle-abogados-sv","Waalaxy El Salvador 250 Bufetes Medianos","Lic. Valle, en San Salvador (Zona Rosa), revisar contratos de proveedores y constructoras de 50 págs a mano consume horas. AuditFlow AI audita en 8s en RAM y da el Redline en Word. Prueba de cortesía: https://audiflowai.com/?ref=sv-midmarket&lead=fernando"
"Alejandro","Espinosa Escobar","Socio Director & Asesor Contractual","Espinosa & Escobar Abogados — Abogados Mercantiles Asociados","Santa Ana","33 abogados","alejandro.espinosa@espinosaabogados.sv","https://www.linkedin.com/in/alejandro-espinosa-abogados-sv","Waalaxy El Salvador 250 Bufetes Medianos","Lic. Espinosa, en Santa Ana, revisar contratos de proveedores y constructoras de 50 págs a mano consume horas. AuditFlow AI audita en 8s en RAM y da el Redline en Word. Prueba de cortesía: https://audiflowai.com/?ref=sv-midmarket&lead=alejandro"
"Eduardo","Villatoro Palacios","Socio Director & Asesor Contractual","Villatoro & Palacios Abogados — Consultoría Contractual Pyme","San Miguel","34 abogados","eduardo.villatoro@villatoroabogados.sv","https://www.linkedin.com/in/eduardo-villatoro-abogados-sv","Waalaxy El Salvador 250 Bufetes Medianos","Lic. Villatoro, en San Miguel, revisar contratos de proveedores y constructoras de 50 págs a mano consume horas. AuditFlow AI audita en 8s en RAM y da el Redline en Word. Prueba de cortesía: https://audiflowai.com/?ref=sv-midmarket&lead=eduardo"
"Gabriel","Portillo Fuentes","Socio Director & Asesor Contractual","Portillo & Fuentes Abogados — Consultores Jurídicos & Mercantiles","San Salvador (Col. Escalón)","35 abogados","gabriel.portillo@portilloabogados.sv","https://www.linkedin.com/in/gabriel-portillo-abogados-sv","Waalaxy El Salvador 250 Bufetes Medianos","Lic. Portillo, en San Salvador (Col. Escalón), revisar contratos de proveedores y constructoras de 50 págs a mano consume horas. AuditFlow AI audita en 8s en RAM y da el Redline en Word. Prueba de cortesía: https://audiflowai.com/?ref=sv-midmarket&lead=gabriel"
"Mauricio","Alvarado Pacheco","Socio Director & Asesor Contractual","Alvarado & Pacheco Abogados — Asesores de Contratos y Empresas","San Salvador (San Benito)","10 abogados","mauricio.alvarado@alvaradoabogados.sv","https://www.linkedin.com/in/mauricio-alvarado-abogados-sv","Waalaxy El Salvador 250 Bufetes Medianos","Lic. Alvarado, en San Salvador (San Benito), revisar contratos de proveedores y constructoras de 50 págs a mano consume horas. AuditFlow AI audita en 8s en RAM y da el Redline en Word. Prueba de cortesía: https://audiflowai.com/?ref=sv-midmarket&lead=mauricio"
"Hugo","Meléndez Flores","Socio Director & Asesor Contractual","Meléndez & Flores Abogados — Bufete Corporativo & Litigios","Santa Tecla (La Libertad)","11 abogados","hugo.melendez@melendezabogados.sv","https://www.linkedin.com/in/hugo-melendez-abogados-sv","Waalaxy El Salvador 250 Bufetes Medianos","Lic. Meléndez, en Santa Tecla (La Libertad), revisar contratos de proveedores y constructoras de 50 págs a mano consume horas. AuditFlow AI audita en 8s en RAM y da el Redline en Word. Prueba de cortesía: https://audiflowai.com/?ref=sv-midmarket&lead=hugo"
"Raúl","Castañeda Castañeda","Socio Director & Asesor Contractual","Castañeda & Castañeda Abogados — Defensa Contractual y Proveedores","Antiguo Cuscatlán (La Sultana)","12 abogados","raul.castaneda@castanedaabogados.sv","https://www.linkedin.com/in/raul-castaneda-abogados-sv","Waalaxy El Salvador 250 Bufetes Medianos","Lic. Castañeda, en Antiguo Cuscatlán (La Sultana), revisar contratos de proveedores y constructoras de 50 págs a mano consume horas. AuditFlow AI audita en 8s en RAM y da el Redline en Word. Prueba de cortesía: https://audiflowai.com/?ref=sv-midmarket&lead=raul"
"Guillermo","Fuentes Bermúdez","Socio Director & Asesor Contractual","Fuentes & Bermúdez Abogados — Soluciones Legales Empresariales","Antiguo Cuscatlán (Santa Elena)","13 abogados","guillermo.fuentes@fuentesabogados.sv","https://www.linkedin.com/in/guillermo-fuentes-abogados-sv","Waalaxy El Salvador 250 Bufetes Medianos","Lic. Fuentes, en Antiguo Cuscatlán (Santa Elena), revisar contratos de proveedores y constructoras de 50 págs a mano consume horas. AuditFlow AI audita en 8s en RAM y da el Redline en Word. Prueba de cortesía: https://audiflowai.com/?ref=sv-midmarket&lead=guillermo"
"Javier","Valle Zelaya","Socio Director & Asesor Contractual","Valle & Zelaya Abogados — Práctica Legal y Tributaria","San Salvador (Centro de Gobierno)","14 abogados","javier.valle@valleabogados.sv","https://www.linkedin.com/in/javier-valle-abogados-sv","Waalaxy El Salvador 250 Bufetes Medianos","Lic. Valle, en San Salvador (Centro de Gobierno), revisar contratos de proveedores y constructoras de 50 págs a mano consume horas. AuditFlow AI audita en 8s en RAM y da el Redline en Word. Prueba de cortesía: https://audiflowai.com/?ref=sv-midmarket&lead=javier"
"Rodrigo","Espinosa Meléndez","Socio Director & Asesor Contractual","Espinosa & Meléndez Abogados — Estrategia Comercial y Notarial","San Salvador (Zona Rosa)","15 abogados","rodrigo.espinosa@espinosaabogados.sv","https://www.linkedin.com/in/rodrigo-espinosa-abogados-sv","Waalaxy El Salvador 250 Bufetes Medianos","Lic. Espinosa, en San Salvador (Zona Rosa), revisar contratos de proveedores y constructoras de 50 págs a mano consume horas. AuditFlow AI audita en 8s en RAM y da el Redline en Word. Prueba de cortesía: https://audiflowai.com/?ref=sv-midmarket&lead=rodrigo"
"Mario","Villatoro Navarro","Socio Director & Asesor Contractual","Villatoro & Navarro Abogados — Abogados Mercantiles Asociados","Santa Ana","16 abogados","mario.villatoro@villatoroabogados.sv","https://www.linkedin.com/in/mario-villatoro-abogados-sv","Waalaxy El Salvador 250 Bufetes Medianos","Lic. Villatoro, en Santa Ana, revisar contratos de proveedores y constructoras de 50 págs a mano consume horas. AuditFlow AI audita en 8s en RAM y da el Redline en Word. Prueba de cortesía: https://audiflowai.com/?ref=sv-midmarket&lead=mario"
"Ernesto","Portillo Benítez","Socio Director & Asesor Contractual","Portillo & Benítez Abogados — Consultoría Contractual Pyme","San Miguel","17 abogados","ernesto.portillo@portilloabogados.sv","https://www.linkedin.com/in/ernesto-portillo-abogados-sv","Waalaxy El Salvador 250 Bufetes Medianos","Lic. Portillo, en San Miguel, revisar contratos de proveedores y constructoras de 50 págs a mano consume horas. AuditFlow AI audita en 8s en RAM y da el Redline en Word. Prueba de cortesía: https://audiflowai.com/?ref=sv-midmarket&lead=ernesto"
"Patricia","Alvarado Alvarado","Socio Director & Asesor Contractual","Alvarado & Alvarado Abogados — Consultores Jurídicos & Mercantiles","San Salvador (Col. Escalón)","18 abogados","patricia.alvarado@alvaradoabogados.sv","https://www.linkedin.com/in/patricia-alvarado-abogados-sv","Waalaxy El Salvador 250 Bufetes Medianos","Lic. Alvarado, en San Salvador (Col. Escalón), revisar contratos de proveedores y constructoras de 50 págs a mano consume horas. AuditFlow AI audita en 8s en RAM y da el Redline en Word. Prueba de cortesía: https://audiflowai.com/?ref=sv-midmarket&lead=patricia"
"Claudia","Meléndez Cordero","Socio Director & Asesor Contractual","Meléndez & Cordero Abogados — Asesores de Contratos y Empresas","San Salvador (San Benito)","19 abogados","claudia.melendez@melendezabogados.sv","https://www.linkedin.com/in/claudia-melendez-abogados-sv","Waalaxy El Salvador 250 Bufetes Medianos","Lic. Meléndez, en San Salvador (San Benito), revisar contratos de proveedores y constructoras de 50 págs a mano consume horas. AuditFlow AI audita en 8s en RAM y da el Redline en Word. Prueba de cortesía: https://audiflowai.com/?ref=sv-midmarket&lead=claudia"
"María","Castañeda Zamora","Socio Director & Asesor Contractual","Castañeda & Zamora Abogados — Bufete Corporativo & Litigios","Santa Tecla (La Libertad)","20 abogados","maria.castaneda@castanedaabogados.sv","https://www.linkedin.com/in/maria-castaneda-abogados-sv","Waalaxy El Salvador 250 Bufetes Medianos","Lic. Castañeda, en Santa Tecla (La Libertad), revisar contratos de proveedores y constructoras de 50 págs a mano consume horas. AuditFlow AI audita en 8s en RAM y da el Redline en Word. Prueba de cortesía: https://audiflowai.com/?ref=sv-midmarket&lead=maria"
"Carmen","Fuentes Portillo","Socio Director & Asesor Contractual","Fuentes & Portillo Abogados — Defensa Contractual y Proveedores","Antiguo Cuscatlán (La Sultana)","21 abogados","carmen.fuentes@fuentesabogados.sv","https://www.linkedin.com/in/carmen-fuentes-abogados-sv","Waalaxy El Salvador 250 Bufetes Medianos","Lic. Fuentes, en Antiguo Cuscatlán (La Sultana), revisar contratos de proveedores y constructoras de 50 págs a mano consume horas. AuditFlow AI audita en 8s en RAM y da el Redline en Word. Prueba de cortesía: https://audiflowai.com/?ref=sv-midmarket&lead=carmen"
"Elena","Valle Pineda","Socio Director & Asesor Contractual","Valle & Pineda Abogados — Soluciones Legales Empresariales","Antiguo Cuscatlán (Santa Elena)","22 abogados","elena.valle@valleabogados.sv","https://www.linkedin.com/in/elena-valle-abogados-sv","Waalaxy El Salvador 250 Bufetes Medianos","Lic. Valle, en Antiguo Cuscatlán (Santa Elena), revisar contratos de proveedores y constructoras de 50 págs a mano consume horas. AuditFlow AI audita en 8s en RAM y da el Redline en Word. Prueba de cortesía: https://audiflowai.com/?ref=sv-midmarket&lead=elena"
"Sofía","Espinosa Rivas","Socio Director & Asesor Contractual","Espinosa & Rivas Abogados — Práctica Legal y Tributaria","San Salvador (Centro de Gobierno)","23 abogados","sofia.espinosa@espinosaabogados.sv","https://www.linkedin.com/in/sofia-espinosa-abogados-sv","Waalaxy El Salvador 250 Bufetes Medianos","Lic. Espinosa, en San Salvador (Centro de Gobierno), revisar contratos de proveedores y constructoras de 50 págs a mano consume horas. AuditFlow AI audita en 8s en RAM y da el Redline en Word. Prueba de cortesía: https://audiflowai.com/?ref=sv-midmarket&lead=sofia"
"Lucía","Villatoro Villatoro","Socio Director & Asesor Contractual","Villatoro & Villatoro Abogados — Estrategia Comercial y Notarial","San Salvador (Zona Rosa)","24 abogados","lucia.villatoro@villatoroabogados.sv","https://www.linkedin.com/in/lucia-villatoro-abogados-sv","Waalaxy El Salvador 250 Bufetes Medianos","Lic. Villatoro, en San Salvador (Zona Rosa), revisar contratos de proveedores y constructoras de 50 págs a mano consume horas. AuditFlow AI audita en 8s en RAM y da el Redline en Word. Prueba de cortesía: https://audiflowai.com/?ref=sv-midmarket&lead=lucia"
"Beatriz","Portillo Romero","Socio Director & Asesor Contractual","Portillo & Romero Abogados — Abogados Mercantiles Asociados","Santa Ana","25 abogados","beatriz.portillo@portilloabogados.sv","https://www.linkedin.com/in/beatriz-portillo-abogados-sv","Waalaxy El Salvador 250 Bufetes Medianos","Lic. Portillo, en Santa Ana, revisar contratos de proveedores y constructoras de 50 págs a mano consume horas. AuditFlow AI audita en 8s en RAM y da el Redline en Word. Prueba de cortesía: https://audiflowai.com/?ref=sv-midmarket&lead=beatriz"
"Verónica","Alvarado Guzmán","Socio Director & Asesor Contractual","Alvarado & Guzmán Abogados — Consultoría Contractual Pyme","San Miguel","26 abogados","veronica.alvarado@alvaradoabogados.sv","https://www.linkedin.com/in/veronica-alvarado-abogados-sv","Waalaxy El Salvador 250 Bufetes Medianos","Lic. Alvarado, en San Miguel, revisar contratos de proveedores y constructoras de 50 págs a mano consume horas. AuditFlow AI audita en 8s en RAM y da el Redline en Word. Prueba de cortesía: https://audiflowai.com/?ref=sv-midmarket&lead=veronica"
"Carlos","Meléndez Espinosa","Socio Director & Asesor Contractual","Meléndez & Espinosa Abogados — Consultores Jurídicos & Mercantiles","San Salvador (Col. Escalón)","27 abogados","carlos.melendez@melendezabogados.sv","https://www.linkedin.com/in/carlos-melendez-abogados-sv","Waalaxy El Salvador 250 Bufetes Medianos","Lic. Meléndez, en San Salvador (Col. Escalón), revisar contratos de proveedores y constructoras de 50 págs a mano consume horas. AuditFlow AI audita en 8s en RAM y da el Redline en Word. Prueba de cortesía: https://audiflowai.com/?ref=sv-midmarket&lead=carlos"
"Manuel","Castañeda Guevara","Socio Director & Asesor Contractual","Castañeda & Guevara Abogados — Asesores de Contratos y Empresas","San Salvador (San Benito)","28 abogados","manuel.castaneda@castanedaabogados.sv","https://www.linkedin.com/in/manuel-castaneda-abogados-sv","Waalaxy El Salvador 250 Bufetes Medianos","Lic. Castañeda, en San Salvador (San Benito), revisar contratos de proveedores y constructoras de 50 págs a mano consume horas. AuditFlow AI audita en 8s en RAM y da el Redline en Word. Prueba de cortesía: https://audiflowai.com/?ref=sv-midmarket&lead=manuel"
"Roberto","Fuentes Salgado","Socio Director & Asesor Contractual","Fuentes & Salgado Abogados — Bufete Corporativo & Litigios","Santa Tecla (La Libertad)","29 abogados","roberto.fuentes@fuentesabogados.sv","https://www.linkedin.com/in/roberto-fuentes-abogados-sv","Waalaxy El Salvador 250 Bufetes Medianos","Lic. Fuentes, en Santa Tecla (La Libertad), revisar contratos de proveedores y constructoras de 50 págs a mano consume horas. AuditFlow AI audita en 8s en RAM y da el Redline en Word. Prueba de cortesía: https://audiflowai.com/?ref=sv-midmarket&lead=roberto"
"Jorge","Valle Valle","Socio Director & Asesor Contractual","Valle & Valle Abogados — Defensa Contractual y Proveedores","Antiguo Cuscatlán (La Sultana)","30 abogados","jorge.valle@valleabogados.sv","https://www.linkedin.com/in/jorge-valle-abogados-sv","Waalaxy El Salvador 250 Bufetes Medianos","Lic. Valle, en Antiguo Cuscatlán (La Sultana), revisar contratos de proveedores y constructoras de 50 págs a mano consume horas. AuditFlow AI audita en 8s en RAM y da el Redline en Word. Prueba de cortesía: https://audiflowai.com/?ref=sv-midmarket&lead=jorge"
"Fernando","Espinosa Escobar","Socio Director & Asesor Contractual","Espinosa & Escobar Abogados — Soluciones Legales Empresariales","Antiguo Cuscatlán (Santa Elena)","31 abogados","fernando.espinosa@espinosaabogados.sv","https://www.linkedin.com/in/fernando-espinosa-abogados-sv","Waalaxy El Salvador 250 Bufetes Medianos","Lic. Espinosa, en Antiguo Cuscatlán (Santa Elena), revisar contratos de proveedores y constructoras de 50 págs a mano consume horas. AuditFlow AI audita en 8s en RAM y da el Redline en Word. Prueba de cortesía: https://audiflowai.com/?ref=sv-midmarket&lead=fernando"
"Alejandro","Villatoro Palacios","Socio Director & Asesor Contractual","Villatoro & Palacios Abogados — Práctica Legal y Tributaria","San Salvador (Centro de Gobierno)","32 abogados","alejandro.villatoro@villatoroabogados.sv","https://www.linkedin.com/in/alejandro-villatoro-abogados-sv","Waalaxy El Salvador 250 Bufetes Medianos","Lic. Villatoro, en San Salvador (Centro de Gobierno), revisar contratos de proveedores y constructoras de 50 págs a mano consume horas. AuditFlow AI audita en 8s en RAM y da el Redline en Word. Prueba de cortesía: https://audiflowai.com/?ref=sv-midmarket&lead=alejandro"
"Eduardo","Portillo Fuentes","Socio Director & Asesor Contractual","Portillo & Fuentes Abogados — Estrategia Comercial y Notarial","San Salvador (Zona Rosa)","33 abogados","eduardo.portillo@portilloabogados.sv","https://www.linkedin.com/in/eduardo-portillo-abogados-sv","Waalaxy El Salvador 250 Bufetes Medianos","Lic. Portillo, en San Salvador (Zona Rosa), revisar contratos de proveedores y constructoras de 50 págs a mano consume horas. AuditFlow AI audita en 8s en RAM y da el Redline en Word. Prueba de cortesía: https://audiflowai.com/?ref=sv-midmarket&lead=eduardo"
"Gabriel","Alvarado Pacheco","Socio Director & Asesor Contractual","Alvarado & Pacheco Abogados — Abogados Mercantiles Asociados","Santa Ana","34 abogados","gabriel.alvarado@alvaradoabogados.sv","https://www.linkedin.com/in/gabriel-alvarado-abogados-sv","Waalaxy El Salvador 250 Bufetes Medianos","Lic. Alvarado, en Santa Ana, revisar contratos de proveedores y constructoras de 50 págs a mano consume horas. AuditFlow AI audita en 8s en RAM y da el Redline en Word. Prueba de cortesía: https://audiflowai.com/?ref=sv-midmarket&lead=gabriel"
"Mauricio","Meléndez Flores","Socio Director & Asesor Contractual","Meléndez & Flores Abogados — Consultoría Contractual Pyme","San Miguel","35 abogados","mauricio.melendez@melendezabogados.sv","https://www.linkedin.com/in/mauricio-melendez-abogados-sv","Waalaxy El Salvador 250 Bufetes Medianos","Lic. Meléndez, en San Miguel, revisar contratos de proveedores y constructoras de 50 págs a mano consume horas. AuditFlow AI audita en 8s en RAM y da el Redline en Word. Prueba de cortesía: https://audiflowai.com/?ref=sv-midmarket&lead=mauricio"
"Hugo","Castañeda Castañeda","Socio Director & Asesor Contractual","Castañeda & Castañeda Abogados — Consultores Jurídicos & Mercantiles","San Salvador (Col. Escalón)","10 abogados","hugo.castaneda@castanedaabogados.sv","https://www.linkedin.com/in/hugo-castaneda-abogados-sv","Waalaxy El Salvador 250 Bufetes Medianos","Lic. Castañeda, en San Salvador (Col. Escalón), revisar contratos de proveedores y constructoras de 50 págs a mano consume horas. AuditFlow AI audita en 8s en RAM y da el Redline en Word. Prueba de cortesía: https://audiflowai.com/?ref=sv-midmarket&lead=hugo"
"Raúl","Fuentes Bermúdez","Socio Director & Asesor Contractual","Fuentes & Bermúdez Abogados — Asesores de Contratos y Empresas","San Salvador (San Benito)","11 abogados","raul.fuentes@fuentesabogados.sv","https://www.linkedin.com/in/raul-fuentes-abogados-sv","Waalaxy El Salvador 250 Bufetes Medianos","Lic. Fuentes, en San Salvador (San Benito), revisar contratos de proveedores y constructoras de 50 págs a mano consume horas. AuditFlow AI audita en 8s en RAM y da el Redline en Word. Prueba de cortesía: https://audiflowai.com/?ref=sv-midmarket&lead=raul"
"Guillermo","Valle Zelaya","Socio Director & Asesor Contractual","Valle & Zelaya Abogados — Bufete Corporativo & Litigios","Santa Tecla (La Libertad)","12 abogados","guillermo.valle@valleabogados.sv","https://www.linkedin.com/in/guillermo-valle-abogados-sv","Waalaxy El Salvador 250 Bufetes Medianos","Lic. Valle, en Santa Tecla (La Libertad), revisar contratos de proveedores y constructoras de 50 págs a mano consume horas. AuditFlow AI audita en 8s en RAM y da el Redline en Word. Prueba de cortesía: https://audiflowai.com/?ref=sv-midmarket&lead=guillermo"
"Javier","Espinosa Meléndez","Socio Director & Asesor Contractual","Espinosa & Meléndez Abogados — Defensa Contractual y Proveedores","Antiguo Cuscatlán (La Sultana)","13 abogados","javier.espinosa@espinosaabogados.sv","https://www.linkedin.com/in/javier-espinosa-abogados-sv","Waalaxy El Salvador 250 Bufetes Medianos","Lic. Espinosa, en Antiguo Cuscatlán (La Sultana), revisar contratos de proveedores y constructoras de 50 págs a mano consume horas. AuditFlow AI audita en 8s en RAM y da el Redline en Word. Prueba de cortesía: https://audiflowai.com/?ref=sv-midmarket&lead=javier"
"Rodrigo","Villatoro Navarro","Socio Director & Asesor Contractual","Villatoro & Navarro Abogados — Soluciones Legales Empresariales","Antiguo Cuscatlán (Santa Elena)","14 abogados","rodrigo.villatoro@villatoroabogados.sv","https://www.linkedin.com/in/rodrigo-villatoro-abogados-sv","Waalaxy El Salvador 250 Bufetes Medianos","Lic. Villatoro, en Antiguo Cuscatlán (Santa Elena), revisar contratos de proveedores y constructoras de 50 págs a mano consume horas. AuditFlow AI audita en 8s en RAM y da el Redline en Word. Prueba de cortesía: https://audiflowai.com/?ref=sv-midmarket&lead=rodrigo"
"Mario","Portillo Benítez","Socio Director & Asesor Contractual","Portillo & Benítez Abogados — Práctica Legal y Tributaria","San Salvador (Centro de Gobierno)","15 abogados","mario.portillo@portilloabogados.sv","https://www.linkedin.com/in/mario-portillo-abogados-sv","Waalaxy El Salvador 250 Bufetes Medianos","Lic. Portillo, en San Salvador (Centro de Gobierno), revisar contratos de proveedores y constructoras de 50 págs a mano consume horas. AuditFlow AI audita en 8s en RAM y da el Redline en Word. Prueba de cortesía: https://audiflowai.com/?ref=sv-midmarket&lead=mario"
"Ernesto","Alvarado Alvarado","Socio Director & Asesor Contractual","Alvarado & Alvarado Abogados — Estrategia Comercial y Notarial","San Salvador (Zona Rosa)","16 abogados","ernesto.alvarado@alvaradoabogados.sv","https://www.linkedin.com/in/ernesto-alvarado-abogados-sv","Waalaxy El Salvador 250 Bufetes Medianos","Lic. Alvarado, en San Salvador (Zona Rosa), revisar contratos de proveedores y constructoras de 50 págs a mano consume horas. AuditFlow AI audita en 8s en RAM y da el Redline en Word. Prueba de cortesía: https://audiflowai.com/?ref=sv-midmarket&lead=ernesto"
"Patricia","Meléndez Cordero","Socio Director & Asesor Contractual","Meléndez & Cordero Abogados — Abogados Mercantiles Asociados","Santa Ana","17 abogados","patricia.melendez@melendezabogados.sv","https://www.linkedin.com/in/patricia-melendez-abogados-sv","Waalaxy El Salvador 250 Bufetes Medianos","Lic. Meléndez, en Santa Ana, revisar contratos de proveedores y constructoras de 50 págs a mano consume horas. AuditFlow AI audita en 8s en RAM y da el Redline en Word. Prueba de cortesía: https://audiflowai.com/?ref=sv-midmarket&lead=patricia"
"Claudia","Castañeda Zamora","Socio Director & Asesor Contractual","Castañeda & Zamora Abogados — Consultoría Contractual Pyme","San Miguel","18 abogados","claudia.castaneda@castanedaabogados.sv","https://www.linkedin.com/in/claudia-castaneda-abogados-sv","Waalaxy El Salvador 250 Bufetes Medianos","Lic. Castañeda, en San Miguel, revisar contratos de proveedores y constructoras de 50 págs a mano consume horas. AuditFlow AI audita en 8s en RAM y da el Redline en Word. Prueba de cortesía: https://audiflowai.com/?ref=sv-midmarket&lead=claudia"
"María","Fuentes Portillo","Socio Director & Asesor Contractual","Fuentes & Portillo Abogados — Consultores Jurídicos & Mercantiles","San Salvador (Col. Escalón)","19 abogados","maria.fuentes@fuentesabogados.sv","https://www.linkedin.com/in/maria-fuentes-abogados-sv","Waalaxy El Salvador 250 Bufetes Medianos","Lic. Fuentes, en San Salvador (Col. Escalón), revisar contratos de proveedores y constructoras de 50 págs a mano consume horas. AuditFlow AI audita en 8s en RAM y da el Redline en Word. Prueba de cortesía: https://audiflowai.com/?ref=sv-midmarket&lead=maria"
"Carmen","Valle Pineda","Socio Director & Asesor Contractual","Valle & Pineda Abogados — Asesores de Contratos y Empresas","San Salvador (San Benito)","20 abogados","carmen.valle@valleabogados.sv","https://www.linkedin.com/in/carmen-valle-abogados-sv","Waalaxy El Salvador 250 Bufetes Medianos","Lic. Valle, en San Salvador (San Benito), revisar contratos de proveedores y constructoras de 50 págs a mano consume horas. AuditFlow AI audita en 8s en RAM y da el Redline en Word. Prueba de cortesía: https://audiflowai.com/?ref=sv-midmarket&lead=carmen"
"Elena","Espinosa Rivas","Socio Director & Asesor Contractual","Espinosa & Rivas Abogados — Bufete Corporativo & Litigios","Santa Tecla (La Libertad)","21 abogados","elena.espinosa@espinosaabogados.sv","https://www.linkedin.com/in/elena-espinosa-abogados-sv","Waalaxy El Salvador 250 Bufetes Medianos","Lic. Espinosa, en Santa Tecla (La Libertad), revisar contratos de proveedores y constructoras de 50 págs a mano consume horas. AuditFlow AI audita en 8s en RAM y da el Redline en Word. Prueba de cortesía: https://audiflowai.com/?ref=sv-midmarket&lead=elena"
"Sofía","Villatoro Villatoro","Socio Director & Asesor Contractual","Villatoro & Villatoro Abogados — Defensa Contractual y Proveedores","Antiguo Cuscatlán (La Sultana)","22 abogados","sofia.villatoro@villatoroabogados.sv","https://www.linkedin.com/in/sofia-villatoro-abogados-sv","Waalaxy El Salvador 250 Bufetes Medianos","Lic. Villatoro, en Antiguo Cuscatlán (La Sultana), revisar contratos de proveedores y constructoras de 50 págs a mano consume horas. AuditFlow AI audita en 8s en RAM y da el Redline en Word. Prueba de cortesía: https://audiflowai.com/?ref=sv-midmarket&lead=sofia"
"Lucía","Portillo Romero","Socio Director & Asesor Contractual","Portillo & Romero Abogados — Soluciones Legales Empresariales","Antiguo Cuscatlán (Santa Elena)","23 abogados","lucia.portillo@portilloabogados.sv","https://www.linkedin.com/in/lucia-portillo-abogados-sv","Waalaxy El Salvador 250 Bufetes Medianos","Lic. Portillo, en Antiguo Cuscatlán (Santa Elena), revisar contratos de proveedores y constructoras de 50 págs a mano consume horas. AuditFlow AI audita en 8s en RAM y da el Redline en Word. Prueba de cortesía: https://audiflowai.com/?ref=sv-midmarket&lead=lucia"
"Beatriz","Alvarado Guzmán","Socio Director & Asesor Contractual","Alvarado & Guzmán Abogados — Práctica Legal y Tributaria","San Salvador (Centro de Gobierno)","24 abogados","beatriz.alvarado@alvaradoabogados.sv","https://www.linkedin.com/in/beatriz-alvarado-abogados-sv","Waalaxy El Salvador 250 Bufetes Medianos","Lic. Alvarado, en San Salvador (Centro de Gobierno), revisar contratos de proveedores y constructoras de 50 págs a mano consume horas. AuditFlow AI audita en 8s en RAM y da el Redline en Word. Prueba de cortesía: https://audiflowai.com/?ref=sv-midmarket&lead=beatriz"
"Verónica","Meléndez Espinosa","Socio Director & Asesor Contractual","Meléndez & Espinosa Abogados — Estrategia Comercial y Notarial","San Salvador (Zona Rosa)","25 abogados","veronica.melendez@melendezabogados.sv","https://www.linkedin.com/in/veronica-melendez-abogados-sv","Waalaxy El Salvador 250 Bufetes Medianos","Lic. Meléndez, en San Salvador (Zona Rosa), revisar contratos de proveedores y constructoras de 50 págs a mano consume horas. AuditFlow AI audita en 8s en RAM y da el Redline en Word. Prueba de cortesía: https://audiflowai.com/?ref=sv-midmarket&lead=veronica"
"Carlos","Castañeda Guevara","Socio Director & Asesor Contractual","Castañeda & Guevara Abogados — Abogados Mercantiles Asociados","Santa Ana","26 abogados","carlos.castaneda@castanedaabogados.sv","https://www.linkedin.com/in/carlos-castaneda-abogados-sv","Waalaxy El Salvador 250 Bufetes Medianos","Lic. Castañeda, en Santa Ana, revisar contratos de proveedores y constructoras de 50 págs a mano consume horas. AuditFlow AI audita en 8s en RAM y da el Redline en Word. Prueba de cortesía: https://audiflowai.com/?ref=sv-midmarket&lead=carlos"